data,id_campanha,campanha,canal,objetivo,publico,regiao,dispositivo,impressoes,cliques,leads,conversoes,novos_clientes,investimento,receita_atribuida,orcamento_diario
2025-01-01,GGL-001,Pesquisa Marca,Google Ads,Conversoes,Alta intencao,Nordeste,Desktop,4073,272,45,12,7,773.58,8565.99,952.56
2025-01-01,GGL-002,Pesquisa Generica,Google Ads,Conversoes,Intencao ampla,Sudeste,Mobile,5910,225,34,5,5,911.12,4017.79,1404.35
2025-01-01,GGL-003,Performance Max,Google Ads,Receita,Multicanal,Centro-Oeste,Desktop,12014,328,15,2,2,1111.96,2095.31,1114.07
2025-01-01,MET-001,Remarketing Social,Meta Ads,Conversoes,Visitantes do site,Nordeste,Mobile,15210,432,41,9,3,796.1,7148.75,1041.39
2025-01-01,MET-002,Prospeccao Interesses,Meta Ads,Leads,Interesses,Sudeste,Desktop,15624,252,24,3,3,544.52,2209.62,965.95
2025-01-01,MET-003,Publico Lookalike,Meta Ads,Leads,Semelhantes,Centro-Oeste,Tablet,18803,350,24,7,5,670.81,5165.04,974.16
2025-01-01,LNK-001,Demo B2B,LinkedIn Ads,Leads,Decisores B2B,Sudeste,Mobile,5243,43,4,0,0,428.35,0.0,714.42
2025-01-01,LNK-002,Webinar Executivo,LinkedIn Ads,Leads,Liderancas,Nordeste,Mobile,5292,51,7,1,1,447.07,2028.0,658.89
2025-01-01,TTK-001,Video Descoberta,TikTok Ads,Alcance,Publico jovem,Norte,Desktop,30665,707,34,6,6,755.77,2152.8,991.12
2025-01-01,TTK-002,Criadores e Reviews,TikTok Ads,Conversoes,Engajados,Sul,Desktop,27725,699,43,9,7,1121.01,4873.02,1349.24
2025-01-01,EML-001,Oferta Base Ativa,Email Marketing,Receita,Clientes ativos,Sudeste,Mobile,19684,2687,512,43,4,762.38,22007.76,883.2
2025-01-01,EML-002,Nutricao de Leads,Email Marketing,Conversoes,Leads em nutricao,Sul,Mobile,12129,950,109,9,5,437.58,7237.71,627.6
2025-01-02,GGL-001,Pesquisa Marca,Google Ads,Conversoes,Alta intencao,Sudeste,Desktop,3456,188,20,8,6,490.64,6849.02,952.56
2025-01-02,GGL-002,Pesquisa Generica,Google Ads,Conversoes,Intencao ampla,Norte,Mobile,6017,284,33,10,8,1246.57,9501.99,1404.35
2025-01-02,GGL-003,Performance Max,Google Ads,Receita,Multicanal,Centro-Oeste,Mobile,9941,254,18,5,4,858.32,4282.13,1114.07
2025-01-02,MET-001,Remarketing Social,Meta Ads,Conversoes,Visitantes do site,Sul,Tablet,16310,384,41,16,8,657.27,8985.6,1041.39
2025-01-02,MET-002,Prospeccao Interesses,Meta Ads,Leads,Interesses,Nordeste,Mobile,20481,389,29,5,4,879.72,3405.6,965.95
2025-01-02,MET-003,Publico Lookalike,Meta Ads,Leads,Semelhantes,Centro-Oeste,Mobile,20571,383,32,3,3,701.51,2210.31,974.16
2025-01-02,LNK-001,Demo B2B,LinkedIn Ads,Leads,Decisores B2B,Sul,Mobile,7967,70,4,0,0,715.24,0.0,714.42
2025-01-02,LNK-002,Webinar Executivo,LinkedIn Ads,Leads,Liderancas,Norte,Mobile,5831,66,10,1,1,561.62,2757.41,658.89
2025-01-02,TTK-001,Video Descoberta,TikTok Ads,Alcance,Publico jovem,Sudeste,Mobile,28638,515,15,1,1,584.37,510.26,991.12
2025-01-02,TTK-002,Criadores e Reviews,TikTok Ads,Conversoes,Engajados,Centro-Oeste,Mobile,19880,573,29,5,4,860.74,2276.79,1349.24
2025-01-02,EML-001,Oferta Base Ativa,Email Marketing,Receita,Clientes ativos,Nordeste,Desktop,20280,2070,343,41,7,712.6,31626.95,883.2
2025-01-02,EML-002,Nutricao de Leads,Email Marketing,Conversoes,Leads em nutricao,Nordeste,Mobile,14284,1006,113,11,4,486.28,7117.53,627.6
2025-01-03,GGL-001,Pesquisa Marca,Google Ads,Conversoes,Alta intencao,Sudeste,Mobile,4457,319,49,16,10,813.68,12544.83,952.56
2025-01-03,GGL-002,Pesquisa Generica,Google Ads,Conversoes,Intencao ampla,Sudeste,Mobile,6174,260,30,5,4,1055.83,5213.55,1404.35
2025-01-03,GGL-003,Performance Max,Google Ads,Receita,Multicanal,Sul,Mobile,10430,272,16,3,3,983.24,2802.25,1114.07
2025-01-03,MET-001,Remarketing Social,Meta Ads,Conversoes,Visitantes do site,Nordeste,Mobile,13803,446,38,13,5,774.17,11075.01,1041.39
2025-01-03,MET-002,Prospeccao Interesses,Meta Ads,Leads,Interesses,Norte,Tablet,21108,354,32,8,5,799.39,5116.86,965.95
2025-01-03,MET-003,Publico Lookalike,Meta Ads,Leads,Semelhantes,Sudeste,Mobile,18486,424,34,5,4,885.72,2959.46,974.16
2025-01-03,LNK-001,Demo B2B,LinkedIn Ads,Leads,Decisores B2B,Nordeste,Mobile,7038,88,10,2,1,905.55,6805.63,714.42
2025-01-03,LNK-002,Webinar Executivo,LinkedIn Ads,Leads,Liderancas,Sul,Mobile,4937,44,8,0,0,337.0,0.0,658.89
2025-01-03,TTK-001,Video Descoberta,TikTok Ads,Alcance,Publico jovem,Sudeste,Mobile,37711,867,43,5,5,1017.76,2341.25,991.12
2025-01-03,TTK-002,Criadores e Reviews,TikTok Ads,Conversoes,Engajados,Norte,Tablet,23655,570,40,6,4,890.46,3585.55,1349.24
2025-01-03,EML-001,Oferta Base Ativa,Email Marketing,Receita,Clientes ativos,Nordeste,Mobile,14972,1901,380,63,2,589.54,37457.88,883.2
2025-01-03,EML-002,Nutricao de Leads,Email Marketing,Conversoes,Leads em nutricao,Sudeste,Mobile,13564,1184,146,15,6,489.68,11012.08,627.6
2025-01-04,GGL-001,Pesquisa Marca,Google Ads,Conversoes,Alta intencao,Nordeste,Mobile,2482,156,24,5,3,410.37,4052.82,952.56
2025-01-04,GGL-002,Pesquisa Generica,Google Ads,Conversoes,Intencao ampla,Sudeste,Mobile,4488,178,16,5,3,832.78,4694.4,1404.35
2025-01-04,GGL-003,Performance Max,Google Ads,Receita,Multicanal,Nordeste,Mobile,5637,142,8,1,1,462.68,1031.46,1114.07
2025-01-04,MET-001,Remarketing Social,Meta Ads,Conversoes,Visitantes do site,Sudeste,Mobile,14135,439,59,16,6,744.15,13413.32,1041.39
2025-01-04,MET-002,Prospeccao Interesses,Meta Ads,Leads,Interesses,Norte,Desktop,16185,240,21,2,1,452.74,1671.97,965.95
2025-01-04,MET-003,Publico Lookalike,Meta Ads,Leads,Semelhantes,Nordeste,Mobile,12292,228,22,3,3,469.77,2126.59,974.16
2025-01-04,LNK-001,Demo B2B,LinkedIn Ads,Leads,Decisores B2B,Sudeste,Mobile,5316,41,3,1,1,434.23,3190.79,714.42
2025-01-04,LNK-002,Webinar Executivo,LinkedIn Ads,Leads,Liderancas,Sul,Mobile,4055,57,11,1,1,481.58,2672.06,658.89
2025-01-04,TTK-001,Video Descoberta,TikTok Ads,Alcance,Publico jovem,Norte,Tablet,27499,581,15,1,1,709.6,498.52,991.12
2025-01-04,TTK-002,Criadores e Reviews,TikTok Ads,Conversoes,Engajados,Sudeste,Desktop,23385,656,37,4,4,938.75,2477.23,1349.24
2025-01-04,EML-001,Oferta Base Ativa,Email Marketing,Receita,Clientes ativos,Sudeste,Mobile,15839,1930,369,42,5,609.78,26709.77,883.2
2025-01-04,EML-002,Nutricao de Leads,Email Marketing,Conversoes,Leads em nutricao,Sudeste,Mobile,11158,776,76,9,4,400.76,5102.57,627.6
2025-01-05,GGL-001,Pesquisa Marca,Google Ads,Conversoes,Alta intencao,Sul,Mobile,2835,260,39,19,15,689.74,15412.17,952.56
2025-01-05,GGL-002,Pesquisa Generica,Google Ads,Conversoes,Intencao ampla,Nordeste,Mobile,4781,195,18,3,2,918.14,2452.26,1404.35
2025-01-05,GGL-003,Performance Max,Google Ads,Receita,Multicanal,Nordeste,Mobile,7436,210,12,4,4,715.59,4277.39,1114.07
2025-01-05,MET-001,Remarketing Social,Meta Ads,Conversoes,Visitantes do site,Sudeste,Mobile,14123,400,35,12,4,690.11,7944.01,1041.39
2025-01-05,MET-002,Prospeccao Interesses,Meta Ads,Leads,Interesses,Sudeste,Mobile,16970,311,20,4,3,706.47,2178.82,965.95
2025-01-05,MET-003,Publico Lookalike,Meta Ads,Leads,Semelhantes,Sudeste,Desktop,14671,287,26,3,3,563.26,2137.03,974.16
2025-01-05,LNK-001,Demo B2B,LinkedIn Ads,Leads,Decisores B2B,Sudeste,Desktop,4453,40,3,2,2,405.44,7269.99,714.42
2025-01-05,LNK-002,Webinar Executivo,LinkedIn Ads,Leads,Liderancas,Nordeste,Mobile,3940,27,2,0,0,245.14,0.0,658.89
2025-01-05,TTK-001,Video Descoberta,TikTok Ads,Alcance,Publico jovem,Norte,Mobile,28370,626,26,4,4,730.59,1833.67,991.12
2025-01-05,TTK-002,Criadores e Reviews,TikTok Ads,Conversoes,Engajados,Nordeste,Mobile,23425,554,38,8,6,830.7,4342.72,1349.24
2025-01-05,EML-001,Oferta Base Ativa,Email Marketing,Receita,Clientes ativos,Sudeste,Desktop,17346,1964,346,36,6,643.32,20645.35,883.2
2025-01-05,EML-002,Nutricao de Leads,Email Marketing,Conversoes,Leads em nutricao,Sul,Mobile,10115,734,98,10,7,375.7,7203.98,627.6
2025-01-06,GGL-001,Pesquisa Marca,Google Ads,Conversoes,Alta intencao,Sudeste,Tablet,3336,196,42,15,11,582.94,13868.86,952.56
2025-01-06,GGL-002,Pesquisa Generica,Google Ads,Conversoes,Intencao ampla,Centro-Oeste,Desktop,5902,239,34,7,5,951.57,7003.6,1404.35
2025-01-06,GGL-003,Performance Max,Google Ads,Receita,Multicanal,Sul,Mobile,8330,239,12,0,0,856.45,0.0,1114.07
2025-01-06,MET-001,Remarketing Social,Meta Ads,Conversoes,Visitantes do site,Sudeste,Mobile,14263,441,59,19,6,766.87,11043.42,1041.39
2025-01-06,MET-002,Prospeccao Interesses,Meta Ads,Leads,Interesses,Norte,Mobile,23055,282,24,5,5,638.81,3612.41,965.95
2025-01-06,MET-003,Publico Lookalike,Meta Ads,Leads,Semelhantes,Nordeste,Desktop,18697,397,44,5,5,828.84,3825.29,974.16
2025-01-06,LNK-001,Demo B2B,LinkedIn Ads,Leads,Decisores B2B,Sul,Desktop,5876,38,3,0,0,357.6,0.0,714.42
2025-01-06,LNK-002,Webinar Executivo,LinkedIn Ads,Leads,Liderancas,Sul,Mobile,6352,84,13,3,3,687.89,7920.72,658.89
2025-01-06,TTK-001,Video Descoberta,TikTok Ads,Alcance,Publico jovem,Sul,Mobile,32441,661,17,0,0,746.82,0.0,991.12
2025-01-06,TTK-002,Criadores e Reviews,TikTok Ads,Conversoes,Engajados,Sudeste,Mobile,26353,690,36,3,3,1151.35,1429.12,1349.24
2025-01-06,EML-001,Oferta Base Ativa,Email Marketing,Receita,Clientes ativos,Nordeste,Mobile,19615,2377,413,72,12,730.0,36383.62,883.2
2025-01-06,EML-002,Nutricao de Leads,Email Marketing,Conversoes,Leads em nutricao,Sul,Mobile,13821,972,129,5,4,473.62,2766.77,627.6
2025-01-07,GGL-001,Pesquisa Marca,Google Ads,Conversoes,Alta intencao,Sul,Mobile,3696,254,30,12,8,747.49,9296.23,952.56
2025-01-07,GGL-002,Pesquisa Generica,Google Ads,Conversoes,Intencao ampla,Sul,Desktop,4949,156,20,2,2,699.55,2285.4,1404.35
2025-01-07,GGL-003,Performance Max,Google Ads,Receita,Multicanal,Sudeste,Mobile,8877,244,16,4,2,856.29,4076.48,1114.07
2025-01-07,MET-001,Remarketing Social,Meta Ads,Conversoes,Visitantes do site,Nordeste,Mobile,17729,612,71,20,9,968.08,15092.14,1041.39
2025-01-07,MET-002,Prospeccao Interesses,Meta Ads,Leads,Interesses,Centro-Oeste,Desktop,19621,321,30,5,4,628.08,3478.46,965.95
2025-01-07,MET-003,Publico Lookalike,Meta Ads,Leads,Semelhantes,Nordeste,Mobile,15844,331,30,4,3,655.45,2215.2,974.16
2025-01-07,LNK-001,Demo B2B,LinkedIn Ads,Leads,Decisores B2B,Sul,Mobile,5627,51,5,0,0,515.16,0.0,714.42
2025-01-07,LNK-002,Webinar Executivo,LinkedIn Ads,Leads,Liderancas,Sul,Mobile,4578,65,13,1,1,454.11,3100.01,658.89
2025-01-07,TTK-001,Video Descoberta,TikTok Ads,Alcance,Publico jovem,Sudeste,Mobile,35488,595,32,4,3,661.97,1948.02,991.12
2025-01-07,TTK-002,Criadores e Reviews,TikTok Ads,Conversoes,Engajados,Sudeste,Mobile,20627,486,18,4,2,785.92,2197.52,1349.24
2025-01-07,EML-001,Oferta Base Ativa,Email Marketing,Receita,Clientes ativos,Nordeste,Tablet,15411,1845,347,45,6,592.72,30912.93,883.2
2025-01-07,EML-002,Nutricao de Leads,Email Marketing,Conversoes,Leads em nutricao,Sul,Mobile,16439,1234,155,14,5,552.18,9518.11,627.6
2025-01-08,GGL-001,Pesquisa Marca,Google Ads,Conversoes,Alta intencao,Centro-Oeste,Mobile,4335,350,41,15,11,1018.93,14248.5,952.56
2025-01-08,GGL-002,Pesquisa Generica,Google Ads,Conversoes,Intencao ampla,Sul,Desktop,7167,271,38,3,3,1115.51,2988.64,1404.35
2025-01-08,GGL-003,Performance Max,Google Ads,Receita,Multicanal,Sul,Desktop,10588,269,21,2,2,981.59,2251.48,1114.07
2025-01-08,MET-001,Remarketing Social,Meta Ads,Conversoes,Visitantes do site,Sudeste,Desktop,15408,527,45,10,5,854.51,6589.89,1041.39
2025-01-08,MET-002,Prospeccao Interesses,Meta Ads,Leads,Interesses,Nordeste,Desktop,22798,342,23,7,6,699.31,4741.14,965.95
2025-01-08,MET-003,Publico Lookalike,Meta Ads,Leads,Semelhantes,Centro-Oeste,Mobile,19353,462,32,9,7,976.82,5940.13,974.16
2025-01-08,LNK-001,Demo B2B,LinkedIn Ads,Leads,Decisores B2B,Sudeste,Desktop,5812,65,5,0,0,656.48,0.0,714.42
2025-01-08,LNK-002,Webinar Executivo,LinkedIn Ads,Leads,Liderancas,Sudeste,Mobile,5287,60,6,2,1,509.97,5194.71,658.89
2025-01-08,TTK-001,Video Descoberta,TikTok Ads,Alcance,Publico jovem,Nordeste,Mobile,35435,607,33,3,3,726.55,1269.03,991.12
2025-01-08,TTK-002,Criadores e Reviews,TikTok Ads,Conversoes,Engajados,Sul,Mobile,31223,829,55,6,5,1276.07,2854.11,1349.24
2025-01-08,EML-001,Oferta Base Ativa,Email Marketing,Receita,Clientes ativos,Nordeste,Mobile,17831,2286,568,72,12,685.22,47242.03,883.2
2025-01-08,EML-002,Nutricao de Leads,Email Marketing,Conversoes,Leads em nutricao,Centro-Oeste,Mobile,17822,1718,206,19,6,628.24,13024.78,627.6
2025-01-09,GGL-001,Pesquisa Marca,Google Ads,Conversoes,Alta intencao,Nordeste,Desktop,3278,264,43,14,7,755.93,12623.09,952.56
2025-01-09,GGL-002,Pesquisa Generica,Google Ads,Conversoes,Intencao ampla,Nordeste,Mobile,5215,240,21,8,6,1002.84,7090.22,1404.35
2025-01-09,GGL-003,Performance Max,Google Ads,Receita,Multicanal,Sudeste,Mobile,11160,325,31,12,8,1195.54,10873.13,1114.07
2025-01-09,MET-001,Remarketing Social,Meta Ads,Conversoes,Visitantes do site,Nordeste,Mobile,16876,466,44,11,5,789.47,8689.43,1041.39
2025-01-09,MET-002,Prospeccao Interesses,Meta Ads,Leads,Interesses,Norte,Mobile,23940,339,33,5,5,697.17,3186.24,965.95
2025-01-09,MET-003,Publico Lookalike,Meta Ads,Leads,Semelhantes,Norte,Desktop,16795,362,33,5,5,729.39,2769.0,974.16
2025-01-09,LNK-001,Demo B2B,LinkedIn Ads,Leads,Decisores B2B,Centro-Oeste,Mobile,6589,64,6,1,1,722.88,2966.47,714.42
2025-01-09,LNK-002,Webinar Executivo,LinkedIn Ads,Leads,Liderancas,Sudeste,Mobile,3981,45,1,0,0,378.21,0.0,658.89
2025-01-09,TTK-001,Video Descoberta,TikTok Ads,Alcance,Publico jovem,Nordeste,Mobile,38234,770,25,4,3,804.82,1857.58,991.12
2025-01-09,TTK-002,Criadores e Reviews,TikTok Ads,Conversoes,Engajados,Centro-Oeste,Desktop,21808,498,25,4,3,777.33,1761.89,1349.24
2025-01-09,EML-001,Oferta Base Ativa,Email Marketing,Receita,Clientes ativos,Norte,Mobile,14658,1929,328,38,5,586.06,28350.59,883.2
2025-01-09,EML-002,Nutricao de Leads,Email Marketing,Conversoes,Leads em nutricao,Sul,Mobile,12973,1089,172,13,7,468.36,9545.49,627.6
2025-01-10,GGL-001,Pesquisa Marca,Google Ads,Conversoes,Alta intencao,Sudeste,Mobile,3064,219,28,7,6,578.38,6336.89,952.56
2025-01-10,GGL-002,Pesquisa Generica,Google Ads,Conversoes,Intencao ampla,Nordeste,Desktop,5421,251,22,6,5,1013.1,6983.15,1404.35
2025-01-10,GGL-003,Performance Max,Google Ads,Receita,Multicanal,Sudeste,Desktop,10042,253,21,6,6,879.75,6129.41,1114.07
2025-01-10,MET-001,Remarketing Social,Meta Ads,Conversoes,Visitantes do site,Nordeste,Desktop,17023,548,61,24,12,968.07,15277.65,1041.39
2025-01-10,MET-002,Prospeccao Interesses,Meta Ads,Leads,Interesses,Sudeste,Mobile,23663,352,27,5,5,779.53,3197.39,965.95
2025-01-10,MET-003,Publico Lookalike,Meta Ads,Leads,Semelhantes,Sul,Desktop,17402,357,25,2,2,683.46,1444.31,974.16
2025-01-10,LNK-001,Demo B2B,LinkedIn Ads,Leads,Decisores B2B,Sudeste,Mobile,6084,55,5,2,2,504.96,7004.3,714.42
2025-01-10,LNK-002,Webinar Executivo,LinkedIn Ads,Leads,Liderancas,Sudeste,Mobile,6231,83,11,2,2,777.98,5379.87,658.89
2025-01-10,TTK-001,Video Descoberta,TikTok Ads,Alcance,Publico jovem,Nordeste,Desktop,31227,513,24,3,3,630.11,1361.28,991.12
2025-01-10,TTK-002,Criadores e Reviews,TikTok Ads,Conversoes,Engajados,Sul,Desktop,28040,755,36,4,4,1187.11,2162.13,1349.24
2025-01-10,EML-001,Oferta Base Ativa,Email Marketing,Receita,Clientes ativos,Sudeste,Desktop,21598,2606,478,60,10,792.56,40924.67,883.2
2025-01-10,EML-002,Nutricao de Leads,Email Marketing,Conversoes,Leads em nutricao,Nordeste,Desktop,15732,1400,171,15,9,554.64,10111.22,627.6
2025-01-11,GGL-001,Pesquisa Marca,Google Ads,Conversoes,Alta intencao,Sudeste,Desktop,3123,215,25,5,3,622.08,5277.9,952.56
2025-01-11,GGL-002,Pesquisa Generica,Google Ads,Conversoes,Intencao ampla,Sul,Desktop,4841,252,19,3,3,1082.53,2793.71,1404.35
2025-01-11,GGL-003,Performance Max,Google Ads,Receita,Multicanal,Sudeste,Tablet,5763,158,11,1,1,554.29,896.87,1114.07
2025-01-11,MET-001,Remarketing Social,Meta Ads,Conversoes,Visitantes do site,Sudeste,Mobile,12416,314,20,6,1,563.36,4988.08,1041.39
2025-01-11,MET-002,Prospeccao Interesses,Meta Ads,Leads,Interesses,Sul,Mobile,11082,182,12,3,2,355.78,2340.38,965.95
2025-01-11,MET-003,Publico Lookalike,Meta Ads,Leads,Semelhantes,Sudeste,Desktop,16519,298,28,5,4,607.05,3287.22,974.16
2025-01-11,LNK-001,Demo B2B,LinkedIn Ads,Leads,Decisores B2B,Sudeste,Tablet,5023,48,9,1,1,467.74,3081.26,714.42
2025-01-11,LNK-002,Webinar Executivo,LinkedIn Ads,Leads,Liderancas,Sudeste,Mobile,4976,61,10,3,3,513.53,7960.72,658.89
2025-01-11,TTK-001,Video Descoberta,TikTok Ads,Alcance,Publico jovem,Centro-Oeste,Mobile,23298,473,7,2,2,598.88,841.78,991.12
2025-01-11,TTK-002,Criadores e Reviews,TikTok Ads,Conversoes,Engajados,Sudeste,Mobile,22615,640,35,7,7,980.09,3923.76,1349.24
2025-01-11,EML-001,Oferta Base Ativa,Email Marketing,Receita,Clientes ativos,Sudeste,Mobile,15779,2032,306,34,5,618.78,19975.21,883.2
2025-01-11,EML-002,Nutricao de Leads,Email Marketing,Conversoes,Leads em nutricao,Centro-Oeste,Mobile,12842,1255,145,2,1,482.34,1315.56,627.6
2025-01-12,GGL-001,Pesquisa Marca,Google Ads,Conversoes,Alta intencao,Sudeste,Mobile,3374,263,40,13,6,745.59,13053.18,952.56
2025-01-12,GGL-002,Pesquisa Generica,Google Ads,Conversoes,Intencao ampla,Centro-Oeste,Desktop,4107,179,11,2,2,741.81,2008.56,1404.35
2025-01-12,GGL-003,Performance Max,Google Ads,Receita,Multicanal,Nordeste,Desktop,7860,225,22,5,3,751.45,4535.55,1114.07
2025-01-12,MET-001,Remarketing Social,Meta Ads,Conversoes,Visitantes do site,Sudeste,Desktop,13662,294,41,11,7,513.6,7541.28,1041.39
2025-01-12,MET-002,Prospeccao Interesses,Meta Ads,Leads,Interesses,Centro-Oeste,Desktop,16144,214,17,1,1,437.13,762.32,965.95
2025-01-12,MET-003,Publico Lookalike,Meta Ads,Leads,Semelhantes,Sudeste,Desktop,12420,253,21,5,3,497.34,4170.13,974.16
2025-01-12,LNK-001,Demo B2B,LinkedIn Ads,Leads,Decisores B2B,Sudeste,Mobile,3808,45,1,0,0,418.87,0.0,714.42
2025-01-12,LNK-002,Webinar Executivo,LinkedIn Ads,Leads,Liderancas,Norte,Mobile,4639,46,7,2,2,359.64,5053.86,658.89
2025-01-12,TTK-001,Video Descoberta,TikTok Ads,Alcance,Publico jovem,Sul,Mobile,27155,541,24,4,4,567.89,1989.8,991.12
2025-01-12,TTK-002,Criadores e Reviews,TikTok Ads,Conversoes,Engajados,Sudeste,Mobile,22409,463,25,4,4,705.43,2166.57,1349.24
2025-01-12,EML-001,Oferta Base Ativa,Email Marketing,Receita,Clientes ativos,Norte,Mobile,16505,2026,366,43,4,632.7,29651.69,883.2
2025-01-12,EML-002,Nutricao de Leads,Email Marketing,Conversoes,Leads em nutricao,Sul,Mobile,10527,933,124,15,4,403.84,9975.57,627.6
2025-01-13,GGL-001,Pesquisa Marca,Google Ads,Conversoes,Alta intencao,Sul,Desktop,3936,252,52,12,8,711.9,8573.04,952.56
2025-01-13,GGL-002,Pesquisa Generica,Google Ads,Conversoes,Intencao ampla,Sudeste,Mobile,5503,277,27,8,8,1128.54,8687.64,1404.35
2025-01-13,GGL-003,Performance Max,Google Ads,Receita,Multicanal,Sudeste,Mobile,6727,183,14,0,0,642.76,0.0,1114.07
2025-01-13,MET-001,Remarketing Social,Meta Ads,Conversoes,Visitantes do site,Sul,Mobile,13613,371,47,14,8,607.87,10304.53,1041.39
2025-01-13,MET-002,Prospeccao Interesses,Meta Ads,Leads,Interesses,Sudeste,Mobile,23391,429,29,1,1,977.23,677.72,965.95
2025-01-13,MET-003,Publico Lookalike,Meta Ads,Leads,Semelhantes,Sul,Tablet,19291,419,37,9,8,816.44,6913.84,974.16
2025-01-13,LNK-001,Demo B2B,LinkedIn Ads,Leads,Decisores B2B,Sudeste,Tablet,6853,72,7,0,0,677.71,0.0,714.42
2025-01-13,LNK-002,Webinar Executivo,LinkedIn Ads,Leads,Liderancas,Sudeste,Mobile,5125,78,10,2,2,672.9,4820.67,658.89
2025-01-13,TTK-001,Video Descoberta,TikTok Ads,Alcance,Publico jovem,Sudeste,Mobile,35534,713,30,1,1,796.48,578.11,991.12
2025-01-13,TTK-002,Criadores e Reviews,TikTok Ads,Conversoes,Engajados,Sudeste,Mobile,25565,705,47,6,5,1052.76,3177.05,1349.24
2025-01-13,EML-001,Oferta Base Ativa,Email Marketing,Receita,Clientes ativos,Nordeste,Mobile,14416,1636,314,39,5,551.92,22725.54,883.2
2025-01-13,EML-002,Nutricao de Leads,Email Marketing,Conversoes,Leads em nutricao,Centro-Oeste,Mobile,14628,1300,157,15,4,522.56,10629.64,627.6
2025-01-14,GGL-001,Pesquisa Marca,Google Ads,Conversoes,Alta intencao,Sudeste,Mobile,3014,213,40,14,9,512.5,13131.94,952.56
2025-01-14,GGL-002,Pesquisa Generica,Google Ads,Conversoes,Intencao ampla,Nordeste,Desktop,5676,242,22,4,4,1054.52,3526.32,1404.35
2025-01-14,GGL-003,Performance Max,Google Ads,Receita,Multicanal,Sudeste,Mobile,10616,221,19,3,3,695.89,2658.17,1114.07
2025-01-14,MET-001,Remarketing Social,Meta Ads,Conversoes,Visitantes do site,Sudeste,Desktop,18068,529,56,16,5,942.34,13076.21,1041.39
2025-01-14,MET-002,Prospeccao Interesses,Meta Ads,Leads,Interesses,Sul,Mobile,21228,377,34,7,7,804.92,4764.59,965.95
2025-01-14,MET-003,Publico Lookalike,Meta Ads,Leads,Semelhantes,Nordeste,Mobile,15974,283,29,5,4,566.46,2769.0,974.16
2025-01-14,LNK-001,Demo B2B,LinkedIn Ads,Leads,Decisores B2B,Sul,Mobile,5888,44,7,2,2,416.76,5687.22,714.42
2025-01-14,LNK-002,Webinar Executivo,LinkedIn Ads,Leads,Liderancas,Sudeste,Mobile,4378,56,11,0,0,460.37,0.0,658.89
2025-01-14,TTK-001,Video Descoberta,TikTok Ads,Alcance,Publico jovem,Sudeste,Mobile,26942,622,16,1,1,734.02,371.46,991.12
2025-01-14,TTK-002,Criadores e Reviews,TikTok Ads,Conversoes,Engajados,Norte,Mobile,30629,827,51,4,4,1232.87,2253.64,1349.24
2025-01-14,EML-001,Oferta Base Ativa,Email Marketing,Receita,Clientes ativos,Sudeste,Mobile,15657,1664,296,30,3,579.54,20268.53,883.2
2025-01-14,EML-002,Nutricao de Leads,Email Marketing,Conversoes,Leads em nutricao,Centro-Oeste,Mobile,14016,887,114,11,7,469.02,9081.96,627.6
2025-01-15,GGL-001,Pesquisa Marca,Google Ads,Conversoes,Alta intencao,Nordeste,Mobile,3976,282,53,18,14,732.83,12908.49,952.56
2025-01-15,GGL-002,Pesquisa Generica,Google Ads,Conversoes,Intencao ampla,Sul,Desktop,6657,278,29,12,9,1236.14,13165.56,1404.35
2025-01-15,GGL-003,Performance Max,Google Ads,Receita,Multicanal,Nordeste,Desktop,8692,244,12,2,2,910.97,1637.54,1114.07
2025-01-15,MET-001,Remarketing Social,Meta Ads,Conversoes,Visitantes do site,Sudeste,Mobile,14768,365,37,9,4,662.05,6070.57,1041.39
2025-01-15,MET-002,Prospeccao Interesses,Meta Ads,Leads,Interesses,Sudeste,Mobile,23880,352,21,4,3,774.16,2826.16,965.95
2025-01-15,MET-003,Publico Lookalike,Meta Ads,Leads,Semelhantes,Sudeste,Mobile,21519,448,33,3,3,968.42,2124.34,974.16
2025-01-15,LNK-001,Demo B2B,LinkedIn Ads,Leads,Decisores B2B,Sudeste,Tablet,6456,66,7,0,0,605.82,0.0,714.42
2025-01-15,LNK-002,Webinar Executivo,LinkedIn Ads,Leads,Liderancas,Sudeste,Mobile,5081,59,1,0,0,502.61,0.0,658.89
2025-01-15,TTK-001,Video Descoberta,TikTok Ads,Alcance,Publico jovem,Sudeste,Desktop,27519,550,20,5,5,641.59,2500.54,991.12
2025-01-15,TTK-002,Criadores e Reviews,TikTok Ads,Conversoes,Engajados,Centro-Oeste,Mobile,19322,646,36,5,5,957.99,2786.33,1349.24
2025-01-15,EML-001,Oferta Base Ativa,Email Marketing,Receita,Clientes ativos,Nordeste,Mobile,19794,2401,382,56,5,735.98,39518.13,883.2
2025-01-15,EML-002,Nutricao de Leads,Email Marketing,Conversoes,Leads em nutricao,Sudeste,Mobile,10873,720,71,5,2,389.46,3757.93,627.6
2025-01-16,GGL-001,Pesquisa Marca,Google Ads,Conversoes,Alta intencao,Nordeste,Mobile,4360,287,54,19,15,826.88,16663.4,952.56
2025-01-16,GGL-002,Pesquisa Generica,Google Ads,Conversoes,Intencao ampla,Centro-Oeste,Mobile,6290,225,23,4,2,936.92,3607.36,1404.35
2025-01-16,GGL-003,Performance Max,Google Ads,Receita,Multicanal,Sul,Desktop,10843,258,24,4,3,940.62,3668.68,1114.07
2025-01-16,MET-001,Remarketing Social,Meta Ads,Conversoes,Visitantes do site,Sul,Mobile,14083,430,63,18,8,815.41,12640.32,1041.39
2025-01-16,MET-002,Prospeccao Interesses,Meta Ads,Leads,Interesses,Centro-Oeste,Mobile,17458,331,24,5,4,681.02,3404.05,965.95
2025-01-16,MET-003,Publico Lookalike,Meta Ads,Leads,Semelhantes,Sudeste,Desktop,16435,341,26,5,5,718.04,4341.87,974.16
2025-01-16,LNK-001,Demo B2B,LinkedIn Ads,Leads,Decisores B2B,Sudeste,Mobile,6139,40,7,1,1,377.58,3667.56,714.42
2025-01-16,LNK-002,Webinar Executivo,LinkedIn Ads,Leads,Liderancas,Nordeste,Desktop,4560,49,10,2,1,379.89,5936.98,658.89
2025-01-16,TTK-001,Video Descoberta,TikTok Ads,Alcance,Publico jovem,Sudeste,Mobile,23740,414,15,0,0,498.42,0.0,991.12
2025-01-16,TTK-002,Criadores e Reviews,TikTok Ads,Conversoes,Engajados,Nordeste,Mobile,22348,546,28,3,3,873.0,1861.18,1349.24
2025-01-16,EML-001,Oferta Base Ativa,Email Marketing,Receita,Clientes ativos,Nordeste,Mobile,22021,2526,439,66,9,793.02,32580.81,883.2
2025-01-16,EML-002,Nutricao de Leads,Email Marketing,Conversoes,Leads em nutricao,Sudeste,Mobile,14055,1041,112,12,5,485.2,8300.12,627.6
2025-01-17,GGL-001,Pesquisa Marca,Google Ads,Conversoes,Alta intencao,Sul,Mobile,4104,294,49,9,6,847.97,7270.76,952.56
2025-01-17,GGL-002,Pesquisa Generica,Google Ads,Conversoes,Intencao ampla,Sudeste,Desktop,6957,318,50,15,13,1286.19,13365.35,1404.35
2025-01-17,GGL-003,Performance Max,Google Ads,Receita,Multicanal,Sul,Mobile,8395,178,15,1,1,659.28,911.21,1114.07
2025-01-17,MET-001,Remarketing Social,Meta Ads,Conversoes,Visitantes do site,Sudeste,Tablet,13256,399,45,13,5,680.29,10316.0,1041.39
2025-01-17,MET-002,Prospeccao Interesses,Meta Ads,Leads,Interesses,Sul,Mobile,22525,354,16,3,3,810.64,1761.91,965.95
2025-01-17,MET-003,Publico Lookalike,Meta Ads,Leads,Semelhantes,Nordeste,Mobile,18793,302,25,5,5,577.18,3694.71,974.16
2025-01-17,LNK-001,Demo B2B,LinkedIn Ads,Leads,Decisores B2B,Sul,Mobile,6747,58,6,1,1,540.89,3038.07,714.42
2025-01-17,LNK-002,Webinar Executivo,LinkedIn Ads,Leads,Liderancas,Sudeste,Mobile,5520,55,4,1,1,434.88,3172.43,658.89
2025-01-17,TTK-001,Video Descoberta,TikTok Ads,Alcance,Publico jovem,Centro-Oeste,Mobile,29602,642,20,4,4,751.58,1708.03,991.12
2025-01-17,TTK-002,Criadores e Reviews,TikTok Ads,Conversoes,Engajados,Norte,Mobile,29620,820,54,6,5,1210.46,3028.0,1349.24
2025-01-17,EML-001,Oferta Base Ativa,Email Marketing,Receita,Clientes ativos,Sudeste,Mobile,16410,2061,356,33,7,634.3,18877.66,883.2
2025-01-17,EML-002,Nutricao de Leads,Email Marketing,Conversoes,Leads em nutricao,Nordeste,Mobile,14357,1004,132,9,4,487.54,6146.23,627.6
2025-01-18,GGL-001,Pesquisa Marca,Google Ads,Conversoes,Alta intencao,Nordeste,Desktop,2814,194,26,8,7,517.12,7573.19,952.56
2025-01-18,GGL-002,Pesquisa Generica,Google Ads,Conversoes,Intencao ampla,Centro-Oeste,Mobile,4842,227,22,5,5,918.99,3948.15,1404.35
2025-01-18,GGL-003,Performance Max,Google Ads,Receita,Multicanal,Sudeste,Desktop,6434,129,10,2,1,474.82,2022.59,1114.07
2025-01-18,MET-001,Remarketing Social,Meta Ads,Conversoes,Visitantes do site,Sudeste,Mobile,12226,364,43,10,5,586.59,9514.59,1041.39
2025-01-18,MET-002,Prospeccao Interesses,Meta Ads,Leads,Interesses,Sul,Mobile,14757,253,16,2,2,564.03,1076.4,965.95
2025-01-18,MET-003,Publico Lookalike,Meta Ads,Leads,Semelhantes,Sul,Mobile,14620,303,25,4,4,558.04,3099.01,974.16
2025-01-18,LNK-001,Demo B2B,LinkedIn Ads,Leads,Decisores B2B,Sudeste,Mobile,3965,38,2,0,0,383.94,0.0,714.42
2025-01-18,LNK-002,Webinar Executivo,LinkedIn Ads,Leads,Liderancas,Nordeste,Mobile,3751,35,1,0,0,272.66,0.0,658.89
2025-01-18,TTK-001,Video Descoberta,TikTok Ads,Alcance,Publico jovem,Sudeste,Mobile,20506,391,14,2,2,446.89,1011.02,991.12
2025-01-18,TTK-002,Criadores e Reviews,TikTok Ads,Conversoes,Engajados,Sul,Mobile,20119,560,29,5,5,897.87,2798.11,1349.24
2025-01-18,EML-001,Oferta Base Ativa,Email Marketing,Receita,Clientes ativos,Sudeste,Mobile,13544,1594,296,29,5,530.28,22245.96,883.2
2025-01-18,EML-002,Nutricao de Leads,Email Marketing,Conversoes,Leads em nutricao,Nordeste,Tablet,11622,1043,131,12,5,436.74,8602.93,627.6
2025-01-19,GGL-001,Pesquisa Marca,Google Ads,Conversoes,Alta intencao,Norte,Mobile,2527,144,24,6,5,405.34,4900.76,952.56
2025-01-19,GGL-002,Pesquisa Generica,Google Ads,Conversoes,Intencao ampla,Nordeste,Mobile,4600,163,20,9,8,650.4,9409.71,1404.35
2025-01-19,GGL-003,Performance Max,Google Ads,Receita,Multicanal,Sudeste,Mobile,7818,199,14,2,1,767.21,1845.4,1114.07
2025-01-19,MET-001,Remarketing Social,Meta Ads,Conversoes,Visitantes do site,Sudeste,Mobile,15585,417,37,13,6,720.95,9966.85,1041.39
2025-01-19,MET-002,Prospeccao Interesses,Meta Ads,Leads,Interesses,Sudeste,Mobile,17271,253,18,3,2,580.14,2097.88,965.95
2025-01-19,MET-003,Publico Lookalike,Meta Ads,Leads,Semelhantes,Nordeste,Mobile,12851,261,14,4,3,538.94,3216.02,974.16
2025-01-19,LNK-001,Demo B2B,LinkedIn Ads,Leads,Decisores B2B,Sudeste,Mobile,4644,52,4,0,0,477.33,0.0,714.42
2025-01-19,LNK-002,Webinar Executivo,LinkedIn Ads,Leads,Liderancas,Sudeste,Mobile,4072,40,2,0,0,330.99,0.0,658.89
2025-01-19,TTK-001,Video Descoberta,TikTok Ads,Alcance,Publico jovem,Sudeste,Desktop,19034,381,15,3,3,437.86,1746.36,991.12
2025-01-19,TTK-002,Criadores e Reviews,TikTok Ads,Conversoes,Engajados,Nordeste,Desktop,19555,510,26,3,3,699.0,1673.02,1349.24
2025-01-19,EML-001,Oferta Base Ativa,Email Marketing,Receita,Clientes ativos,Sudeste,Mobile,13389,1305,272,29,2,498.28,16474.76,883.2
2025-01-19,EML-002,Nutricao de Leads,Email Marketing,Conversoes,Leads em nutricao,Sudeste,Mobile,10172,733,74,5,1,376.74,3486.29,627.6
2025-01-20,GGL-001,Pesquisa Marca,Google Ads,Conversoes,Alta intencao,Sudeste,Mobile,3932,286,59,9,6,700.76,8550.65,952.56
2025-01-20,GGL-002,Pesquisa Generica,Google Ads,Conversoes,Intencao ampla,Nordeste,Mobile,5279,189,21,6,5,756.18,6811.09,1404.35
2025-01-20,GGL-003,Performance Max,Google Ads,Receita,Multicanal,Nordeste,Mobile,9684,267,16,3,2,902.19,2840.08,1114.07
2025-01-20,MET-001,Remarketing Social,Meta Ads,Conversoes,Visitantes do site,Sul,Mobile,15589,484,55,12,5,805.68,8559.86,1041.39
2025-01-20,MET-002,Prospeccao Interesses,Meta Ads,Leads,Interesses,Sudeste,Mobile,20417,335,22,5,4,735.73,4070.81,965.95
2025-01-20,MET-003,Publico Lookalike,Meta Ads,Leads,Semelhantes,Sudeste,Mobile,18848,400,40,10,8,873.13,6300.29,974.16
2025-01-20,LNK-001,Demo B2B,LinkedIn Ads,Leads,Decisores B2B,Sudeste,Desktop,6340,71,6,1,1,666.77,3274.84,714.42
2025-01-20,LNK-002,Webinar Executivo,LinkedIn Ads,Leads,Liderancas,Sudeste,Mobile,5792,89,18,2,2,725.14,4056.0,658.89
2025-01-20,TTK-001,Video Descoberta,TikTok Ads,Alcance,Publico jovem,Sudeste,Mobile,33514,807,24,5,5,946.7,2096.14,991.12
2025-01-20,TTK-002,Criadores e Reviews,TikTok Ads,Conversoes,Engajados,Sudeste,Mobile,24466,751,45,8,7,1262.06,4760.23,1349.24
2025-01-20,EML-001,Oferta Base Ativa,Email Marketing,Receita,Clientes ativos,Sudeste,Mobile,21329,2744,424,66,3,800.98,32736.6,883.2
2025-01-20,EML-002,Nutricao de Leads,Email Marketing,Conversoes,Leads em nutricao,Sudeste,Mobile,14150,1041,100,5,2,487.1,2939.01,627.6
2025-01-21,GGL-001,Pesquisa Marca,Google Ads,Conversoes,Alta intencao,Nordeste,Mobile,4652,314,64,18,10,939.0,14886.32,952.56
2025-01-21,GGL-002,Pesquisa Generica,Google Ads,Conversoes,Intencao ampla,Norte,Mobile,5798,261,31,13,9,1115.84,10945.29,1404.35
2025-01-21,GGL-003,Performance Max,Google Ads,Receita,Multicanal,Sudeste,Desktop,9500,239,22,7,5,900.69,6921.24,1114.07
2025-01-21,MET-001,Remarketing Social,Meta Ads,Conversoes,Visitantes do site,Sudeste,Desktop,16129,450,72,14,4,866.54,8819.0,1041.39
2025-01-21,MET-002,Prospeccao Interesses,Meta Ads,Leads,Interesses,Sudeste,Mobile,18736,303,23,5,5,641.54,4144.23,965.95
2025-01-21,MET-003,Publico Lookalike,Meta Ads,Leads,Semelhantes,Sudeste,Mobile,17290,336,28,6,5,720.57,4564.79,974.16
2025-01-21,LNK-001,Demo B2B,LinkedIn Ads,Leads,Decisores B2B,Sudeste,Mobile,6671,73,8,0,0,678.58,0.0,714.42
2025-01-21,LNK-002,Webinar Executivo,LinkedIn Ads,Leads,Liderancas,Nordeste,Desktop,4598,43,6,0,0,353.36,0.0,658.89
2025-01-21,TTK-001,Video Descoberta,TikTok Ads,Alcance,Publico jovem,Nordeste,Mobile,31991,697,26,2,2,748.23,883.12,991.12
2025-01-21,TTK-002,Criadores e Reviews,TikTok Ads,Conversoes,Engajados,Sudeste,Mobile,22568,543,23,2,1,797.34,1060.57,1349.24
2025-01-21,EML-001,Oferta Base Ativa,Email Marketing,Receita,Clientes ativos,Sul,Mobile,22560,2631,452,37,2,814.3,20192.95,883.2
2025-01-21,EML-002,Nutricao de Leads,Email Marketing,Conversoes,Leads em nutricao,Sudeste,Mobile,15750,1292,141,9,5,544.2,4492.8,627.6
2025-01-22,GGL-001,Pesquisa Marca,Google Ads,Conversoes,Alta intencao,Nordeste,Mobile,4111,265,40,13,9,776.48,10129.77,952.56
2025-01-22,GGL-002,Pesquisa Generica,Google Ads,Conversoes,Intencao ampla,Nordeste,Mobile,6153,250,21,3,2,981.11,2293.2,1404.35
2025-01-22,GGL-003,Performance Max,Google Ads,Receita,Multicanal,Nordeste,Mobile,11528,304,27,2,1,1048.12,1944.14,1114.07
2025-01-22,MET-001,Remarketing Social,Meta Ads,Conversoes,Visitantes do site,Centro-Oeste,Desktop,16615,433,55,7,3,686.11,5209.96,1041.39
2025-01-22,MET-002,Prospeccao Interesses,Meta Ads,Leads,Interesses,Sul,Mobile,15460,263,21,6,5,584.8,4085.4,965.95
2025-01-22,MET-003,Publico Lookalike,Meta Ads,Leads,Semelhantes,Sul,Desktop,14654,285,37,6,4,611.26,4187.78,974.16
2025-01-22,LNK-001,Demo B2B,LinkedIn Ads,Leads,Decisores B2B,Sudeste,Mobile,5787,73,6,1,1,719.61,2879.98,714.42
2025-01-22,LNK-002,Webinar Executivo,LinkedIn Ads,Leads,Liderancas,Sudeste,Mobile,3854,41,11,1,0,319.03,2968.93,658.89
2025-01-22,TTK-001,Video Descoberta,TikTok Ads,Alcance,Publico jovem,Nordeste,Mobile,33698,687,26,3,3,712.03,1243.42,991.12
2025-01-22,TTK-002,Criadores e Reviews,TikTok Ads,Conversoes,Engajados,Sudeste,Mobile,27430,757,43,2,2,1223.47,1207.94,1349.24
2025-01-22,EML-001,Oferta Base Ativa,Email Marketing,Receita,Clientes ativos,Sudeste,Mobile,19780,2427,402,49,5,738.3,29446.28,883.2
2025-01-22,EML-002,Nutricao de Leads,Email Marketing,Conversoes,Leads em nutricao,Centro-Oeste,Mobile,16555,1341,182,16,7,565.2,10993.34,627.6
2025-01-23,GGL-001,Pesquisa Marca,Google Ads,Conversoes,Alta intencao,Sudeste,Mobile,3252,181,22,6,5,474.36,4114.48,952.56
2025-01-23,GGL-002,Pesquisa Generica,Google Ads,Conversoes,Intencao ampla,Sul,Mobile,5514,264,24,7,6,1093.43,7820.31,1404.35
2025-01-23,GGL-003,Performance Max,Google Ads,Receita,Multicanal,Sul,Desktop,9780,218,19,5,3,718.03,4155.68,1114.07
2025-01-23,MET-001,Remarketing Social,Meta Ads,Conversoes,Visitantes do site,Nordeste,Mobile,16537,465,57,17,9,859.83,11302.9,1041.39
2025-01-23,MET-002,Prospeccao Interesses,Meta Ads,Leads,Interesses,Sudeste,Desktop,24184,401,29,5,4,742.49,4265.74,965.95
2025-01-23,MET-003,Publico Lookalike,Meta Ads,Leads,Semelhantes,Norte,Desktop,21544,365,33,3,1,845.79,2065.28,974.16
2025-01-23,LNK-001,Demo B2B,LinkedIn Ads,Leads,Decisores B2B,Nordeste,Mobile,7483,61,4,1,1,615.34,3864.12,714.42
2025-01-23,LNK-002,Webinar Executivo,LinkedIn Ads,Leads,Liderancas,Sul,Mobile,5307,69,16,0,0,613.12,0.0,658.89
2025-01-23,TTK-001,Video Descoberta,TikTok Ads,Alcance,Publico jovem,Sul,Mobile,26252,469,13,2,2,537.89,887.59,991.12
2025-01-23,TTK-002,Criadores e Reviews,TikTok Ads,Conversoes,Engajados,Sudeste,Mobile,24836,752,52,3,3,1224.19,1963.11,1349.24
2025-01-23,EML-001,Oferta Base Ativa,Email Marketing,Receita,Clientes ativos,Sul,Mobile,23453,3107,565,65,5,879.76,49180.17,883.2
2025-01-23,EML-002,Nutricao de Leads,Email Marketing,Conversoes,Leads em nutricao,Sudeste,Desktop,13903,1061,139,7,6,484.16,4511.41,627.6
2025-01-24,GGL-001,Pesquisa Marca,Google Ads,Conversoes,Alta intencao,Sudeste,Mobile,3763,273,49,16,9,820.49,17467.71,952.56
2025-01-24,GGL-002,Pesquisa Generica,Google Ads,Conversoes,Intencao ampla,Nordeste,Desktop,6515,291,27,5,4,1109.38,4955.86,1404.35
2025-01-24,GGL-003,Performance Max,Google Ads,Receita,Multicanal,Sudeste,Mobile,9398,303,23,4,3,1083.91,3854.27,1114.07
2025-01-24,MET-001,Remarketing Social,Meta Ads,Conversoes,Visitantes do site,Sudeste,Tablet,15536,475,34,11,7,758.04,8645.19,1041.39
2025-01-24,MET-002,Prospeccao Interesses,Meta Ads,Leads,Interesses,Sudeste,Mobile,24189,322,18,3,3,681.37,2620.61,965.95
2025-01-24,MET-003,Publico Lookalike,Meta Ads,Leads,Semelhantes,Sudeste,Mobile,17831,403,51,19,16,805.4,11072.24,974.16
2025-01-24,LNK-001,Demo B2B,LinkedIn Ads,Leads,Decisores B2B,Sudeste,Desktop,6412,66,6,1,1,621.86,2496.0,714.42
2025-01-24,LNK-002,Webinar Executivo,LinkedIn Ads,Leads,Liderancas,Sudeste,Desktop,5859,93,10,0,0,824.02,0.0,658.89
2025-01-24,TTK-001,Video Descoberta,TikTok Ads,Alcance,Publico jovem,Sudeste,Mobile,35092,751,26,4,4,818.01,1849.76,991.12
2025-01-24,TTK-002,Criadores e Reviews,TikTok Ads,Conversoes,Engajados,Sul,Mobile,26277,664,27,5,4,1065.5,2449.5,1349.24
2025-01-24,EML-001,Oferta Base Ativa,Email Marketing,Receita,Clientes ativos,Sudeste,Mobile,19266,2286,346,45,4,713.92,21411.0,883.2
2025-01-24,EML-002,Nutricao de Leads,Email Marketing,Conversoes,Leads em nutricao,Nordeste,Mobile,13642,1021,113,10,3,474.94,6747.54,627.6
2025-01-25,GGL-001,Pesquisa Marca,Google Ads,Conversoes,Alta intencao,Nordeste,Desktop,2649,252,41,14,7,704.84,12298.58,952.56
2025-01-25,GGL-002,Pesquisa Generica,Google Ads,Conversoes,Intencao ampla,Sudeste,Mobile,4989,185,18,3,2,738.75,3329.09,1404.35
2025-01-25,GGL-003,Performance Max,Google Ads,Receita,Multicanal,Sudeste,Mobile,8957,248,17,5,3,820.66,3980.15,1114.07
2025-01-25,MET-001,Remarketing Social,Meta Ads,Conversoes,Visitantes do site,Sul,Mobile,11775,382,39,15,6,698.07,8424.0,1041.39
2025-01-25,MET-002,Prospeccao Interesses,Meta Ads,Leads,Interesses,Sudeste,Mobile,22433,426,45,8,7,889.67,6608.96,965.95
2025-01-25,MET-003,Publico Lookalike,Meta Ads,Leads,Semelhantes,Norte,Desktop,15954,374,31,5,5,742.57,3388.13,974.16
2025-01-25,LNK-001,Demo B2B,LinkedIn Ads,Leads,Decisores B2B,Sul,Mobile,3349,23,2,0,0,230.18,0.0,714.42
2025-01-25,LNK-002,Webinar Executivo,LinkedIn Ads,Leads,Liderancas,Sudeste,Mobile,4118,51,4,0,0,380.06,0.0,658.89
2025-01-25,TTK-001,Video Descoberta,TikTok Ads,Alcance,Publico jovem,Sudeste,Desktop,23600,539,24,0,0,560.92,0.0,991.12
2025-01-25,TTK-002,Criadores e Reviews,TikTok Ads,Conversoes,Engajados,Sudeste,Mobile,18617,490,28,3,2,657.08,1500.4,1349.24
2025-01-25,EML-001,Oferta Base Ativa,Email Marketing,Receita,Clientes ativos,Sul,Desktop,14711,1869,432,54,8,581.12,34314.99,883.2
2025-01-25,EML-002,Nutricao de Leads,Email Marketing,Conversoes,Leads em nutricao,Centro-Oeste,Mobile,11590,1003,84,8,3,432.1,4803.69,627.6
2025-01-26,GGL-001,Pesquisa Marca,Google Ads,Conversoes,Alta intencao,Nordeste,Desktop,3724,258,34,12,6,695.66,12292.96,952.56
2025-01-26,GGL-002,Pesquisa Generica,Google Ads,Conversoes,Intencao ampla,Nordeste,Desktop,4751,172,16,5,3,719.77,3822.0,1404.35
2025-01-26,GGL-003,Performance Max,Google Ads,Receita,Multicanal,Sul,Mobile,7590,217,10,2,2,817.69,1627.35,1114.07
2025-01-26,MET-001,Remarketing Social,Meta Ads,Conversoes,Visitantes do site,Nordeste,Desktop,14134,426,39,18,12,837.75,13722.32,1041.39
2025-01-26,MET-002,Prospeccao Interesses,Meta Ads,Leads,Interesses,Centro-Oeste,Desktop,19932,271,7,2,2,600.0,1480.77,965.95
2025-01-26,MET-003,Publico Lookalike,Meta Ads,Leads,Semelhantes,Sudeste,Mobile,17343,321,20,3,2,688.62,2318.51,974.16
2025-01-26,LNK-001,Demo B2B,LinkedIn Ads,Leads,Decisores B2B,Nordeste,Mobile,4440,42,4,1,0,387.71,3269.5,714.42
2025-01-26,LNK-002,Webinar Executivo,LinkedIn Ads,Leads,Liderancas,Nordeste,Mobile,4290,52,12,1,1,424.42,2575.84,658.89
2025-01-26,TTK-001,Video Descoberta,TikTok Ads,Alcance,Publico jovem,Sudeste,Mobile,19973,440,14,1,1,532.85,358.8,991.12
2025-01-26,TTK-002,Criadores e Reviews,TikTok Ads,Conversoes,Engajados,Sudeste,Mobile,19705,566,29,5,4,934.15,2694.2,1349.24
2025-01-26,EML-001,Oferta Base Ativa,Email Marketing,Receita,Clientes ativos,Sudeste,Desktop,15911,1831,322,46,10,601.32,33444.1,883.2
2025-01-26,EML-002,Nutricao de Leads,Email Marketing,Conversoes,Leads em nutricao,Sudeste,Mobile,13325,994,128,9,3,465.9,4797.3,627.6
2025-01-27,GGL-001,Pesquisa Marca,Google Ads,Conversoes,Alta intencao,Centro-Oeste,Mobile,4573,288,45,11,8,750.04,7318.19,952.56
2025-01-27,GGL-002,Pesquisa Generica,Google Ads,Conversoes,Intencao ampla,Sudeste,Mobile,6463,323,29,8,7,1329.68,7787.86,1404.35
2025-01-27,GGL-003,Performance Max,Google Ads,Receita,Multicanal,Sudeste,Desktop,11332,279,19,3,2,976.87,2663.22,1114.07
2025-01-27,MET-001,Remarketing Social,Meta Ads,Conversoes,Visitantes do site,Centro-Oeste,Desktop,17378,448,46,11,2,721.65,8805.58,1041.39
2025-01-27,MET-002,Prospeccao Interesses,Meta Ads,Leads,Interesses,Nordeste,Mobile,22858,342,21,4,4,722.24,2399.94,965.95
2025-01-27,MET-003,Publico Lookalike,Meta Ads,Leads,Semelhantes,Centro-Oeste,Mobile,17301,371,43,9,7,772.88,6509.11,974.16
2025-01-27,LNK-001,Demo B2B,LinkedIn Ads,Leads,Decisores B2B,Nordeste,Mobile,6409,38,4,1,1,338.62,2950.54,714.42
2025-01-27,LNK-002,Webinar Executivo,LinkedIn Ads,Leads,Liderancas,Sudeste,Mobile,5505,59,8,0,0,484.48,0.0,658.89
2025-01-27,TTK-001,Video Descoberta,TikTok Ads,Alcance,Publico jovem,Centro-Oeste,Mobile,31505,669,39,3,3,734.22,1569.62,991.12
2025-01-27,TTK-002,Criadores e Reviews,TikTok Ads,Conversoes,Engajados,Sudeste,Mobile,26517,688,38,4,3,1065.24,2110.34,1349.24
2025-01-27,EML-001,Oferta Base Ativa,Email Marketing,Receita,Clientes ativos,Nordeste,Mobile,20195,2591,490,61,2,763.0,29368.26,883.2
2025-01-27,EML-002,Nutricao de Leads,Email Marketing,Conversoes,Leads em nutricao,Sudeste,Mobile,16884,1242,152,14,5,561.88,9556.24,627.6
2025-01-28,GGL-001,Pesquisa Marca,Google Ads,Conversoes,Alta intencao,Sul,Mobile,2549,172,32,13,6,462.38,11486.04,952.56
2025-01-28,GGL-002,Pesquisa Generica,Google Ads,Conversoes,Intencao ampla,Sul,Mobile,5397,229,19,4,3,951.1,3075.23,1404.35
2025-01-28,GGL-003,Performance Max,Google Ads,Receita,Multicanal,Sudeste,Mobile,9881,281,16,2,2,1009.54,1739.93,1114.07
2025-01-28,MET-001,Remarketing Social,Meta Ads,Conversoes,Visitantes do site,Nordeste,Mobile,13060,344,31,5,3,516.66,3234.2,1041.39
2025-01-28,MET-002,Prospeccao Interesses,Meta Ads,Leads,Interesses,Sul,Mobile,22184,323,21,6,4,751.79,4496.64,965.95
2025-01-28,MET-003,Publico Lookalike,Meta Ads,Leads,Semelhantes,Nordeste,Mobile,20980,442,42,4,3,912.2,2509.48,974.16
2025-01-28,LNK-001,Demo B2B,LinkedIn Ads,Leads,Decisores B2B,Sudeste,Mobile,6317,59,4,0,0,558.45,0.0,714.42
2025-01-28,LNK-002,Webinar Executivo,LinkedIn Ads,Leads,Liderancas,Sudeste,Mobile,3986,56,8,2,2,420.25,6230.95,658.89
2025-01-28,TTK-001,Video Descoberta,TikTok Ads,Alcance,Publico jovem,Sul,Mobile,30290,571,26,6,6,571.58,2767.93,991.12
2025-01-28,TTK-002,Criadores e Reviews,TikTok Ads,Conversoes,Engajados,Sudeste,Mobile,19932,570,26,3,2,861.79,1641.66,1349.24
2025-01-28,EML-001,Oferta Base Ativa,Email Marketing,Receita,Clientes ativos,Norte,Mobile,19179,2336,387,38,2,717.18,24807.96,883.2
2025-01-28,EML-002,Nutricao de Leads,Email Marketing,Conversoes,Leads em nutricao,Sudeste,Mobile,12095,921,104,7,3,434.0,4379.4,627.6
2025-01-29,GGL-001,Pesquisa Marca,Google Ads,Conversoes,Alta intencao,Sul,Mobile,3314,221,30,16,14,606.65,11706.55,952.56
2025-01-29,GGL-002,Pesquisa Generica,Google Ads,Conversoes,Intencao ampla,Sudeste,Tablet,5733,258,29,5,4,1074.69,4264.72,1404.35
2025-01-29,GGL-003,Performance Max,Google Ads,Receita,Multicanal,Centro-Oeste,Mobile,7163,211,20,5,5,743.64,4925.95,1114.07
2025-01-29,MET-001,Remarketing Social,Meta Ads,Conversoes,Visitantes do site,Sudeste,Mobile,14540,399,41,11,5,594.57,7054.12,1041.39
2025-01-29,MET-002,Prospeccao Interesses,Meta Ads,Leads,Interesses,Sudeste,Mobile,19242,288,18,4,4,632.71,2701.74,965.95
2025-01-29,MET-003,Publico Lookalike,Meta Ads,Leads,Semelhantes,Sudeste,Mobile,20444,381,40,4,3,725.01,2884.15,974.16
2025-01-29,LNK-001,Demo B2B,LinkedIn Ads,Leads,Decisores B2B,Sudeste,Mobile,6268,56,4,0,0,557.93,0.0,714.42
2025-01-29,LNK-002,Webinar Executivo,LinkedIn Ads,Leads,Liderancas,Nordeste,Desktop,4215,58,8,0,0,461.93,0.0,658.89
2025-01-29,TTK-001,Video Descoberta,TikTok Ads,Alcance,Publico jovem,Sudeste,Mobile,32284,733,22,2,1,855.32,976.35,991.12
2025-01-29,TTK-002,Criadores e Reviews,TikTok Ads,Conversoes,Engajados,Sul,Mobile,28704,771,43,6,5,1149.1,2928.05,1349.24
2025-01-29,EML-001,Oferta Base Ativa,Email Marketing,Receita,Clientes ativos,Nordeste,Tablet,17158,2115,374,42,6,654.66,24635.62,883.2
2025-01-29,EML-002,Nutricao de Leads,Email Marketing,Conversoes,Leads em nutricao,Sudeste,Mobile,14841,1320,177,18,6,528.82,11534.11,627.6
2025-01-30,GGL-001,Pesquisa Marca,Google Ads,Conversoes,Alta intencao,Sudeste,Mobile,3158,223,42,20,16,682.21,21314.09,952.56
2025-01-30,GGL-002,Pesquisa Generica,Google Ads,Conversoes,Intencao ampla,Norte,Desktop,5886,255,22,4,4,1121.15,4199.84,1404.35
2025-01-30,GGL-003,Performance Max,Google Ads,Receita,Multicanal,Sudeste,Mobile,10059,223,21,2,1,802.78,1759.6,1114.07
2025-01-30,MET-001,Remarketing Social,Meta Ads,Conversoes,Visitantes do site,Sul,Mobile,15502,479,53,16,4,789.59,10911.43,1041.39
2025-01-30,MET-002,Prospeccao Interesses,Meta Ads,Leads,Interesses,Sudeste,Desktop,21223,317,22,3,1,690.77,1826.71,965.95
2025-01-30,MET-003,Publico Lookalike,Meta Ads,Leads,Semelhantes,Sudeste,Mobile,14610,318,26,1,0,734.63,663.96,974.16
2025-01-30,LNK-001,Demo B2B,LinkedIn Ads,Leads,Decisores B2B,Sudeste,Desktop,7917,59,8,1,1,593.5,3529.22,714.42
2025-01-30,LNK-002,Webinar Executivo,LinkedIn Ads,Leads,Liderancas,Sudeste,Mobile,4199,54,6,1,1,424.3,2028.0,658.89
2025-01-30,TTK-001,Video Descoberta,TikTok Ads,Alcance,Publico jovem,Nordeste,Mobile,31975,663,21,2,2,834.68,998.24,991.12
2025-01-30,TTK-002,Criadores e Reviews,TikTok Ads,Conversoes,Engajados,Nordeste,Desktop,19595,392,25,6,5,629.36,3274.93,1349.24
2025-01-30,EML-001,Oferta Base Ativa,Email Marketing,Receita,Clientes ativos,Sul,Mobile,19596,2278,344,46,4,719.72,27306.16,883.2
2025-01-30,EML-002,Nutricao de Leads,Email Marketing,Conversoes,Leads em nutricao,Sul,Desktop,12311,987,123,13,3,444.92,9177.19,627.6
2025-01-31,GGL-001,Pesquisa Marca,Google Ads,Conversoes,Alta intencao,Sudeste,Desktop,4349,341,38,7,5,921.46,5947.13,952.56
2025-01-31,GGL-002,Pesquisa Generica,Google Ads,Conversoes,Intencao ampla,Sul,Tablet,5967,266,26,7,7,1243.49,6203.5,1404.35
2025-01-31,GGL-003,Performance Max,Google Ads,Receita,Multicanal,Sudeste,Mobile,10140,262,25,8,3,866.3,7663.29,1114.07
2025-01-31,MET-001,Remarketing Social,Meta Ads,Conversoes,Visitantes do site,Norte,Mobile,11517,338,31,13,6,637.28,10030.07,1041.39
2025-01-31,MET-002,Prospeccao Interesses,Meta Ads,Leads,Interesses,Nordeste,Mobile,21159,286,13,2,2,512.15,1329.42,965.95
2025-01-31,MET-003,Publico Lookalike,Meta Ads,Leads,Semelhantes,Nordeste,Mobile,19295,399,25,2,1,796.9,1270.59,974.16
2025-01-31,LNK-001,Demo B2B,LinkedIn Ads,Leads,Decisores B2B,Sudeste,Mobile,5768,38,2,0,0,341.26,0.0,714.42
2025-01-31,LNK-002,Webinar Executivo,LinkedIn Ads,Leads,Liderancas,Centro-Oeste,Tablet,4963,56,10,1,1,445.33,2502.0,658.89
2025-01-31,TTK-001,Video Descoberta,TikTok Ads,Alcance,Publico jovem,Sul,Mobile,31390,743,29,3,3,837.55,1382.95,991.12
2025-01-31,TTK-002,Criadores e Reviews,TikTok Ads,Conversoes,Engajados,Sul,Mobile,22847,572,30,7,5,829.05,4061.2,1349.24
2025-01-31,EML-001,Oferta Base Ativa,Email Marketing,Receita,Clientes ativos,Nordeste,Mobile,19410,2030,336,41,3,691.2,22439.8,883.2
2025-01-31,EML-002,Nutricao de Leads,Email Marketing,Conversoes,Leads em nutricao,Sudeste,Mobile,15140,1351,183,11,6,537.9,6978.65,627.6
2025-02-01,GGL-001,Pesquisa Marca,Google Ads,Conversoes,Alta intencao,Sudeste,Desktop,3616,256,38,15,11,667.87,11791.51,952.56
2025-02-01,GGL-002,Pesquisa Generica,Google Ads,Conversoes,Intencao ampla,Sudeste,Mobile,5497,238,30,5,4,1013.22,5001.79,1404.35
2025-02-01,GGL-003,Performance Max,Google Ads,Receita,Multicanal,Nordeste,Desktop,7215,170,12,1,0,525.14,888.1,1114.07
2025-02-01,MET-001,Remarketing Social,Meta Ads,Conversoes,Visitantes do site,Nordeste,Mobile,11777,330,44,16,5,581.76,8985.6,1041.39
2025-02-01,MET-002,Prospeccao Interesses,Meta Ads,Leads,Interesses,Sudeste,Mobile,18152,324,31,7,6,671.25,4309.59,965.95
2025-02-01,MET-003,Publico Lookalike,Meta Ads,Leads,Semelhantes,Nordeste,Mobile,13550,257,22,2,2,500.95,1455.38,974.16
2025-02-01,LNK-001,Demo B2B,LinkedIn Ads,Leads,Decisores B2B,Norte,Desktop,4471,33,1,0,0,332.22,0.0,714.42
2025-02-01,LNK-002,Webinar Executivo,LinkedIn Ads,Leads,Liderancas,Sudeste,Mobile,4511,33,4,1,1,255.85,2581.98,658.89
2025-02-01,TTK-001,Video Descoberta,TikTok Ads,Alcance,Publico jovem,Sul,Mobile,23877,603,21,4,4,702.84,1769.01,991.12
2025-02-01,TTK-002,Criadores e Reviews,TikTok Ads,Conversoes,Engajados,Nordeste,Tablet,20707,639,29,2,2,977.01,1214.47,1349.24
2025-02-01,EML-001,Oferta Base Ativa,Email Marketing,Receita,Clientes ativos,Sudeste,Mobile,17144,1858,392,45,7,628.68,25313.37,883.2
2025-02-01,EML-002,Nutricao de Leads,Email Marketing,Conversoes,Leads em nutricao,Sudeste,Mobile,12396,949,122,7,2,442.82,3728.06,627.6
2025-02-02,GGL-001,Pesquisa Marca,Google Ads,Conversoes,Alta intencao,Nordeste,Desktop,3310,210,21,5,4,528.26,4104.78,952.56
2025-02-02,GGL-002,Pesquisa Generica,Google Ads,Conversoes,Intencao ampla,Sudeste,Mobile,5532,218,20,4,4,789.63,4618.61,1404.35
2025-02-02,GGL-003,Performance Max,Google Ads,Receita,Multicanal,Sul,Mobile,8209,198,12,4,3,666.93,3873.59,1114.07
2025-02-02,MET-001,Remarketing Social,Meta Ads,Conversoes,Visitantes do site,Sudeste,Mobile,10852,360,46,12,8,639.26,6739.2,1041.39
2025-02-02,MET-002,Prospeccao Interesses,Meta Ads,Leads,Interesses,Nordeste,Desktop,14189,212,19,3,3,439.29,2099.48,965.95
2025-02-02,MET-003,Publico Lookalike,Meta Ads,Leads,Semelhantes,Centro-Oeste,Desktop,16334,353,30,9,8,675.24,6445.48,974.16
2025-02-02,LNK-001,Demo B2B,LinkedIn Ads,Leads,Decisores B2B,Nordeste,Desktop,4398,49,5,3,3,512.05,9953.63,714.42
2025-02-02,LNK-002,Webinar Executivo,LinkedIn Ads,Leads,Liderancas,Sudeste,Mobile,4050,46,5,0,0,400.91,0.0,658.89
2025-02-02,TTK-001,Video Descoberta,TikTok Ads,Alcance,Publico jovem,Sul,Desktop,27039,578,25,1,0,678.33,468.78,991.12
2025-02-02,TTK-002,Criadores e Reviews,TikTok Ads,Conversoes,Engajados,Nordeste,Mobile,22706,512,27,3,2,876.93,1674.28,1349.24
2025-02-02,EML-001,Oferta Base Ativa,Email Marketing,Receita,Clientes ativos,Sul,Mobile,17397,2085,327,30,6,656.44,17390.78,883.2
2025-02-02,EML-002,Nutricao de Leads,Email Marketing,Conversoes,Leads em nutricao,Nordeste,Mobile,12407,1212,168,12,2,469.34,8118.72,627.6
2025-02-03,GGL-001,Pesquisa Marca,Google Ads,Conversoes,Alta intencao,Sudeste,Mobile,3870,270,44,15,12,761.66,14274.2,952.56
2025-02-03,GGL-002,Pesquisa Generica,Google Ads,Conversoes,Intencao ampla,Sudeste,Desktop,6765,267,31,7,7,1103.18,7107.67,1404.35
2025-02-03,GGL-003,Performance Max,Google Ads,Receita,Multicanal,Sudeste,Mobile,10452,253,25,7,6,836.93,5528.51,1114.07
2025-02-03,MET-001,Remarketing Social,Meta Ads,Conversoes,Visitantes do site,Nordeste,Mobile,19945,650,60,21,10,1165.97,13749.01,1041.39
2025-02-03,MET-002,Prospeccao Interesses,Meta Ads,Leads,Interesses,Sul,Mobile,24231,417,29,4,3,938.9,3066.13,965.95
2025-02-03,MET-003,Publico Lookalike,Meta Ads,Leads,Semelhantes,Nordeste,Mobile,18259,391,35,7,7,787.14,5092.0,974.16
2025-02-03,LNK-001,Demo B2B,LinkedIn Ads,Leads,Decisores B2B,Sudeste,Desktop,7038,73,7,3,2,699.7,11440.13,714.42
2025-02-03,LNK-002,Webinar Executivo,LinkedIn Ads,Leads,Liderancas,Sul,Mobile,4969,61,9,0,0,484.22,0.0,658.89
2025-02-03,TTK-001,Video Descoberta,TikTok Ads,Alcance,Publico jovem,Nordeste,Mobile,29962,643,31,7,6,752.64,3791.75,991.12
2025-02-03,TTK-002,Criadores e Reviews,TikTok Ads,Conversoes,Engajados,Sudeste,Mobile,28958,726,35,3,2,1146.34,1468.08,1349.24
2025-02-03,EML-001,Oferta Base Ativa,Email Marketing,Receita,Clientes ativos,Sudeste,Mobile,24435,3142,522,66,8,902.9,46694.25,883.2
2025-02-03,EML-002,Nutricao de Leads,Email Marketing,Conversoes,Leads em nutricao,Sudeste,Mobile,14019,1013,139,9,3,481.68,5820.94,627.6
2025-02-04,GGL-001,Pesquisa Marca,Google Ads,Conversoes,Alta intencao,Nordeste,Mobile,4047,272,36,8,6,713.29,6764.41,952.56
2025-02-04,GGL-002,Pesquisa Generica,Google Ads,Conversoes,Intencao ampla,Sudeste,Mobile,6386,282,36,6,6,1172.67,5822.84,1404.35
2025-02-04,GGL-003,Performance Max,Google Ads,Receita,Multicanal,Norte,Mobile,8712,202,17,4,4,703.87,4236.46,1114.07
2025-02-04,MET-001,Remarketing Social,Meta Ads,Conversoes,Visitantes do site,Sudeste,Mobile,17999,491,63,11,8,855.55,9615.71,1041.39
2025-02-04,MET-002,Prospeccao Interesses,Meta Ads,Leads,Interesses,Sudeste,Desktop,22395,383,28,3,2,735.99,2298.03,965.95
2025-02-04,MET-003,Publico Lookalike,Meta Ads,Leads,Semelhantes,Sudeste,Mobile,19584,454,27,9,8,1046.08,6601.1,974.16
2025-02-04,LNK-001,Demo B2B,LinkedIn Ads,Leads,Decisores B2B,Centro-Oeste,Desktop,5954,49,5,0,0,495.85,0.0,714.42
2025-02-04,LNK-002,Webinar Executivo,LinkedIn Ads,Leads,Liderancas,Centro-Oeste,Mobile,6333,102,20,1,1,818.31,2462.94,658.89
2025-02-04,TTK-001,Video Descoberta,TikTok Ads,Alcance,Publico jovem,Nordeste,Desktop,31100,615,23,1,1,765.25,498.19,991.12
2025-02-04,TTK-002,Criadores e Reviews,TikTok Ads,Conversoes,Engajados,Sul,Mobile,29656,824,46,6,6,1234.98,3623.49,1349.24
2025-02-04,EML-001,Oferta Base Ativa,Email Marketing,Receita,Clientes ativos,Centro-Oeste,Desktop,23089,2466,503,62,9,808.38,34503.05,883.2
2025-02-04,EML-002,Nutricao de Leads,Email Marketing,Conversoes,Leads em nutricao,Centro-Oeste,Desktop,11428,1042,126,12,0,432.76,8526.88,627.6
2025-02-05,GGL-001,Pesquisa Marca,Google Ads,Conversoes,Alta intencao,Sudeste,Mobile,3493,260,31,9,6,699.73,8844.28,952.56
2025-02-05,GGL-002,Pesquisa Generica,Google Ads,Conversoes,Intencao ampla,Centro-Oeste,Mobile,6820,270,28,11,11,1182.61,9023.79,1404.35
2025-02-05,GGL-003,Performance Max,Google Ads,Receita,Multicanal,Sudeste,Mobile,10143,206,13,5,3,652.58,4177.06,1114.07
2025-02-05,MET-001,Remarketing Social,Meta Ads,Conversoes,Visitantes do site,Centro-Oeste,Mobile,17271,571,81,23,9,1079.4,19971.16,1041.39
2025-02-05,MET-002,Prospeccao Interesses,Meta Ads,Leads,Interesses,Norte,Tablet,22540,409,28,5,3,870.15,3905.58,965.95
2025-02-05,MET-003,Publico Lookalike,Meta Ads,Leads,Semelhantes,Sul,Desktop,19395,382,29,5,5,811.2,2769.0,974.16
2025-02-05,LNK-001,Demo B2B,LinkedIn Ads,Leads,Decisores B2B,Sudeste,Desktop,7980,71,4,1,1,715.29,2994.72,714.42
2025-02-05,LNK-002,Webinar Executivo,LinkedIn Ads,Leads,Liderancas,Sudeste,Mobile,4974,71,10,2,2,617.55,6189.32,658.89
2025-02-05,TTK-001,Video Descoberta,TikTok Ads,Alcance,Publico jovem,Nordeste,Mobile,34425,733,28,2,2,852.11,745.43,991.12
2025-02-05,TTK-002,Criadores e Reviews,TikTok Ads,Conversoes,Engajados,Sudeste,Mobile,29665,833,36,4,3,1205.9,2529.54,1349.24
2025-02-05,EML-001,Oferta Base Ativa,Email Marketing,Receita,Clientes ativos,Norte,Desktop,21644,2313,405,46,7,764.18,30757.55,883.2
2025-02-05,EML-002,Nutricao de Leads,Email Marketing,Conversoes,Leads em nutricao,Sul,Mobile,15243,1301,170,13,7,534.96,8197.22,627.6
2025-02-06,GGL-001,Pesquisa Marca,Google Ads,Conversoes,Alta intencao,Sudeste,Mobile,4037,302,48,16,12,763.99,15046.32,952.56
2025-02-06,GGL-002,Pesquisa Generica,Google Ads,Conversoes,Intencao ampla,Sudeste,Desktop,6264,264,20,3,3,1160.58,3833.74,1404.35
2025-02-06,GGL-003,Performance Max,Google Ads,Receita,Multicanal,Centro-Oeste,Mobile,11519,293,28,4,3,995.16,3611.83,1114.07
2025-02-06,MET-001,Remarketing Social,Meta Ads,Conversoes,Visitantes do site,Sudeste,Mobile,17149,596,81,25,12,1114.25,18082.44,1041.39
2025-02-06,MET-002,Prospeccao Interesses,Meta Ads,Leads,Interesses,Sul,Desktop,21886,375,31,7,7,835.21,5283.35,965.95
2025-02-06,MET-003,Publico Lookalike,Meta Ads,Leads,Semelhantes,Sudeste,Mobile,22908,460,30,9,7,838.26,5617.53,974.16
2025-02-06,LNK-001,Demo B2B,LinkedIn Ads,Leads,Decisores B2B,Sul,Mobile,7305,63,8,1,1,552.27,3310.97,714.42
2025-02-06,LNK-002,Webinar Executivo,LinkedIn Ads,Leads,Liderancas,Nordeste,Mobile,5492,63,8,1,1,433.97,2286.98,658.89
2025-02-06,TTK-001,Video Descoberta,TikTok Ads,Alcance,Publico jovem,Norte,Desktop,29163,552,18,1,1,565.11,509.28,991.12
2025-02-06,TTK-002,Criadores e Reviews,TikTok Ads,Conversoes,Engajados,Norte,Mobile,27858,667,34,4,3,1101.98,2626.81,1349.24
2025-02-06,EML-001,Oferta Base Ativa,Email Marketing,Receita,Clientes ativos,Norte,Tablet,21510,2469,404,53,6,777.1,34701.91,883.2
2025-02-06,EML-002,Nutricao de Leads,Email Marketing,Conversoes,Leads em nutricao,Sudeste,Desktop,14424,992,114,7,0,487.68,4537.52,627.6
2025-02-07,GGL-001,Pesquisa Marca,Google Ads,Conversoes,Alta intencao,Sudeste,Mobile,3874,319,60,22,17,933.13,19912.04,952.56
2025-02-07,GGL-002,Pesquisa Generica,Google Ads,Conversoes,Intencao ampla,Sudeste,Desktop,8365,300,37,7,6,1352.16,6414.16,1404.35
2025-02-07,GGL-003,Performance Max,Google Ads,Receita,Multicanal,Sul,Mobile,10712,281,29,2,2,959.24,1882.73,1114.07
2025-02-07,MET-001,Remarketing Social,Meta Ads,Conversoes,Visitantes do site,Norte,Tablet,12768,368,51,20,6,672.96,17883.37,1041.39
2025-02-07,MET-002,Prospeccao Interesses,Meta Ads,Leads,Interesses,Sul,Mobile,23149,500,41,10,10,1178.39,8273.37,965.95
2025-02-07,MET-003,Publico Lookalike,Meta Ads,Leads,Semelhantes,Nordeste,Mobile,18194,388,49,12,12,854.39,7645.53,974.16
2025-02-07,LNK-001,Demo B2B,LinkedIn Ads,Leads,Decisores B2B,Sudeste,Mobile,8042,92,9,3,3,879.03,8507.43,714.42
2025-02-07,LNK-002,Webinar Executivo,LinkedIn Ads,Leads,Liderancas,Sudeste,Desktop,5653,66,12,2,2,527.19,4901.72,658.89
2025-02-07,TTK-001,Video Descoberta,TikTok Ads,Alcance,Publico jovem,Sul,Mobile,24089,431,19,5,4,487.04,1948.1,991.12
2025-02-07,TTK-002,Criadores e Reviews,TikTok Ads,Conversoes,Engajados,Sul,Desktop,22172,572,29,4,3,916.42,2213.02,1349.24
2025-02-07,EML-001,Oferta Base Ativa,Email Marketing,Receita,Clientes ativos,Sudeste,Mobile,18802,2154,334,46,6,691.44,32592.18,883.2
2025-02-07,EML-002,Nutricao de Leads,Email Marketing,Conversoes,Leads em nutricao,Sudeste,Tablet,17195,1436,180,13,6,587.5,7903.3,627.6
2025-02-08,GGL-001,Pesquisa Marca,Google Ads,Conversoes,Alta intencao,Sudeste,Desktop,2422,187,35,14,8,498.19,11999.41,952.56
2025-02-08,GGL-002,Pesquisa Generica,Google Ads,Conversoes,Intencao ampla,Sudeste,Desktop,5744,253,29,5,4,1029.33,4864.53,1404.35
2025-02-08,GGL-003,Performance Max,Google Ads,Receita,Multicanal,Centro-Oeste,Mobile,7913,163,16,4,3,582.08,3078.52,1114.07
2025-02-08,MET-001,Remarketing Social,Meta Ads,Conversoes,Visitantes do site,Sudeste,Desktop,10542,337,36,9,5,580.59,5591.23,1041.39
2025-02-08,MET-002,Prospeccao Interesses,Meta Ads,Leads,Interesses,Sul,Mobile,16699,281,19,1,1,603.51,538.2,965.95
2025-02-08,MET-003,Publico Lookalike,Meta Ads,Leads,Semelhantes,Sudeste,Desktop,17130,347,30,7,6,757.92,5523.76,974.16
2025-02-08,LNK-001,Demo B2B,LinkedIn Ads,Leads,Decisores B2B,Sul,Mobile,6349,51,5,0,0,508.42,0.0,714.42
2025-02-08,LNK-002,Webinar Executivo,LinkedIn Ads,Leads,Liderancas,Sudeste,Mobile,4791,54,6,1,1,445.15,2978.64,658.89
2025-02-08,TTK-001,Video Descoberta,TikTok Ads,Alcance,Publico jovem,Sudeste,Desktop,25365,557,22,4,4,644.86,2063.95,991.12
2025-02-08,TTK-002,Criadores e Reviews,TikTok Ads,Conversoes,Engajados,Nordeste,Mobile,22123,565,37,3,3,831.93,1729.77,1349.24
2025-02-08,EML-001,Oferta Base Ativa,Email Marketing,Receita,Clientes ativos,Sul,Tablet,18458,2142,429,39,2,683.36,25399.17,883.2
2025-02-08,EML-002,Nutricao de Leads,Email Marketing,Conversoes,Leads em nutricao,Sul,Mobile,12191,908,92,4,2,434.62,2460.75,627.6
2025-02-09,GGL-001,Pesquisa Marca,Google Ads,Conversoes,Alta intencao,Sudeste,Desktop,3000,228,43,19,13,647.49,19841.24,952.56
2025-02-09,GGL-002,Pesquisa Generica,Google Ads,Conversoes,Intencao ampla,Nordeste,Mobile,4551,196,26,4,3,830.25,3057.6,1404.35
2025-02-09,GGL-003,Performance Max,Google Ads,Receita,Multicanal,Nordeste,Desktop,7084,182,13,3,2,634.31,2452.9,1114.07
2025-02-09,MET-001,Remarketing Social,Meta Ads,Conversoes,Visitantes do site,Sudeste,Desktop,12885,315,27,3,2,555.58,2300.49,1041.39
2025-02-09,MET-002,Prospeccao Interesses,Meta Ads,Leads,Interesses,Sudeste,Mobile,16377,235,9,1,1,507.95,538.2,965.95
2025-02-09,MET-003,Publico Lookalike,Meta Ads,Leads,Semelhantes,Nordeste,Mobile,15904,277,22,4,3,570.28,2678.83,974.16
2025-02-09,LNK-001,Demo B2B,LinkedIn Ads,Leads,Decisores B2B,Sudeste,Mobile,4890,55,8,0,0,492.56,0.0,714.42
2025-02-09,LNK-002,Webinar Executivo,LinkedIn Ads,Leads,Liderancas,Sul,Mobile,5545,76,14,0,0,618.08,0.0,658.89
2025-02-09,TTK-001,Video Descoberta,TikTok Ads,Alcance,Publico jovem,Sudeste,Mobile,26922,546,26,3,3,629.96,1487.78,991.12
2025-02-09,TTK-002,Criadores e Reviews,TikTok Ads,Conversoes,Engajados,Sudeste,Desktop,21806,695,39,7,7,1012.35,3343.82,1349.24
2025-02-09,EML-001,Oferta Base Ativa,Email Marketing,Receita,Clientes ativos,Sudeste,Mobile,15725,1824,278,33,4,596.9,21516.59,883.2
2025-02-09,EML-002,Nutricao de Leads,Email Marketing,Conversoes,Leads em nutricao,Sudeste,Desktop,17092,1115,148,13,6,553.34,6489.6,627.6
2025-02-10,GGL-001,Pesquisa Marca,Google Ads,Conversoes,Alta intencao,Nordeste,Mobile,4518,291,53,20,15,837.9,17992.85,952.56
2025-02-10,GGL-002,Pesquisa Generica,Google Ads,Conversoes,Intencao ampla,Sudeste,Desktop,6704,302,27,8,6,1217.23,7978.08,1404.35
2025-02-10,GGL-003,Performance Max,Google Ads,Receita,Multicanal,Sudeste,Mobile,10325,279,25,8,6,969.85,5789.08,1114.07
2025-02-10,MET-001,Remarketing Social,Meta Ads,Conversoes,Visitantes do site,Sudeste,Mobile,21055,590,69,22,8,961.93,15533.08,1041.39
2025-02-10,MET-002,Prospeccao Interesses,Meta Ads,Leads,Interesses,Nordeste,Mobile,22199,351,24,3,2,756.34,1973.96,965.95
2025-02-10,MET-003,Publico Lookalike,Meta Ads,Leads,Semelhantes,Sudeste,Mobile,20026,403,34,8,7,807.15,5802.16,974.16
2025-02-10,LNK-001,Demo B2B,LinkedIn Ads,Leads,Decisores B2B,Centro-Oeste,Desktop,5238,39,5,1,1,371.5,2967.27,714.42
2025-02-10,LNK-002,Webinar Executivo,LinkedIn Ads,Leads,Liderancas,Sudeste,Tablet,5226,64,7,2,1,537.16,5171.29,658.89
2025-02-10,TTK-001,Video Descoberta,TikTok Ads,Alcance,Publico jovem,Nordeste,Mobile,32012,752,23,3,3,827.07,1530.89,991.12
2025-02-10,TTK-002,Criadores e Reviews,TikTok Ads,Conversoes,Engajados,Sudeste,Mobile,29648,770,43,5,4,1298.47,2700.89,1349.24
2025-02-10,EML-001,Oferta Base Ativa,Email Marketing,Receita,Clientes ativos,Sudeste,Mobile,19932,2281,400,31,4,726.74,15076.99,883.2
2025-02-10,EML-002,Nutricao de Leads,Email Marketing,Conversoes,Leads em nutricao,Nordeste,Mobile,18402,1633,180,10,3,631.34,7336.11,627.6
2025-02-11,GGL-001,Pesquisa Marca,Google Ads,Conversoes,Alta intencao,Nordeste,Desktop,5039,365,54,20,13,976.73,13384.85,952.56
2025-02-11,GGL-002,Pesquisa Generica,Google Ads,Conversoes,Intencao ampla,Sudeste,Mobile,7438,329,36,9,7,1342.78,9020.0,1404.35
2025-02-11,GGL-003,Performance Max,Google Ads,Receita,Multicanal,Sudeste,Mobile,8358,212,17,4,3,650.34,3440.43,1114.07
2025-02-11,MET-001,Remarketing Social,Meta Ads,Conversoes,Visitantes do site,Sudeste,Mobile,14170,459,49,12,5,826.93,9229.45,1041.39
2025-02-11,MET-002,Prospeccao Interesses,Meta Ads,Leads,Interesses,Sudeste,Mobile,22200,296,16,3,3,654.27,2278.97,965.95
2025-02-11,MET-003,Publico Lookalike,Meta Ads,Leads,Semelhantes,Norte,Mobile,18271,448,38,5,5,890.37,4271.87,974.16
2025-02-11,LNK-001,Demo B2B,LinkedIn Ads,Leads,Decisores B2B,Sudeste,Desktop,7315,60,4,1,1,587.94,3313.0,714.42
2025-02-11,LNK-002,Webinar Executivo,LinkedIn Ads,Leads,Liderancas,Sudeste,Mobile,6495,72,13,0,0,541.99,0.0,658.89
2025-02-11,TTK-001,Video Descoberta,TikTok Ads,Alcance,Publico jovem,Centro-Oeste,Mobile,30102,582,20,3,2,675.58,1566.31,991.12
2025-02-11,TTK-002,Criadores e Reviews,TikTok Ads,Conversoes,Engajados,Centro-Oeste,Mobile,29543,906,52,10,7,1319.64,4696.38,1349.24
2025-02-11,EML-001,Oferta Base Ativa,Email Marketing,Receita,Clientes ativos,Sudeste,Mobile,18094,2136,386,43,4,675.48,24176.25,883.2
2025-02-11,EML-002,Nutricao de Leads,Email Marketing,Conversoes,Leads em nutricao,Sudeste,Desktop,14760,1267,192,15,5,521.9,10664.09,627.6
2025-02-12,GGL-001,Pesquisa Marca,Google Ads,Conversoes,Alta intencao,Nordeste,Desktop,4510,323,50,11,8,974.63,7293.0,952.56
2025-02-12,GGL-002,Pesquisa Generica,Google Ads,Conversoes,Intencao ampla,Sudeste,Desktop,6323,299,18,5,2,1180.2,5291.58,1404.35
2025-02-12,GGL-003,Performance Max,Google Ads,Receita,Multicanal,Centro-Oeste,Desktop,8459,216,19,6,3,818.56,4305.6,1114.07
2025-02-12,MET-001,Remarketing Social,Meta Ads,Conversoes,Visitantes do site,Sudeste,Mobile,13899,394,33,12,3,753.41,9222.22,1041.39
2025-02-12,MET-002,Prospeccao Interesses,Meta Ads,Leads,Interesses,Sudeste,Desktop,30538,542,53,4,4,1254.84,2991.99,965.95
2025-02-12,MET-003,Publico Lookalike,Meta Ads,Leads,Semelhantes,Centro-Oeste,Mobile,17266,292,22,2,2,580.16,1336.15,974.16
2025-02-12,LNK-001,Demo B2B,LinkedIn Ads,Leads,Decisores B2B,Nordeste,Mobile,6119,57,8,2,2,510.43,5339.14,714.42
2025-02-12,LNK-002,Webinar Executivo,LinkedIn Ads,Leads,Liderancas,Nordeste,Mobile,5694,54,8,1,1,440.24,2931.29,658.89
2025-02-12,TTK-001,Video Descoberta,TikTok Ads,Alcance,Publico jovem,Sudeste,Desktop,28113,594,20,4,4,683.67,1982.86,991.12
2025-02-12,TTK-002,Criadores e Reviews,TikTok Ads,Conversoes,Engajados,Sudeste,Desktop,21300,643,23,1,1,997.8,456.42,1349.24
2025-02-12,EML-001,Oferta Base Ativa,Email Marketing,Receita,Clientes ativos,Nordeste,Desktop,26793,2775,532,71,7,913.36,51089.27,883.2
2025-02-12,EML-002,Nutricao de Leads,Email Marketing,Conversoes,Leads em nutricao,Sudeste,Desktop,15110,1053,120,13,4,507.5,7962.32,627.6
2025-02-13,GGL-001,Pesquisa Marca,Google Ads,Conversoes,Alta intencao,Sudeste,Mobile,4500,301,49,15,11,850.27,10521.73,952.56
2025-02-13,GGL-002,Pesquisa Generica,Google Ads,Conversoes,Intencao ampla,Sul,Mobile,6123,285,36,11,9,1220.28,10132.87,1404.35
2025-02-13,GGL-003,Performance Max,Google Ads,Receita,Multicanal,Norte,Mobile,10903,264,24,5,5,889.13,5309.41,1114.07
2025-02-13,MET-001,Remarketing Social,Meta Ads,Conversoes,Visitantes do site,Sudeste,Desktop,17734,464,54,20,6,776.4,13497.39,1041.39
2025-02-13,MET-002,Prospeccao Interesses,Meta Ads,Leads,Interesses,Sudeste,Desktop,23546,381,32,5,4,902.1,2866.32,965.95
2025-02-13,MET-003,Publico Lookalike,Meta Ads,Leads,Semelhantes,Norte,Mobile,18801,327,29,7,4,682.33,4751.54,974.16
2025-02-13,LNK-001,Demo B2B,LinkedIn Ads,Leads,Decisores B2B,Nordeste,Mobile,6054,49,5,1,0,434.98,3209.97,714.42
2025-02-13,LNK-002,Webinar Executivo,LinkedIn Ads,Leads,Liderancas,Nordeste,Mobile,5644,59,10,2,1,458.99,5642.66,658.89
2025-02-13,TTK-001,Video Descoberta,TikTok Ads,Alcance,Publico jovem,Sul,Desktop,31449,756,25,5,5,909.58,1902.92,991.12
2025-02-13,TTK-002,Criadores e Reviews,TikTok Ads,Conversoes,Engajados,Nordeste,Mobile,27691,714,36,7,7,1198.52,3815.76,1349.24
2025-02-13,EML-001,Oferta Base Ativa,Email Marketing,Receita,Clientes ativos,Sudeste,Mobile,19372,2366,425,55,8,724.04,37069.69,883.2
2025-02-13,EML-002,Nutricao de Leads,Email Marketing,Conversoes,Leads em nutricao,Sudeste,Desktop,14588,996,123,12,4,491.36,8108.33,627.6
2025-02-14,GGL-001,Pesquisa Marca,Google Ads,Conversoes,Alta intencao,Norte,Mobile,3436,220,38,11,7,558.82,9233.36,952.56
2025-02-14,GGL-002,Pesquisa Generica,Google Ads,Conversoes,Intencao ampla,Sudeste,Mobile,6557,289,24,5,4,1321.96,6510.44,1404.35
2025-02-14,GGL-003,Performance Max,Google Ads,Receita,Multicanal,Sudeste,Mobile,10942,308,22,4,3,970.46,3438.97,1114.07
2025-02-14,MET-001,Remarketing Social,Meta Ads,Conversoes,Visitantes do site,Sudeste,Mobile,17338,511,57,15,7,1023.84,11380.36,1041.39
2025-02-14,MET-002,Prospeccao Interesses,Meta Ads,Leads,Interesses,Sudeste,Desktop,23340,381,25,4,4,793.07,3200.2,965.95
2025-02-14,MET-003,Publico Lookalike,Meta Ads,Leads,Semelhantes,Sudeste,Desktop,16686,402,25,6,5,779.72,3988.15,974.16
2025-02-14,LNK-001,Demo B2B,LinkedIn Ads,Leads,Decisores B2B,Sudeste,Desktop,7618,77,5,1,1,689.47,3156.23,714.42
2025-02-14,LNK-002,Webinar Executivo,LinkedIn Ads,Leads,Liderancas,Sudeste,Mobile,4921,67,4,0,0,531.75,0.0,658.89
2025-02-14,TTK-001,Video Descoberta,TikTok Ads,Alcance,Publico jovem,Centro-Oeste,Mobile,32415,701,28,4,4,822.33,1713.59,991.12
2025-02-14,TTK-002,Criadores e Reviews,TikTok Ads,Conversoes,Engajados,Sudeste,Mobile,22305,617,42,6,5,918.2,3377.95,1349.24
2025-02-14,EML-001,Oferta Base Ativa,Email Marketing,Receita,Clientes ativos,Sudeste,Desktop,19411,2390,458,46,6,727.22,28252.35,883.2
2025-02-14,EML-002,Nutricao de Leads,Email Marketing,Conversoes,Leads em nutricao,Nordeste,Desktop,16709,1507,171,16,7,584.88,9228.35,627.6
2025-02-15,GGL-001,Pesquisa Marca,Google Ads,Conversoes,Alta intencao,Sudeste,Mobile,2830,194,34,9,4,541.35,7491.71,952.56
2025-02-15,GGL-002,Pesquisa Generica,Google Ads,Conversoes,Intencao ampla,Nordeste,Mobile,4899,220,28,5,4,785.16,6606.44,1404.35
2025-02-15,GGL-003,Performance Max,Google Ads,Receita,Multicanal,Nordeste,Mobile,6795,170,15,4,2,593.44,3524.16,1114.07
2025-02-15,MET-001,Remarketing Social,Meta Ads,Conversoes,Visitantes do site,Centro-Oeste,Mobile,11745,399,32,10,4,644.77,8073.73,1041.39
2025-02-15,MET-002,Prospeccao Interesses,Meta Ads,Leads,Interesses,Sul,Mobile,17673,307,16,3,3,657.76,1969.06,965.95
2025-02-15,MET-003,Publico Lookalike,Meta Ads,Leads,Semelhantes,Sudeste,Mobile,16479,366,35,6,6,830.08,4551.88,974.16
2025-02-15,LNK-001,Demo B2B,LinkedIn Ads,Leads,Decisores B2B,Sudeste,Desktop,5321,39,3,1,1,383.77,2689.65,714.42
2025-02-15,LNK-002,Webinar Executivo,LinkedIn Ads,Leads,Liderancas,Sudeste,Mobile,4472,42,5,2,1,319.0,4606.01,658.89
2025-02-15,TTK-001,Video Descoberta,TikTok Ads,Alcance,Publico jovem,Norte,Desktop,21886,383,14,1,1,428.84,435.99,991.12
2025-02-15,TTK-002,Criadores e Reviews,TikTok Ads,Conversoes,Engajados,Sul,Desktop,21861,545,25,5,4,937.7,2760.77,1349.24
2025-02-15,EML-001,Oferta Base Ativa,Email Marketing,Receita,Clientes ativos,Sudeste,Mobile,14088,1692,392,58,8,550.96,31809.58,883.2
2025-02-15,EML-002,Nutricao de Leads,Email Marketing,Conversoes,Leads em nutricao,Sudeste,Mobile,8612,575,64,1,0,329.74,556.44,627.6
2025-02-16,GGL-001,Pesquisa Marca,Google Ads,Conversoes,Alta intencao,Norte,Mobile,2989,172,25,7,4,492.03,6604.0,952.56
2025-02-16,GGL-002,Pesquisa Generica,Google Ads,Conversoes,Intencao ampla,Norte,Mobile,4055,174,25,9,6,732.33,8173.06,1404.35
2025-02-16,GGL-003,Performance Max,Google Ads,Receita,Multicanal,Sudeste,Mobile,6602,147,10,0,0,534.99,0.0,1114.07
2025-02-16,MET-001,Remarketing Social,Meta Ads,Conversoes,Visitantes do site,Nordeste,Mobile,13369,413,54,9,4,672.84,6969.84,1041.39
2025-02-16,MET-002,Prospeccao Interesses,Meta Ads,Leads,Interesses,Sudeste,Mobile,18191,238,19,2,1,494.92,1474.35,965.95
2025-02-16,MET-003,Publico Lookalike,Meta Ads,Leads,Semelhantes,Centro-Oeste,Mobile,10548,214,16,2,1,393.91,1501.32,974.16
2025-02-16,LNK-001,Demo B2B,LinkedIn Ads,Leads,Decisores B2B,Nordeste,Desktop,4987,52,2,0,0,497.32,0.0,714.42
2025-02-16,LNK-002,Webinar Executivo,LinkedIn Ads,Leads,Liderancas,Sul,Mobile,5138,77,14,2,1,672.88,6129.25,658.89
2025-02-16,TTK-001,Video Descoberta,TikTok Ads,Alcance,Publico jovem,Sudeste,Mobile,26673,516,20,3,2,649.4,1412.55,991.12
2025-02-16,TTK-002,Criadores e Reviews,TikTok Ads,Conversoes,Engajados,Norte,Mobile,21542,639,20,4,4,937.87,3253.94,1349.24
2025-02-16,EML-001,Oferta Base Ativa,Email Marketing,Receita,Clientes ativos,Nordeste,Mobile,19482,2346,408,51,8,724.24,33664.66,883.2
2025-02-16,EML-002,Nutricao de Leads,Email Marketing,Conversoes,Leads em nutricao,Centro-Oeste,Mobile,8569,825,107,10,1,353.88,5129.29,627.6
2025-02-17,GGL-001,Pesquisa Marca,Google Ads,Conversoes,Alta intencao,Sudeste,Mobile,3662,213,34,9,7,614.94,6425.08,952.56
2025-02-17,GGL-002,Pesquisa Generica,Google Ads,Conversoes,Intencao ampla,Sudeste,Tablet,6230,311,37,9,9,1328.85,10836.43,1404.35
2025-02-17,GGL-003,Performance Max,Google Ads,Receita,Multicanal,Sul,Mobile,9859,227,20,4,3,719.37,3031.39,1114.07
2025-02-17,MET-001,Remarketing Social,Meta Ads,Conversoes,Visitantes do site,Nordeste,Desktop,14246,435,56,14,5,676.65,11630.56,1041.39
2025-02-17,MET-002,Prospeccao Interesses,Meta Ads,Leads,Interesses,Sudeste,Desktop,23569,398,36,6,5,781.42,4008.28,965.95
2025-02-17,MET-003,Publico Lookalike,Meta Ads,Leads,Semelhantes,Sudeste,Desktop,17502,329,27,5,4,652.24,4486.81,974.16
2025-02-17,LNK-001,Demo B2B,LinkedIn Ads,Leads,Decisores B2B,Sudeste,Mobile,7827,74,11,1,1,754.28,2694.13,714.42
2025-02-17,LNK-002,Webinar Executivo,LinkedIn Ads,Leads,Liderancas,Centro-Oeste,Mobile,4587,42,6,1,1,377.87,2969.08,658.89
2025-02-17,TTK-001,Video Descoberta,TikTok Ads,Alcance,Publico jovem,Nordeste,Mobile,31426,607,15,2,2,656.75,819.5,991.12
2025-02-17,TTK-002,Criadores e Reviews,TikTok Ads,Conversoes,Engajados,Sul,Mobile,22209,565,23,4,3,900.15,2607.85,1349.24
2025-02-17,EML-001,Oferta Base Ativa,Email Marketing,Receita,Clientes ativos,Nordeste,Mobile,20145,2446,453,36,6,747.5,20685.1,883.2
2025-02-17,EML-002,Nutricao de Leads,Email Marketing,Conversoes,Leads em nutricao,Nordeste,Mobile,17512,1460,147,5,3,596.24,3855.42,627.6
2025-02-18,GGL-001,Pesquisa Marca,Google Ads,Conversoes,Alta intencao,Centro-Oeste,Tablet,4239,257,49,17,15,742.66,11271.0,952.56
2025-02-18,GGL-002,Pesquisa Generica,Google Ads,Conversoes,Intencao ampla,Nordeste,Mobile,6336,283,39,8,4,1224.86,7007.6,1404.35
2025-02-18,GGL-003,Performance Max,Google Ads,Receita,Multicanal,Nordeste,Mobile,11188,288,26,6,6,885.5,5275.28,1114.07
2025-02-18,MET-001,Remarketing Social,Meta Ads,Conversoes,Visitantes do site,Nordeste,Mobile,15910,427,51,13,6,668.56,10363.79,1041.39
2025-02-18,MET-002,Prospeccao Interesses,Meta Ads,Leads,Interesses,Norte,Mobile,23154,408,18,4,3,864.71,2797.6,965.95
2025-02-18,MET-003,Publico Lookalike,Meta Ads,Leads,Semelhantes,Nordeste,Mobile,18048,322,33,7,7,673.8,6012.98,974.16
2025-02-18,LNK-001,Demo B2B,LinkedIn Ads,Leads,Decisores B2B,Nordeste,Desktop,6088,49,6,3,3,479.96,9606.2,714.42
2025-02-18,LNK-002,Webinar Executivo,LinkedIn Ads,Leads,Liderancas,Sudeste,Mobile,5221,77,12,3,2,668.82,7344.26,658.89
2025-02-18,TTK-001,Video Descoberta,TikTok Ads,Alcance,Publico jovem,Nordeste,Mobile,38780,747,26,2,2,938.45,988.63,991.12
2025-02-18,TTK-002,Criadores e Reviews,TikTok Ads,Conversoes,Engajados,Sudeste,Mobile,21159,601,34,6,5,1005.32,3766.56,1349.24
2025-02-18,EML-001,Oferta Base Ativa,Email Marketing,Receita,Clientes ativos,Nordeste,Mobile,20611,2213,448,57,6,733.52,29120.01,883.2
2025-02-18,EML-002,Nutricao de Leads,Email Marketing,Conversoes,Leads em nutricao,Centro-Oeste,Mobile,15720,1387,155,13,5,553.1,7266.39,627.6
2025-02-19,GGL-001,Pesquisa Marca,Google Ads,Conversoes,Alta intencao,Sudeste,Desktop,3041,234,50,18,11,605.9,15199.33,952.56
2025-02-19,GGL-002,Pesquisa Generica,Google Ads,Conversoes,Intencao ampla,Sul,Mobile,7168,338,31,5,4,1338.9,4944.57,1404.35
2025-02-19,GGL-003,Performance Max,Google Ads,Receita,Multicanal,Sudeste,Mobile,11573,251,20,4,4,819.59,3999.42,1114.07
2025-02-19,MET-001,Remarketing Social,Meta Ads,Conversoes,Visitantes do site,Nordeste,Mobile,15140,467,65,18,9,798.97,11501.56,1041.39
2025-02-19,MET-002,Prospeccao Interesses,Meta Ads,Leads,Interesses,Sudeste,Mobile,21984,418,34,8,7,972.57,5822.31,965.95
2025-02-19,MET-003,Publico Lookalike,Meta Ads,Leads,Semelhantes,Norte,Mobile,19986,411,25,6,6,877.47,3490.05,974.16
2025-02-19,LNK-001,Demo B2B,LinkedIn Ads,Leads,Decisores B2B,Nordeste,Desktop,7495,59,2,0,0,555.61,0.0,714.42
2025-02-19,LNK-002,Webinar Executivo,LinkedIn Ads,Leads,Liderancas,Sudeste,Desktop,5718,90,14,2,2,768.52,4309.3,658.89
2025-02-19,TTK-001,Video Descoberta,TikTok Ads,Alcance,Publico jovem,Nordeste,Mobile,31703,616,25,3,3,619.64,1491.49,991.12
2025-02-19,TTK-002,Criadores e Reviews,TikTok Ads,Conversoes,Engajados,Norte,Mobile,27747,607,34,4,2,968.8,1783.21,1349.24
2025-02-19,EML-001,Oferta Base Ativa,Email Marketing,Receita,Clientes ativos,Nordeste,Mobile,17162,1879,289,28,3,631.14,20767.87,883.2
2025-02-19,EML-002,Nutricao de Leads,Email Marketing,Conversoes,Leads em nutricao,Sudeste,Mobile,16162,1398,199,21,12,563.04,13791.71,627.6
2025-02-20,GGL-001,Pesquisa Marca,Google Ads,Conversoes,Alta intencao,Sudeste,Mobile,3929,274,27,10,7,761.82,9454.21,952.56
2025-02-20,GGL-002,Pesquisa Generica,Google Ads,Conversoes,Intencao ampla,Sudeste,Mobile,5202,257,39,10,8,1214.32,9238.9,1404.35
2025-02-20,GGL-003,Performance Max,Google Ads,Receita,Multicanal,Nordeste,Mobile,10772,238,25,8,5,858.2,8248.28,1114.07
2025-02-20,MET-001,Remarketing Social,Meta Ads,Conversoes,Visitantes do site,Sudeste,Desktop,17509,431,58,17,5,769.57,9547.2,1041.39
2025-02-20,MET-002,Prospeccao Interesses,Meta Ads,Leads,Interesses,Sul,Desktop,26257,456,16,3,2,1031.04,1857.65,965.95
2025-02-20,MET-003,Publico Lookalike,Meta Ads,Leads,Semelhantes,Centro-Oeste,Desktop,19015,442,41,6,2,947.1,4357.7,974.16
2025-02-20,LNK-001,Demo B2B,LinkedIn Ads,Leads,Decisores B2B,Nordeste,Mobile,7210,75,5,1,1,767.01,3462.81,714.42
2025-02-20,LNK-002,Webinar Executivo,LinkedIn Ads,Leads,Liderancas,Sul,Mobile,6342,75,15,2,2,639.95,5008.18,658.89
2025-02-20,TTK-001,Video Descoberta,TikTok Ads,Alcance,Publico jovem,Sudeste,Mobile,28917,557,18,0,0,643.04,0.0,991.12
2025-02-20,TTK-002,Criadores e Reviews,TikTok Ads,Conversoes,Engajados,Sul,Mobile,30968,715,34,2,1,1078.75,953.36,1349.24
2025-02-20,EML-001,Oferta Base Ativa,Email Marketing,Receita,Clientes ativos,Centro-Oeste,Mobile,25104,2864,514,70,10,888.48,41692.19,883.2
2025-02-20,EML-002,Nutricao de Leads,Email Marketing,Conversoes,Leads em nutricao,Sudeste,Mobile,14720,1223,136,6,2,516.7,3475.13,627.6
2025-02-21,GGL-001,Pesquisa Marca,Google Ads,Conversoes,Alta intencao,Sul,Mobile,3455,227,40,10,6,606.53,9393.76,952.56
2025-02-21,GGL-002,Pesquisa Generica,Google Ads,Conversoes,Intencao ampla,Sudeste,Tablet,6934,344,43,10,7,1375.73,9058.57,1404.35
2025-02-21,GGL-003,Performance Max,Google Ads,Receita,Multicanal,Sudeste,Mobile,8484,192,15,4,4,721.74,3718.61,1114.07
2025-02-21,MET-001,Remarketing Social,Meta Ads,Conversoes,Visitantes do site,Sul,Desktop,14548,388,50,11,6,683.61,8762.33,1041.39
2025-02-21,MET-002,Prospeccao Interesses,Meta Ads,Leads,Interesses,Sudeste,Mobile,26859,444,31,9,9,866.07,6588.82,965.95
2025-02-21,MET-003,Publico Lookalike,Meta Ads,Leads,Semelhantes,Norte,Tablet,16813,391,34,9,7,744.85,7186.89,974.16
2025-02-21,LNK-001,Demo B2B,LinkedIn Ads,Leads,Decisores B2B,Norte,Mobile,6121,42,3,0,0,437.11,0.0,714.42
2025-02-21,LNK-002,Webinar Executivo,LinkedIn Ads,Leads,Liderancas,Nordeste,Mobile,5684,71,13,0,0,584.88,0.0,658.89
2025-02-21,TTK-001,Video Descoberta,TikTok Ads,Alcance,Publico jovem,Sudeste,Tablet,35183,774,29,3,3,864.34,1339.62,991.12
2025-02-21,TTK-002,Criadores e Reviews,TikTok Ads,Conversoes,Engajados,Sul,Desktop,31489,813,53,3,3,1205.73,1442.11,1349.24
2025-02-21,EML-001,Oferta Base Ativa,Email Marketing,Receita,Clientes ativos,Sudeste,Mobile,16579,1569,232,28,5,588.48,18007.27,883.2
2025-02-21,EML-002,Nutricao de Leads,Email Marketing,Conversoes,Leads em nutricao,Nordeste,Desktop,16963,1520,157,17,6,591.26,12779.67,627.6
2025-02-22,GGL-001,Pesquisa Marca,Google Ads,Conversoes,Alta intencao,Nordeste,Desktop,3106,234,36,11,10,747.54,9467.32,952.56
2025-02-22,GGL-002,Pesquisa Generica,Google Ads,Conversoes,Intencao ampla,Sudeste,Mobile,4132,176,20,0,0,811.69,0.0,1404.35
2025-02-22,GGL-003,Performance Max,Google Ads,Receita,Multicanal,Sudeste,Desktop,8236,186,16,4,2,628.79,3495.16,1114.07
2025-02-22,MET-001,Remarketing Social,Meta Ads,Conversoes,Visitantes do site,Nordeste,Desktop,11504,388,43,11,7,671.92,8542.41,1041.39
2025-02-22,MET-002,Prospeccao Interesses,Meta Ads,Leads,Interesses,Nordeste,Mobile,15602,267,17,0,0,596.1,0.0,965.95
2025-02-22,MET-003,Publico Lookalike,Meta Ads,Leads,Semelhantes,Sudeste,Mobile,14834,337,27,10,9,731.98,6624.32,974.16
2025-02-22,LNK-001,Demo B2B,LinkedIn Ads,Leads,Decisores B2B,Sudeste,Mobile,5437,55,6,0,0,536.47,0.0,714.42
2025-02-22,LNK-002,Webinar Executivo,LinkedIn Ads,Leads,Liderancas,Nordeste,Desktop,3633,34,7,0,0,252.43,0.0,658.89
2025-02-22,TTK-001,Video Descoberta,TikTok Ads,Alcance,Publico jovem,Sudeste,Mobile,24314,513,24,4,4,576.44,1631.08,991.12
2025-02-22,TTK-002,Criadores e Reviews,TikTok Ads,Conversoes,Engajados,Sudeste,Mobile,21406,615,38,3,3,1038.24,1687.36,1349.24
2025-02-22,EML-001,Oferta Base Ativa,Email Marketing,Receita,Clientes ativos,Nordeste,Mobile,15585,1861,330,30,3,597.8,15977.27,883.2
2025-02-22,EML-002,Nutricao de Leads,Email Marketing,Conversoes,Leads em nutricao,Sudeste,Desktop,14085,962,132,15,6,477.9,10839.83,627.6
2025-02-23,GGL-001,Pesquisa Marca,Google Ads,Conversoes,Alta intencao,Sudeste,Desktop,2156,176,27,11,7,511.03,9005.27,952.56
2025-02-23,GGL-002,Pesquisa Generica,Google Ads,Conversoes,Intencao ampla,Sul,Mobile,4946,192,23,5,4,831.98,6270.81,1404.35
2025-02-23,GGL-003,Performance Max,Google Ads,Receita,Multicanal,Sudeste,Mobile,8398,215,17,6,5,676.38,5895.03,1114.07
2025-02-23,MET-001,Remarketing Social,Meta Ads,Conversoes,Visitantes do site,Sul,Mobile,14588,459,67,13,3,801.24,9622.73,1041.39
2025-02-23,MET-002,Prospeccao Interesses,Meta Ads,Leads,Interesses,Centro-Oeste,Desktop,20372,335,12,1,1,733.75,852.85,965.95
2025-02-23,MET-003,Publico Lookalike,Meta Ads,Leads,Semelhantes,Norte,Mobile,14582,238,12,2,1,497.37,1576.48,974.16
2025-02-23,LNK-001,Demo B2B,LinkedIn Ads,Leads,Decisores B2B,Nordeste,Mobile,5415,38,3,0,0,338.59,0.0,714.42
2025-02-23,LNK-002,Webinar Executivo,LinkedIn Ads,Leads,Liderancas,Sudeste,Mobile,4412,54,6,1,1,496.92,2589.95,658.89
2025-02-23,TTK-001,Video Descoberta,TikTok Ads,Alcance,Publico jovem,Centro-Oeste,Desktop,26019,570,13,3,3,584.52,1490.23,991.12
2025-02-23,TTK-002,Criadores e Reviews,TikTok Ads,Conversoes,Engajados,Nordeste,Mobile,17760,519,33,5,4,761.5,2617.01,1349.24
2025-02-23,EML-001,Oferta Base Ativa,Email Marketing,Receita,Clientes ativos,Norte,Desktop,14876,2018,331,43,4,599.32,27062.11,883.2
2025-02-23,EML-002,Nutricao de Leads,Email Marketing,Conversoes,Leads em nutricao,Nordeste,Desktop,13889,1099,171,15,5,487.68,10048.24,627.6
2025-02-24,GGL-001,Pesquisa Marca,Google Ads,Conversoes,Alta intencao,Sudeste,Desktop,4768,331,59,14,7,898.31,12344.01,952.56
2025-02-24,GGL-002,Pesquisa Generica,Google Ads,Conversoes,Intencao ampla,Nordeste,Mobile,6192,284,23,5,5,1341.13,4898.35,1404.35
2025-02-24,GGL-003,Performance Max,Google Ads,Receita,Multicanal,Sudeste,Mobile,10652,244,26,8,7,845.94,6095.86,1114.07
2025-02-24,MET-001,Remarketing Social,Meta Ads,Conversoes,Visitantes do site,Nordeste,Mobile,17237,520,74,22,11,1007.38,17939.53,1041.39
2025-02-24,MET-002,Prospeccao Interesses,Meta Ads,Leads,Interesses,Sudeste,Mobile,23779,377,30,5,5,775.5,2693.49,965.95
2025-02-24,MET-003,Publico Lookalike,Meta Ads,Leads,Semelhantes,Sudeste,Mobile,20945,428,36,7,7,946.55,4840.76,974.16
2025-02-24,LNK-001,Demo B2B,LinkedIn Ads,Leads,Decisores B2B,Nordeste,Mobile,6046,65,8,1,1,637.71,3096.53,714.42
2025-02-24,LNK-002,Webinar Executivo,LinkedIn Ads,Leads,Liderancas,Sudeste,Mobile,4646,62,10,0,0,517.8,0.0,658.89
2025-02-24,TTK-001,Video Descoberta,TikTok Ads,Alcance,Publico jovem,Sul,Mobile,31018,660,22,2,2,695.99,1044.38,991.12
2025-02-24,TTK-002,Criadores e Reviews,TikTok Ads,Conversoes,Engajados,Sudeste,Mobile,29881,859,49,12,11,1290.51,6669.43,1349.24
2025-02-24,EML-001,Oferta Base Ativa,Email Marketing,Receita,Clientes ativos,Sudeste,Desktop,19761,2204,453,47,3,715.62,27505.09,883.2
2025-02-24,EML-002,Nutricao de Leads,Email Marketing,Conversoes,Leads em nutricao,Sudeste,Mobile,14004,1067,104,12,6,486.78,7983.8,627.6
2025-02-25,GGL-001,Pesquisa Marca,Google Ads,Conversoes,Alta intencao,Nordeste,Mobile,3976,290,52,19,13,800.16,13847.04,952.56
2025-02-25,GGL-002,Pesquisa Generica,Google Ads,Conversoes,Intencao ampla,Nordeste,Desktop,5422,276,28,4,3,1087.68,3459.58,1404.35
2025-02-25,GGL-003,Performance Max,Google Ads,Receita,Multicanal,Sudeste,Desktop,12251,301,25,2,2,1015.95,1544.04,1114.07
2025-02-25,MET-001,Remarketing Social,Meta Ads,Conversoes,Visitantes do site,Sudeste,Mobile,17401,617,86,29,12,1143.21,22487.1,1041.39
2025-02-25,MET-002,Prospeccao Interesses,Meta Ads,Leads,Interesses,Nordeste,Tablet,28641,422,39,4,3,984.57,2911.81,965.95
2025-02-25,MET-003,Publico Lookalike,Meta Ads,Leads,Semelhantes,Sudeste,Mobile,15999,325,28,3,3,664.35,2447.67,974.16
2025-02-25,LNK-001,Demo B2B,LinkedIn Ads,Leads,Decisores B2B,Sul,Mobile,7227,66,9,3,3,628.32,9115.5,714.42
2025-02-25,LNK-002,Webinar Executivo,LinkedIn Ads,Leads,Liderancas,Sul,Desktop,5809,69,13,1,1,541.54,2419.12,658.89
2025-02-25,TTK-001,Video Descoberta,TikTok Ads,Alcance,Publico jovem,Sul,Mobile,31892,540,16,2,2,652.51,1056.53,991.12
2025-02-25,TTK-002,Criadores e Reviews,TikTok Ads,Conversoes,Engajados,Sudeste,Desktop,28433,780,40,4,3,1240.54,2011.53,1349.24
2025-02-25,EML-001,Oferta Base Ativa,Email Marketing,Receita,Clientes ativos,Sul,Mobile,20017,2082,375,47,10,708.54,30704.31,883.2
2025-02-25,EML-002,Nutricao de Leads,Email Marketing,Conversoes,Leads em nutricao,Norte,Mobile,16805,1413,189,23,5,577.4,13746.76,627.6
2025-02-26,GGL-001,Pesquisa Marca,Google Ads,Conversoes,Alta intencao,Nordeste,Mobile,4763,354,42,12,7,935.81,11836.15,952.56
2025-02-26,GGL-002,Pesquisa Generica,Google Ads,Conversoes,Intencao ampla,Sudeste,Mobile,5369,240,22,7,6,934.08,6493.38,1404.35
2025-02-26,GGL-003,Performance Max,Google Ads,Receita,Multicanal,Sudeste,Mobile,11087,307,26,6,4,1042.29,5480.82,1114.07
2025-02-26,MET-001,Remarketing Social,Meta Ads,Conversoes,Visitantes do site,Nordeste,Mobile,15626,509,65,18,7,854.8,12848.38,1041.39
2025-02-26,MET-002,Prospeccao Interesses,Meta Ads,Leads,Interesses,Sudeste,Tablet,23225,314,29,5,5,671.27,3336.95,965.95
2025-02-26,MET-003,Publico Lookalike,Meta Ads,Leads,Semelhantes,Norte,Mobile,20975,407,41,7,6,817.84,5341.04,974.16
2025-02-26,LNK-001,Demo B2B,LinkedIn Ads,Leads,Decisores B2B,Norte,Mobile,6686,65,8,1,1,616.73,2986.14,714.42
2025-02-26,LNK-002,Webinar Executivo,LinkedIn Ads,Leads,Liderancas,Sudeste,Desktop,5438,49,8,1,1,375.14,2694.83,658.89
2025-02-26,TTK-001,Video Descoberta,TikTok Ads,Alcance,Publico jovem,Nordeste,Mobile,33308,653,24,2,2,736.89,848.29,991.12
2025-02-26,TTK-002,Criadores e Reviews,TikTok Ads,Conversoes,Engajados,Sudeste,Tablet,28223,843,35,3,3,1465.64,1650.32,1349.24
2025-02-26,EML-001,Oferta Base Ativa,Email Marketing,Receita,Clientes ativos,Nordeste,Desktop,25283,2935,570,54,9,899.16,30207.34,883.2
2025-02-26,EML-002,Nutricao de Leads,Email Marketing,Conversoes,Leads em nutricao,Sudeste,Mobile,16310,1215,142,10,5,547.7,7540.12,627.6
2025-02-27,GGL-001,Pesquisa Marca,Google Ads,Conversoes,Alta intencao,Norte,Desktop,2977,240,44,17,12,670.59,11271.0,952.56
2025-02-27,GGL-002,Pesquisa Generica,Google Ads,Conversoes,Intencao ampla,Sudeste,Mobile,7367,301,31,9,4,1287.07,9024.83,1404.35
2025-02-27,GGL-003,Performance Max,Google Ads,Receita,Multicanal,Sudeste,Mobile,10439,278,23,5,4,1045.24,4913.1,1114.07
2025-02-27,MET-001,Remarketing Social,Meta Ads,Conversoes,Visitantes do site,Sul,Mobile,18460,527,59,12,4,877.1,8722.6,1041.39
2025-02-27,MET-002,Prospeccao Interesses,Meta Ads,Leads,Interesses,Sudeste,Desktop,24139,342,21,2,2,754.43,1346.61,965.95
2025-02-27,MET-003,Publico Lookalike,Meta Ads,Leads,Semelhantes,Centro-Oeste,Mobile,22660,513,44,10,8,1023.97,6568.89,974.16
2025-02-27,LNK-001,Demo B2B,LinkedIn Ads,Leads,Decisores B2B,Nordeste,Desktop,7845,82,8,1,1,772.52,3875.46,714.42
2025-02-27,LNK-002,Webinar Executivo,LinkedIn Ads,Leads,Liderancas,Sudeste,Mobile,4489,42,10,3,3,344.88,7515.49,658.89
2025-02-27,TTK-001,Video Descoberta,TikTok Ads,Alcance,Publico jovem,Nordeste,Mobile,32587,667,23,2,2,722.37,1057.78,991.12
2025-02-27,TTK-002,Criadores e Reviews,TikTok Ads,Conversoes,Engajados,Nordeste,Mobile,27586,766,43,4,3,1227.54,2298.04,1349.24
2025-02-27,EML-001,Oferta Base Ativa,Email Marketing,Receita,Clientes ativos,Sudeste,Mobile,19909,2666,375,37,11,764.78,24162.99,883.2
2025-02-27,EML-002,Nutricao de Leads,Email Marketing,Conversoes,Leads em nutricao,Norte,Mobile,17546,1660,211,9,3,616.92,6020.87,627.6
2025-02-28,GGL-001,Pesquisa Marca,Google Ads,Conversoes,Alta intencao,Nordeste,Desktop,3693,233,39,11,7,629.64,7293.0,952.56
2025-02-28,GGL-002,Pesquisa Generica,Google Ads,Conversoes,Intencao ampla,Sul,Mobile,6948,307,32,7,5,1113.75,8751.12,1404.35
2025-02-28,GGL-003,Performance Max,Google Ads,Receita,Multicanal,Sul,Desktop,10200,286,26,2,2,1008.79,1974.05,1114.07
2025-02-28,MET-001,Remarketing Social,Meta Ads,Conversoes,Visitantes do site,Sudeste,Mobile,17912,478,60,16,5,893.91,14164.36,1041.39
2025-02-28,MET-002,Prospeccao Interesses,Meta Ads,Leads,Interesses,Sul,Desktop,26627,423,18,4,4,836.12,2206.64,965.95
2025-02-28,MET-003,Publico Lookalike,Meta Ads,Leads,Semelhantes,Sudeste,Desktop,21580,470,40,8,6,951.14,7146.36,974.16
2025-02-28,LNK-001,Demo B2B,LinkedIn Ads,Leads,Decisores B2B,Norte,Desktop,5733,48,3,1,1,500.92,3308.65,714.42
2025-02-28,LNK-002,Webinar Executivo,LinkedIn Ads,Leads,Liderancas,Sudeste,Desktop,5187,57,7,3,3,421.27,6084.0,658.89
2025-02-28,TTK-001,Video Descoberta,TikTok Ads,Alcance,Publico jovem,Sudeste,Mobile,29052,620,24,4,4,682.14,1667.56,991.12
2025-02-28,TTK-002,Criadores e Reviews,TikTok Ads,Conversoes,Engajados,Nordeste,Mobile,26298,766,49,7,7,977.5,4459.13,1349.24
2025-02-28,EML-001,Oferta Base Ativa,Email Marketing,Receita,Clientes ativos,Sudeste,Tablet,21605,2512,387,51,6,783.3,24527.18,883.2
2025-02-28,EML-002,Nutricao de Leads,Email Marketing,Conversoes,Leads em nutricao,Sudeste,Tablet,16746,1365,190,17,7,571.42,13032.8,627.6
2025-03-01,GGL-001,Pesquisa Marca,Google Ads,Conversoes,Alta intencao,Sudeste,Mobile,3874,251,40,10,5,720.99,10369.79,952.56
2025-03-01,GGL-002,Pesquisa Generica,Google Ads,Conversoes,Intencao ampla,Sudeste,Desktop,4129,169,11,2,2,693.34,2188.79,1404.35
2025-03-01,GGL-003,Performance Max,Google Ads,Receita,Multicanal,Centro-Oeste,Mobile,7238,216,24,6,4,788.84,4808.98,1114.07
2025-03-01,MET-001,Remarketing Social,Meta Ads,Conversoes,Visitantes do site,Sul,Desktop,14094,391,38,5,5,657.92,3969.97,1041.39
2025-03-01,MET-002,Prospeccao Interesses,Meta Ads,Leads,Interesses,Sul,Mobile,16170,266,25,4,4,567.0,3087.3,965.95
2025-03-01,MET-003,Publico Lookalike,Meta Ads,Leads,Semelhantes,Sudeste,Mobile,14247,281,30,3,2,565.7,2217.72,974.16
2025-03-01,LNK-001,Demo B2B,LinkedIn Ads,Leads,Decisores B2B,Nordeste,Mobile,4420,33,3,0,0,314.05,0.0,714.42
2025-03-01,LNK-002,Webinar Executivo,LinkedIn Ads,Leads,Liderancas,Sudeste,Desktop,4508,50,9,2,2,378.41,4825.02,658.89
2025-03-01,TTK-001,Video Descoberta,TikTok Ads,Alcance,Publico jovem,Sudeste,Mobile,23585,501,17,1,1,596.16,580.67,991.12
2025-03-01,TTK-002,Criadores e Reviews,TikTok Ads,Conversoes,Engajados,Sudeste,Mobile,22452,640,33,4,4,980.16,2354.5,1349.24
2025-03-01,EML-001,Oferta Base Ativa,Email Marketing,Receita,Clientes ativos,Sul,Tablet,18872,2106,334,33,3,688.04,16863.93,883.2
2025-03-01,EML-002,Nutricao de Leads,Email Marketing,Conversoes,Leads em nutricao,Sudeste,Desktop,14312,1253,166,12,4,511.54,5990.4,627.6
2025-03-02,GGL-001,Pesquisa Marca,Google Ads,Conversoes,Alta intencao,Sudeste,Mobile,3378,247,35,16,11,702.23,11241.23,952.56
2025-03-02,GGL-002,Pesquisa Generica,Google Ads,Conversoes,Intencao ampla,Sul,Mobile,5868,267,26,5,4,1147.85,5856.94,1404.35
2025-03-02,GGL-003,Performance Max,Google Ads,Receita,Multicanal,Sul,Desktop,9082,208,18,3,3,706.18,2973.62,1114.07
2025-03-02,MET-001,Remarketing Social,Meta Ads,Conversoes,Visitantes do site,Centro-Oeste,Mobile,13986,448,44,12,5,772.01,6739.2,1041.39
2025-03-02,MET-002,Prospeccao Interesses,Meta Ads,Leads,Interesses,Sudeste,Mobile,17515,324,15,2,2,635.03,1296.46,965.95
2025-03-02,MET-003,Publico Lookalike,Meta Ads,Leads,Semelhantes,Sudeste,Mobile,17693,392,53,13,8,852.47,9023.09,974.16
2025-03-02,LNK-001,Demo B2B,LinkedIn Ads,Leads,Decisores B2B,Sudeste,Desktop,5359,42,5,1,1,373.61,2824.96,714.42
2025-03-02,LNK-002,Webinar Executivo,LinkedIn Ads,Leads,Liderancas,Nordeste,Desktop,5013,64,13,0,0,558.96,0.0,658.89
2025-03-02,TTK-001,Video Descoberta,TikTok Ads,Alcance,Publico jovem,Sudeste,Mobile,24549,471,17,3,3,552.64,1329.48,991.12
2025-03-02,TTK-002,Criadores e Reviews,TikTok Ads,Conversoes,Engajados,Sudeste,Mobile,23257,702,33,4,3,1134.94,1684.8,1349.24
2025-03-02,EML-001,Oferta Base Ativa,Email Marketing,Receita,Clientes ativos,Sudeste,Desktop,19497,2417,435,54,8,731.64,36070.59,883.2
2025-03-02,EML-002,Nutricao de Leads,Email Marketing,Conversoes,Leads em nutricao,Sudeste,Desktop,16727,1029,125,15,3,537.44,9594.8,627.6
2025-03-03,GGL-001,Pesquisa Marca,Google Ads,Conversoes,Alta intencao,Sudeste,Mobile,4793,348,49,21,16,1014.35,17459.05,952.56
2025-03-03,GGL-002,Pesquisa Generica,Google Ads,Conversoes,Intencao ampla,Nordeste,Mobile,8114,411,31,5,4,1624.08,6476.43,1404.35
2025-03-03,GGL-003,Performance Max,Google Ads,Receita,Multicanal,Sudeste,Tablet,12240,306,24,4,3,1047.89,3249.69,1114.07
2025-03-03,MET-001,Remarketing Social,Meta Ads,Conversoes,Visitantes do site,Norte,Desktop,23861,710,93,34,17,1218.9,24810.25,1041.39
2025-03-03,MET-002,Prospeccao Interesses,Meta Ads,Leads,Interesses,Sudeste,Mobile,24880,387,25,6,6,750.09,4468.21,965.95
2025-03-03,MET-003,Publico Lookalike,Meta Ads,Leads,Semelhantes,Sudeste,Mobile,21476,468,52,11,10,1033.01,7409.65,974.16
2025-03-03,LNK-001,Demo B2B,LinkedIn Ads,Leads,Decisores B2B,Sul,Mobile,9044,84,7,1,1,775.82,3666.81,714.42
2025-03-03,LNK-002,Webinar Executivo,LinkedIn Ads,Leads,Liderancas,Sudeste,Mobile,6480,89,14,4,3,689.21,9199.27,658.89
2025-03-03,TTK-001,Video Descoberta,TikTok Ads,Alcance,Publico jovem,Sudeste,Mobile,35255,771,35,6,5,791.44,3025.92,991.12
2025-03-03,TTK-002,Criadores e Reviews,TikTok Ads,Conversoes,Engajados,Norte,Mobile,26536,708,44,3,2,1199.27,1769.6,1349.24
2025-03-03,EML-001,Oferta Base Ativa,Email Marketing,Receita,Clientes ativos,Sul,Mobile,23921,2532,478,53,4,831.62,29154.86,883.2
2025-03-03,EML-002,Nutricao de Leads,Email Marketing,Conversoes,Leads em nutricao,Sudeste,Mobile,20867,1633,179,16,5,680.64,8942.92,627.6
2025-03-04,GGL-001,Pesquisa Marca,Google Ads,Conversoes,Alta intencao,Centro-Oeste,Mobile,4352,316,45,21,14,824.58,20006.42,952.56
2025-03-04,GGL-002,Pesquisa Generica,Google Ads,Conversoes,Intencao ampla,Nordeste,Desktop,7391,304,40,10,8,1412.35,13447.14,1404.35
2025-03-04,GGL-003,Performance Max,Google Ads,Receita,Multicanal,Sudeste,Desktop,11214,261,9,0,0,951.29,0.0,1114.07
2025-03-04,MET-001,Remarketing Social,Meta Ads,Conversoes,Visitantes do site,Sudeste,Desktop,18083,586,85,26,6,1064.86,14619.29,1041.39
2025-03-04,MET-002,Prospeccao Interesses,Meta Ads,Leads,Interesses,Sudeste,Mobile,26947,378,27,3,3,820.25,2255.09,965.95
2025-03-04,MET-003,Publico Lookalike,Meta Ads,Leads,Semelhantes,Sudeste,Mobile,18975,495,33,3,3,1113.97,2179.7,974.16
2025-03-04,LNK-001,Demo B2B,LinkedIn Ads,Leads,Decisores B2B,Sudeste,Mobile,7660,82,10,3,2,764.72,8251.39,714.42
2025-03-04,LNK-002,Webinar Executivo,LinkedIn Ads,Leads,Liderancas,Sudeste,Mobile,5606,87,12,1,1,785.59,2654.31,658.89
2025-03-04,TTK-001,Video Descoberta,TikTok Ads,Alcance,Publico jovem,Sul,Mobile,42942,804,28,1,1,876.37,486.81,991.12
2025-03-04,TTK-002,Criadores e Reviews,TikTok Ads,Conversoes,Engajados,Sudeste,Mobile,39013,1018,68,11,9,1537.53,4853.8,1349.24
2025-03-04,EML-001,Oferta Base Ativa,Email Marketing,Receita,Clientes ativos,Norte,Mobile,27458,3191,546,68,5,968.26,37705.2,883.2
2025-03-04,EML-002,Nutricao de Leads,Email Marketing,Conversoes,Leads em nutricao,Sudeste,Mobile,17706,1441,151,11,4,598.22,6880.75,627.6
2025-03-05,GGL-001,Pesquisa Marca,Google Ads,Conversoes,Alta intencao,Centro-Oeste,Desktop,4446,362,53,11,8,1013.24,9455.28,952.56
2025-03-05,GGL-002,Pesquisa Generica,Google Ads,Conversoes,Intencao ampla,Sudeste,Desktop,6579,288,24,8,6,1073.2,7809.26,1404.35
2025-03-05,GGL-003,Performance Max,Google Ads,Receita,Multicanal,Sudeste,Mobile,9841,231,21,8,6,817.88,6839.28,1114.07
2025-03-05,MET-001,Remarketing Social,Meta Ads,Conversoes,Visitantes do site,Nordeste,Mobile,14309,418,51,18,4,758.03,13745.54,1041.39
2025-03-05,MET-002,Prospeccao Interesses,Meta Ads,Leads,Interesses,Nordeste,Desktop,25397,452,38,6,5,981.04,4161.1,965.95
2025-03-05,MET-003,Publico Lookalike,Meta Ads,Leads,Semelhantes,Nordeste,Mobile,23518,496,30,8,7,981.15,7053.61,974.16
2025-03-05,LNK-001,Demo B2B,LinkedIn Ads,Leads,Decisores B2B,Nordeste,Mobile,7117,58,5,0,0,609.91,0.0,714.42
2025-03-05,LNK-002,Webinar Executivo,LinkedIn Ads,Leads,Liderancas,Sul,Mobile,5486,63,6,0,0,532.23,0.0,658.89
2025-03-05,TTK-001,Video Descoberta,TikTok Ads,Alcance,Publico jovem,Sul,Desktop,35673,729,29,3,3,848.34,1078.93,991.12
2025-03-05,TTK-002,Criadores e Reviews,TikTok Ads,Conversoes,Engajados,Sul,Mobile,30513,670,31,2,2,1030.34,842.4,1349.24
2025-03-05,EML-001,Oferta Base Ativa,Email Marketing,Receita,Clientes ativos,Nordeste,Mobile,21063,2290,426,43,5,750.26,23300.96,883.2
2025-03-05,EML-002,Nutricao de Leads,Email Marketing,Conversoes,Leads em nutricao,Nordeste,Mobile,16150,1263,161,18,9,549.3,12735.49,627.6
2025-03-06,GGL-001,Pesquisa Marca,Google Ads,Conversoes,Alta intencao,Sudeste,Mobile,3034,227,45,14,10,683.96,12378.32,952.56
2025-03-06,GGL-002,Pesquisa Generica,Google Ads,Conversoes,Intencao ampla,Sudeste,Mobile,5881,229,14,3,2,874.17,3506.42,1404.35
2025-03-06,GGL-003,Performance Max,Google Ads,Receita,Multicanal,Nordeste,Mobile,11073,304,20,0,0,1054.78,0.0,1114.07
2025-03-06,MET-001,Remarketing Social,Meta Ads,Conversoes,Visitantes do site,Sudeste,Mobile,19339,447,53,13,8,846.92,8903.89,1041.39
2025-03-06,MET-002,Prospeccao Interesses,Meta Ads,Leads,Interesses,Sudeste,Mobile,24562,458,28,6,3,1028.46,4998.38,965.95
2025-03-06,MET-003,Publico Lookalike,Meta Ads,Leads,Semelhantes,Sudeste,Mobile,19236,362,26,8,6,710.56,5722.9,974.16
2025-03-06,LNK-001,Demo B2B,LinkedIn Ads,Leads,Decisores B2B,Sudeste,Mobile,6882,59,4,0,0,502.33,0.0,714.42
2025-03-06,LNK-002,Webinar Executivo,LinkedIn Ads,Leads,Liderancas,Nordeste,Mobile,5764,49,9,0,0,399.42,0.0,658.89
2025-03-06,TTK-001,Video Descoberta,TikTok Ads,Alcance,Publico jovem,Nordeste,Desktop,43640,970,29,3,3,1227.07,1327.15,991.12
2025-03-06,TTK-002,Criadores e Reviews,TikTok Ads,Conversoes,Engajados,Sudeste,Desktop,34076,943,52,10,8,1447.15,6541.78,1349.24
2025-03-06,EML-001,Oferta Base Ativa,Email Marketing,Receita,Clientes ativos,Centro-Oeste,Mobile,18823,1955,286,31,7,671.96,18942.61,883.2
2025-03-06,EML-002,Nutricao de Leads,Email Marketing,Conversoes,Leads em nutricao,Sudeste,Mobile,17980,1373,138,11,5,596.9,5957.75,627.6
2025-03-07,GGL-001,Pesquisa Marca,Google Ads,Conversoes,Alta intencao,Sul,Desktop,3975,271,47,19,9,826.57,17734.89,952.56
2025-03-07,GGL-002,Pesquisa Generica,Google Ads,Conversoes,Intencao ampla,Nordeste,Desktop,6601,261,31,9,8,1014.22,7988.15,1404.35
2025-03-07,GGL-003,Performance Max,Google Ads,Receita,Multicanal,Nordeste,Desktop,11491,347,26,6,4,1149.64,4936.42,1114.07
2025-03-07,MET-001,Remarketing Social,Meta Ads,Conversoes,Visitantes do site,Sul,Mobile,15109,327,36,6,1,516.48,4063.02,1041.39
2025-03-07,MET-002,Prospeccao Interesses,Meta Ads,Leads,Interesses,Centro-Oeste,Desktop,30701,402,25,3,2,968.61,1968.53,965.95
2025-03-07,MET-003,Publico Lookalike,Meta Ads,Leads,Semelhantes,Nordeste,Desktop,18912,334,26,6,5,664.84,3906.35,974.16
2025-03-07,LNK-001,Demo B2B,LinkedIn Ads,Leads,Decisores B2B,Sul,Mobile,7425,35,3,0,0,333.01,0.0,714.42
2025-03-07,LNK-002,Webinar Executivo,LinkedIn Ads,Leads,Liderancas,Sudeste,Mobile,5428,55,2,0,0,474.17,0.0,658.89
2025-03-07,TTK-001,Video Descoberta,TikTok Ads,Alcance,Publico jovem,Sudeste,Mobile,37362,769,20,2,2,759.25,897.88,991.12
2025-03-07,TTK-002,Criadores e Reviews,TikTok Ads,Conversoes,Engajados,Norte,Mobile,31892,896,60,10,10,1383.63,6087.83,1349.24
2025-03-07,EML-001,Oferta Base Ativa,Email Marketing,Receita,Clientes ativos,Sudeste,Mobile,26030,2563,481,61,7,876.9,31819.29,883.2
2025-03-07,EML-002,Nutricao de Leads,Email Marketing,Conversoes,Leads em nutricao,Sul,Mobile,16473,1251,140,17,4,554.56,10917.85,627.6
2025-03-08,GGL-001,Pesquisa Marca,Google Ads,Conversoes,Alta intencao,Sudeste,Mobile,3363,214,37,10,6,667.38,7754.61,952.56
2025-03-08,GGL-002,Pesquisa Generica,Google Ads,Conversoes,Intencao ampla,Sudeste,Mobile,5388,281,34,7,5,1158.97,6572.4,1404.35
2025-03-08,GGL-003,Performance Max,Google Ads,Receita,Multicanal,Sudeste,Mobile,8312,176,16,4,3,606.26,3876.24,1114.07
2025-03-08,MET-001,Remarketing Social,Meta Ads,Conversoes,Visitantes do site,Sudeste,Mobile,14982,387,38,10,6,680.51,7082.4,1041.39
2025-03-08,MET-002,Prospeccao Interesses,Meta Ads,Leads,Interesses,Centro-Oeste,Desktop,19959,296,29,3,3,670.24,2211.09,965.95
2025-03-08,MET-003,Publico Lookalike,Meta Ads,Leads,Semelhantes,Sudeste,Mobile,20234,451,41,9,8,923.98,6477.57,974.16
2025-03-08,LNK-001,Demo B2B,LinkedIn Ads,Leads,Decisores B2B,Sudeste,Tablet,5367,46,3,0,0,427.47,0.0,714.42
2025-03-08,LNK-002,Webinar Executivo,LinkedIn Ads,Leads,Liderancas,Sul,Desktop,5616,84,6,0,0,728.32,0.0,658.89
2025-03-08,TTK-001,Video Descoberta,TikTok Ads,Alcance,Publico jovem,Nordeste,Desktop,28196,564,20,3,3,657.44,1529.67,991.12
2025-03-08,TTK-002,Criadores e Reviews,TikTok Ads,Conversoes,Engajados,Nordeste,Tablet,20775,432,24,4,4,679.84,2147.57,1349.24
2025-03-08,EML-001,Oferta Base Ativa,Email Marketing,Receita,Clientes ativos,Norte,Desktop,18368,2256,382,46,8,692.96,26868.52,883.2
2025-03-08,EML-002,Nutricao de Leads,Email Marketing,Conversoes,Leads em nutricao,Sul,Desktop,11403,776,107,9,4,405.66,5751.05,627.6
2025-03-09,GGL-001,Pesquisa Marca,Google Ads,Conversoes,Alta intencao,Sul,Desktop,3082,225,33,10,7,627.14,9132.52,952.56
2025-03-09,GGL-002,Pesquisa Generica,Google Ads,Conversoes,Intencao ampla,Sudeste,Mobile,5185,231,33,6,5,1039.78,5195.35,1404.35
2025-03-09,GGL-003,Performance Max,Google Ads,Receita,Multicanal,Nordeste,Mobile,9869,270,19,3,2,912.17,2731.14,1114.07
2025-03-09,MET-001,Remarketing Social,Meta Ads,Conversoes,Visitantes do site,Sudeste,Mobile,14932,386,49,16,6,715.3,10508.13,1041.39
2025-03-09,MET-002,Prospeccao Interesses,Meta Ads,Leads,Interesses,Sudeste,Desktop,19054,307,27,2,2,660.83,1534.03,965.95
2025-03-09,MET-003,Publico Lookalike,Meta Ads,Leads,Semelhantes,Sul,Mobile,13423,234,24,4,4,493.26,2414.56,974.16
2025-03-09,LNK-001,Demo B2B,LinkedIn Ads,Leads,Decisores B2B,Sudeste,Desktop,5818,57,5,1,1,528.23,3328.05,714.42
2025-03-09,LNK-002,Webinar Executivo,LinkedIn Ads,Leads,Liderancas,Nordeste,Tablet,4886,54,7,0,0,430.98,0.0,658.89
2025-03-09,TTK-001,Video Descoberta,TikTok Ads,Alcance,Publico jovem,Centro-Oeste,Mobile,33800,656,23,3,3,841.17,1582.22,991.12
2025-03-09,TTK-002,Criadores e Reviews,TikTok Ads,Conversoes,Engajados,Sudeste,Mobile,19790,516,17,2,2,751.43,1095.78,1349.24
2025-03-09,EML-001,Oferta Base Ativa,Email Marketing,Receita,Clientes ativos,Sudeste,Desktop,16064,1825,349,36,7,603.78,17128.8,883.2
2025-03-09,EML-002,Nutricao de Leads,Email Marketing,Conversoes,Leads em nutricao,Nordeste,Desktop,15008,1361,155,10,3,536.26,6148.77,627.6
2025-03-10,GGL-001,Pesquisa Marca,Google Ads,Conversoes,Alta intencao,Nordeste,Desktop,3891,328,69,28,18,835.34,26140.33,952.56
2025-03-10,GGL-002,Pesquisa Generica,Google Ads,Conversoes,Intencao ampla,Sudeste,Mobile,7919,336,23,9,6,1358.16,8621.39,1404.35
2025-03-10,GGL-003,Performance Max,Google Ads,Receita,Multicanal,Sudeste,Mobile,11728,310,30,7,5,1048.47,5614.55,1114.07
2025-03-10,MET-001,Remarketing Social,Meta Ads,Conversoes,Visitantes do site,Sul,Mobile,18001,543,77,24,7,1066.01,20120.87,1041.39
2025-03-10,MET-002,Prospeccao Interesses,Meta Ads,Leads,Interesses,Sul,Desktop,25638,440,42,6,5,975.95,4440.32,965.95
2025-03-10,MET-003,Publico Lookalike,Meta Ads,Leads,Semelhantes,Sudeste,Mobile,20147,400,36,10,8,810.18,6561.31,974.16
2025-03-10,LNK-001,Demo B2B,LinkedIn Ads,Leads,Decisores B2B,Sul,Desktop,7180,66,4,1,1,652.4,2905.65,714.42
2025-03-10,LNK-002,Webinar Executivo,LinkedIn Ads,Leads,Liderancas,Sul,Mobile,6208,80,10,3,3,706.79,9543.56,658.89
2025-03-10,TTK-001,Video Descoberta,TikTok Ads,Alcance,Publico jovem,Sul,Mobile,30230,659,20,3,3,787.06,1438.09,991.12
2025-03-10,TTK-002,Criadores e Reviews,TikTok Ads,Conversoes,Engajados,Nordeste,Mobile,32878,724,24,1,0,1040.96,539.15,1349.24
2025-03-10,EML-001,Oferta Base Ativa,Email Marketing,Receita,Clientes ativos,Sudeste,Mobile,24363,3020,490,76,8,889.26,41799.44,883.2
2025-03-10,EML-002,Nutricao de Leads,Email Marketing,Conversoes,Leads em nutricao,Centro-Oeste,Mobile,16707,1274,173,14,4,561.54,9397.9,627.6
2025-03-11,GGL-001,Pesquisa Marca,Google Ads,Conversoes,Alta intencao,Sul,Mobile,4808,308,50,17,10,889.39,12397.47,952.56
2025-03-11,GGL-002,Pesquisa Generica,Google Ads,Conversoes,Intencao ampla,Sudeste,Mobile,6562,259,19,6,4,1181.01,5084.57,1404.35
2025-03-11,GGL-003,Performance Max,Google Ads,Receita,Multicanal,Nordeste,Desktop,11509,279,21,7,4,996.83,6047.84,1114.07
2025-03-11,MET-001,Remarketing Social,Meta Ads,Conversoes,Visitantes do site,Sudeste,Mobile,21994,615,65,24,13,1008.94,14493.69,1041.39
2025-03-11,MET-002,Prospeccao Interesses,Meta Ads,Leads,Interesses,Sul,Desktop,27217,369,22,3,3,744.24,2448.23,965.95
2025-03-11,MET-003,Publico Lookalike,Meta Ads,Leads,Semelhantes,Sudeste,Mobile,24054,522,42,8,6,1166.37,6178.49,974.16
2025-03-11,LNK-001,Demo B2B,LinkedIn Ads,Leads,Decisores B2B,Centro-Oeste,Desktop,9088,90,12,2,2,868.36,5972.9,714.42
2025-03-11,LNK-002,Webinar Executivo,LinkedIn Ads,Leads,Liderancas,Nordeste,Desktop,6806,62,6,1,1,514.07,3181.35,658.89
2025-03-11,TTK-001,Video Descoberta,TikTok Ads,Alcance,Publico jovem,Sudeste,Mobile,46612,976,39,4,4,1092.34,1481.68,991.12
2025-03-11,TTK-002,Criadores e Reviews,TikTok Ads,Conversoes,Engajados,Nordeste,Desktop,27563,811,53,9,8,1277.43,4011.61,1349.24
2025-03-11,EML-001,Oferta Base Ativa,Email Marketing,Receita,Clientes ativos,Sudeste,Mobile,23027,2817,435,54,9,842.24,33070.73,883.2
2025-03-11,EML-002,Nutricao de Leads,Email Marketing,Conversoes,Leads em nutricao,Sudeste,Mobile,18297,1562,192,16,7,622.14,11932.13,627.6
2025-03-12,GGL-001,Pesquisa Marca,Google Ads,Conversoes,Alta intencao,Sul,Desktop,4619,355,53,17,12,959.85,15253.65,952.56
2025-03-12,GGL-002,Pesquisa Generica,Google Ads,Conversoes,Intencao ampla,Norte,Mobile,7511,320,30,5,5,1376.59,4948.21,1404.35
2025-03-12,GGL-003,Performance Max,Google Ads,Receita,Multicanal,Nordeste,Mobile,9903,273,28,6,5,936.77,5837.1,1114.07
2025-03-12,MET-001,Remarketing Social,Meta Ads,Conversoes,Visitantes do site,Sudeste,Mobile,18111,594,73,22,5,1097.0,14206.52,1041.39
2025-03-12,MET-002,Prospeccao Interesses,Meta Ads,Leads,Interesses,Nordeste,Mobile,28459,409,35,5,4,823.63,3201.38,965.95
2025-03-12,MET-003,Publico Lookalike,Meta Ads,Leads,Semelhantes,Sudeste,Mobile,18078,411,26,2,2,847.77,1415.08,974.16
2025-03-12,LNK-001,Demo B2B,LinkedIn Ads,Leads,Decisores B2B,Sudeste,Mobile,7820,72,8,2,2,650.45,5926.25,714.42
2025-03-12,LNK-002,Webinar Executivo,LinkedIn Ads,Leads,Liderancas,Sudeste,Desktop,6554,78,14,1,1,681.03,2700.36,658.89
2025-03-12,TTK-001,Video Descoberta,TikTok Ads,Alcance,Publico jovem,Sudeste,Mobile,39902,865,25,3,3,1068.88,1217.0,991.12
2025-03-12,TTK-002,Criadores e Reviews,TikTok Ads,Conversoes,Engajados,Nordeste,Mobile,31131,849,35,3,2,1291.63,1550.52,1349.24
2025-03-12,EML-001,Oferta Base Ativa,Email Marketing,Receita,Clientes ativos,Sudeste,Desktop,22053,2791,519,68,9,820.16,36311.25,883.2
2025-03-12,EML-002,Nutricao de Leads,Email Marketing,Conversoes,Leads em nutricao,Nordeste,Desktop,16542,1184,160,15,7,549.24,10824.89,627.6
2025-03-13,GGL-001,Pesquisa Marca,Google Ads,Conversoes,Alta intencao,Sudeste,Mobile,3678,264,45,11,9,757.13,8162.13,952.56
2025-03-13,GGL-002,Pesquisa Generica,Google Ads,Conversoes,Intencao ampla,Nordeste,Mobile,6414,299,30,8,7,1431.18,6302.92,1404.35
2025-03-13,GGL-003,Performance Max,Google Ads,Receita,Multicanal,Sudeste,Mobile,11200,291,25,2,2,1002.24,1731.29,1114.07
2025-03-13,MET-001,Remarketing Social,Meta Ads,Conversoes,Visitantes do site,Sudeste,Desktop,21117,538,71,16,8,991.32,10171.64,1041.39
2025-03-13,MET-002,Prospeccao Interesses,Meta Ads,Leads,Interesses,Sudeste,Tablet,21089,339,31,4,4,755.86,2569.81,965.95
2025-03-13,MET-003,Publico Lookalike,Meta Ads,Leads,Semelhantes,Sudeste,Mobile,23356,497,51,7,5,976.72,5329.05,974.16
2025-03-13,LNK-001,Demo B2B,LinkedIn Ads,Leads,Decisores B2B,Sudeste,Tablet,6393,58,6,0,0,612.76,0.0,714.42
2025-03-13,LNK-002,Webinar Executivo,LinkedIn Ads,Leads,Liderancas,Sudeste,Mobile,6227,73,12,2,2,588.52,4707.49,658.89
2025-03-13,TTK-001,Video Descoberta,TikTok Ads,Alcance,Publico jovem,Sudeste,Mobile,37582,749,28,2,1,903.88,954.09,991.12
2025-03-13,TTK-002,Criadores e Reviews,TikTok Ads,Conversoes,Engajados,Nordeste,Tablet,29431,763,45,6,6,1175.3,3837.02,1349.24
2025-03-13,EML-001,Oferta Base Ativa,Email Marketing,Receita,Clientes ativos,Sudeste,Tablet,21632,2815,606,54,7,814.14,29002.88,883.2
2025-03-13,EML-002,Nutricao de Leads,Email Marketing,Conversoes,Leads em nutricao,Norte,Mobile,14604,1187,139,11,6,510.78,7074.25,627.6
2025-03-14,GGL-001,Pesquisa Marca,Google Ads,Conversoes,Alta intencao,Sudeste,Mobile,3637,263,38,12,7,772.92,12035.16,952.56
2025-03-14,GGL-002,Pesquisa Generica,Google Ads,Conversoes,Intencao ampla,Centro-Oeste,Mobile,7123,271,14,5,3,1154.7,5079.44,1404.35
2025-03-14,GGL-003,Performance Max,Google Ads,Receita,Multicanal,Nordeste,Desktop,10662,274,16,2,1,995.41,1759.51,1114.07
2025-03-14,MET-001,Remarketing Social,Meta Ads,Conversoes,Visitantes do site,Sudeste,Mobile,18912,554,67,21,14,810.51,16127.85,1041.39
2025-03-14,MET-002,Prospeccao Interesses,Meta Ads,Leads,Interesses,Sudeste,Desktop,23434,370,30,8,8,833.57,5600.52,965.95
2025-03-14,MET-003,Publico Lookalike,Meta Ads,Leads,Semelhantes,Nordeste,Tablet,18773,397,30,2,2,802.76,1589.23,974.16
2025-03-14,LNK-001,Demo B2B,LinkedIn Ads,Leads,Decisores B2B,Sudeste,Desktop,6406,59,3,0,0,612.61,0.0,714.42
2025-03-14,LNK-002,Webinar Executivo,LinkedIn Ads,Leads,Liderancas,Sul,Mobile,6245,65,11,0,0,549.56,0.0,658.89
2025-03-14,TTK-001,Video Descoberta,TikTok Ads,Alcance,Publico jovem,Sudeste,Mobile,35584,654,17,1,1,795.32,502.72,991.12
2025-03-14,TTK-002,Criadores e Reviews,TikTok Ads,Conversoes,Engajados,Nordeste,Mobile,29966,783,38,3,3,1247.58,1738.97,1349.24
2025-03-14,EML-001,Oferta Base Ativa,Email Marketing,Receita,Clientes ativos,Sudeste,Mobile,30658,2820,418,76,9,995.16,47454.67,883.2
2025-03-14,EML-002,Nutricao de Leads,Email Marketing,Conversoes,Leads em nutricao,Centro-Oeste,Mobile,18285,1344,160,16,7,600.1,10236.97,627.6
2025-03-15,GGL-001,Pesquisa Marca,Google Ads,Conversoes,Alta intencao,Sudeste,Desktop,3469,225,42,17,11,602.36,17080.48,952.56
2025-03-15,GGL-002,Pesquisa Generica,Google Ads,Conversoes,Intencao ampla,Sul,Mobile,5759,244,17,5,4,925.27,3956.8,1404.35
2025-03-15,GGL-003,Performance Max,Google Ads,Receita,Multicanal,Nordeste,Mobile,6702,135,9,2,1,485.48,2098.97,1114.07
2025-03-15,MET-001,Remarketing Social,Meta Ads,Conversoes,Visitantes do site,Sudeste,Mobile,12081,379,38,12,5,700.97,7019.81,1041.39
2025-03-15,MET-002,Prospeccao Interesses,Meta Ads,Leads,Interesses,Centro-Oeste,Desktop,21990,377,35,8,7,849.61,5247.07,965.95
2025-03-15,MET-003,Publico Lookalike,Meta Ads,Leads,Semelhantes,Sudeste,Mobile,15021,299,28,6,4,597.85,4555.38,974.16
2025-03-15,LNK-001,Demo B2B,LinkedIn Ads,Leads,Decisores B2B,Sudeste,Mobile,4909,45,3,0,0,483.86,0.0,714.42
2025-03-15,LNK-002,Webinar Executivo,LinkedIn Ads,Leads,Liderancas,Sudeste,Mobile,4563,48,8,1,1,377.2,3061.19,658.89
2025-03-15,TTK-001,Video Descoberta,TikTok Ads,Alcance,Publico jovem,Sudeste,Mobile,26552,593,18,1,1,754.59,460.94,991.12
2025-03-15,TTK-002,Criadores e Reviews,TikTok Ads,Conversoes,Engajados,Norte,Desktop,24895,657,38,7,4,931.88,3383.21,1349.24
2025-03-15,EML-001,Oferta Base Ativa,Email Marketing,Receita,Clientes ativos,Nordeste,Mobile,22962,2631,504,53,2,822.34,40674.08,883.2
2025-03-15,EML-002,Nutricao de Leads,Email Marketing,Conversoes,Leads em nutricao,Nordeste,Mobile,15304,1547,182,15,6,560.78,10596.88,627.6
2025-03-16,GGL-001,Pesquisa Marca,Google Ads,Conversoes,Alta intencao,Sudeste,Mobile,3035,250,42,9,5,670.19,6865.87,952.56
2025-03-16,GGL-002,Pesquisa Generica,Google Ads,Conversoes,Intencao ampla,Centro-Oeste,Mobile,6310,278,30,7,6,1130.06,5973.01,1404.35
2025-03-16,GGL-003,Performance Max,Google Ads,Receita,Multicanal,Sul,Mobile,9294,233,20,3,1,757.26,2152.8,1114.07
2025-03-16,MET-001,Remarketing Social,Meta Ads,Conversoes,Visitantes do site,Sudeste,Desktop,13560,441,57,12,7,798.78,10001.83,1041.39
2025-03-16,MET-002,Prospeccao Interesses,Meta Ads,Leads,Interesses,Nordeste,Mobile,19375,309,27,3,2,654.77,2220.0,965.95
2025-03-16,MET-003,Publico Lookalike,Meta Ads,Leads,Semelhantes,Sudeste,Mobile,15079,225,19,8,5,487.69,5296.65,974.16
2025-03-16,LNK-001,Demo B2B,LinkedIn Ads,Leads,Decisores B2B,Sudeste,Mobile,5133,47,4,1,1,468.08,3278.61,714.42
2025-03-16,LNK-002,Webinar Executivo,LinkedIn Ads,Leads,Liderancas,Sul,Desktop,4486,56,5,1,1,474.13,2712.87,658.89
2025-03-16,TTK-001,Video Descoberta,TikTok Ads,Alcance,Publico jovem,Sudeste,Desktop,31228,570,25,0,0,656.97,0.0,991.12
2025-03-16,TTK-002,Criadores e Reviews,TikTok Ads,Conversoes,Engajados,Sul,Mobile,25894,651,38,1,1,1039.32,517.33,1349.24
2025-03-16,EML-001,Oferta Base Ativa,Email Marketing,Receita,Clientes ativos,Sul,Mobile,14707,1500,252,19,4,544.14,11152.26,883.2
2025-03-16,EML-002,Nutricao de Leads,Email Marketing,Conversoes,Leads em nutricao,Nordeste,Desktop,14223,1095,102,7,4,493.96,4297.76,627.6
2025-03-17,GGL-001,Pesquisa Marca,Google Ads,Conversoes,Alta intencao,Sudeste,Mobile,4723,300,39,7,6,855.88,5602.55,952.56
2025-03-17,GGL-002,Pesquisa Generica,Google Ads,Conversoes,Intencao ampla,Sudeste,Mobile,8428,343,47,8,8,1369.08,9330.1,1404.35
2025-03-17,GGL-003,Performance Max,Google Ads,Receita,Multicanal,Norte,Desktop,9888,235,23,5,5,811.62,3798.47,1114.07
2025-03-17,MET-001,Remarketing Social,Meta Ads,Conversoes,Visitantes do site,Nordeste,Desktop,20103,528,73,19,11,946.95,15166.71,1041.39
2025-03-17,MET-002,Prospeccao Interesses,Meta Ads,Leads,Interesses,Nordeste,Mobile,29631,429,22,6,5,1067.22,4953.49,965.95
2025-03-17,MET-003,Publico Lookalike,Meta Ads,Leads,Semelhantes,Centro-Oeste,Desktop,19626,435,31,3,3,948.71,2250.56,974.16
2025-03-17,LNK-001,Demo B2B,LinkedIn Ads,Leads,Decisores B2B,Sudeste,Mobile,7118,66,7,2,2,653.55,6252.74,714.42
2025-03-17,LNK-002,Webinar Executivo,LinkedIn Ads,Leads,Liderancas,Nordeste,Mobile,4280,52,9,0,0,463.48,0.0,658.89
2025-03-17,TTK-001,Video Descoberta,TikTok Ads,Alcance,Publico jovem,Nordeste,Mobile,37033,745,32,5,5,884.48,2002.05,991.12
2025-03-17,TTK-002,Criadores e Reviews,TikTok Ads,Conversoes,Engajados,Sul,Mobile,28337,673,43,6,5,1065.41,3287.74,1349.24
2025-03-17,EML-001,Oferta Base Ativa,Email Marketing,Receita,Clientes ativos,Sul,Mobile,22973,2766,609,81,7,836.06,49060.22,883.2
2025-03-17,EML-002,Nutricao de Leads,Email Marketing,Conversoes,Leads em nutricao,Sudeste,Mobile,21311,1808,224,13,6,707.02,9033.16,627.6
2025-03-18,GGL-001,Pesquisa Marca,Google Ads,Conversoes,Alta intencao,Sul,Mobile,4588,354,51,16,9,1021.34,11778.52,952.56
2025-03-18,GGL-002,Pesquisa Generica,Google Ads,Conversoes,Intencao ampla,Sudeste,Desktop,6965,338,38,12,9,1471.84,11524.15,1404.35
2025-03-18,GGL-003,Performance Max,Google Ads,Receita,Multicanal,Sul,Desktop,11565,317,25,5,5,1157.96,5388.93,1114.07
2025-03-18,MET-001,Remarketing Social,Meta Ads,Conversoes,Visitantes do site,Centro-Oeste,Mobile,20739,654,60,12,5,1197.01,7883.44,1041.39
2025-03-18,MET-002,Prospeccao Interesses,Meta Ads,Leads,Interesses,Centro-Oeste,Mobile,29419,476,34,7,7,1027.24,4669.46,965.95
2025-03-18,MET-003,Publico Lookalike,Meta Ads,Leads,Semelhantes,Nordeste,Tablet,24437,412,33,8,6,753.72,4891.63,974.16
2025-03-18,LNK-001,Demo B2B,LinkedIn Ads,Leads,Decisores B2B,Sudeste,Mobile,7356,61,7,1,1,616.33,3671.08,714.42
2025-03-18,LNK-002,Webinar Executivo,LinkedIn Ads,Leads,Liderancas,Sudeste,Desktop,6834,99,9,0,0,760.64,0.0,658.89
2025-03-18,TTK-001,Video Descoberta,TikTok Ads,Alcance,Publico jovem,Sul,Mobile,38208,839,34,2,2,951.95,717.6,991.12
2025-03-18,TTK-002,Criadores e Reviews,TikTok Ads,Conversoes,Engajados,Centro-Oeste,Mobile,30603,868,51,7,6,1224.73,3247.08,1349.24
2025-03-18,EML-001,Oferta Base Ativa,Email Marketing,Receita,Clientes ativos,Sudeste,Mobile,22822,2639,465,59,5,820.34,33317.12,883.2
2025-03-18,EML-002,Nutricao de Leads,Email Marketing,Conversoes,Leads em nutricao,Nordeste,Mobile,17771,1345,185,14,5,589.92,10675.68,627.6
2025-03-19,GGL-001,Pesquisa Marca,Google Ads,Conversoes,Alta intencao,Sudeste,Mobile,4342,310,48,16,11,797.64,13202.99,952.56
2025-03-19,GGL-002,Pesquisa Generica,Google Ads,Conversoes,Intencao ampla,Sudeste,Mobile,6552,315,32,8,6,1370.35,8801.53,1404.35
2025-03-19,GGL-003,Performance Max,Google Ads,Receita,Multicanal,Sudeste,Mobile,12535,288,23,4,2,977.55,4618.11,1114.07
2025-03-19,MET-001,Remarketing Social,Meta Ads,Conversoes,Visitantes do site,Nordeste,Mobile,18406,530,66,17,9,934.87,14279.62,1041.39
2025-03-19,MET-002,Prospeccao Interesses,Meta Ads,Leads,Interesses,Sudeste,Mobile,23780,338,33,0,0,819.76,0.0,965.95
2025-03-19,MET-003,Publico Lookalike,Meta Ads,Leads,Semelhantes,Nordeste,Desktop,25279,487,53,13,13,954.19,8760.52,974.16
2025-03-19,LNK-001,Demo B2B,LinkedIn Ads,Leads,Decisores B2B,Sudeste,Mobile,6972,75,6,1,1,729.93,3593.95,714.42
2025-03-19,LNK-002,Webinar Executivo,LinkedIn Ads,Leads,Liderancas,Nordeste,Desktop,7273,95,11,0,0,753.91,0.0,658.89
2025-03-19,TTK-001,Video Descoberta,TikTok Ads,Alcance,Publico jovem,Sudeste,Mobile,31138,610,25,2,2,654.91,782.16,991.12
2025-03-19,TTK-002,Criadores e Reviews,TikTok Ads,Conversoes,Engajados,Sul,Tablet,27707,724,43,6,5,1107.81,4173.14,1349.24
2025-03-19,EML-001,Oferta Base Ativa,Email Marketing,Receita,Clientes ativos,Sudeste,Mobile,19456,2176,373,31,2,706.72,21511.32,883.2
2025-03-19,EML-002,Nutricao de Leads,Email Marketing,Conversoes,Leads em nutricao,Nordeste,Mobile,16460,1292,170,9,1,558.4,5823.41,627.6
2025-03-20,GGL-001,Pesquisa Marca,Google Ads,Conversoes,Alta intencao,Centro-Oeste,Tablet,4553,339,70,31,19,804.76,30157.39,952.56
2025-03-20,GGL-002,Pesquisa Generica,Google Ads,Conversoes,Intencao ampla,Sudeste,Mobile,6652,273,26,6,4,1097.31,6048.06,1404.35
2025-03-20,GGL-003,Performance Max,Google Ads,Receita,Multicanal,Sudeste,Mobile,9643,249,15,3,3,829.58,2994.67,1114.07
2025-03-20,MET-001,Remarketing Social,Meta Ads,Conversoes,Visitantes do site,Sudeste,Mobile,18922,554,70,23,11,946.11,17327.29,1041.39
2025-03-20,MET-002,Prospeccao Interesses,Meta Ads,Leads,Interesses,Sudeste,Desktop,25190,408,34,7,6,889.01,4440.39,965.95
2025-03-20,MET-003,Publico Lookalike,Meta Ads,Leads,Semelhantes,Centro-Oeste,Desktop,21937,546,42,6,5,1116.81,4712.96,974.16
2025-03-20,LNK-001,Demo B2B,LinkedIn Ads,Leads,Decisores B2B,Sudeste,Mobile,7830,62,5,1,1,617.38,3334.04,714.42
2025-03-20,LNK-002,Webinar Executivo,LinkedIn Ads,Leads,Liderancas,Nordeste,Desktop,6523,86,18,2,2,683.87,5903.76,658.89
2025-03-20,TTK-001,Video Descoberta,TikTok Ads,Alcance,Publico jovem,Sudeste,Mobile,33638,703,28,2,2,839.67,1076.86,991.12
2025-03-20,TTK-002,Criadores e Reviews,TikTok Ads,Conversoes,Engajados,Sudeste,Desktop,31865,693,28,3,2,1058.38,1593.57,1349.24
2025-03-20,EML-001,Oferta Base Ativa,Email Marketing,Receita,Clientes ativos,Nordeste,Tablet,23621,3248,551,41,8,897.22,20306.16,883.2
2025-03-20,EML-002,Nutricao de Leads,Email Marketing,Conversoes,Leads em nutricao,Nordeste,Mobile,18911,1853,177,18,6,663.52,10638.58,627.6
2025-03-21,GGL-001,Pesquisa Marca,Google Ads,Conversoes,Alta intencao,Sudeste,Desktop,4218,284,34,18,14,824.82,13505.28,952.56
2025-03-21,GGL-002,Pesquisa Generica,Google Ads,Conversoes,Intencao ampla,Sudeste,Tablet,7710,310,46,17,14,1242.84,23387.8,1404.35
2025-03-21,GGL-003,Performance Max,Google Ads,Receita,Multicanal,Sudeste,Desktop,12097,343,33,0,0,1245.89,0.0,1114.07
2025-03-21,MET-001,Remarketing Social,Meta Ads,Conversoes,Visitantes do site,Sudeste,Desktop,16768,457,53,15,4,764.05,10871.99,1041.39
2025-03-21,MET-002,Prospeccao Interesses,Meta Ads,Leads,Interesses,Sul,Mobile,27703,393,25,5,4,800.38,3837.01,965.95
2025-03-21,MET-003,Publico Lookalike,Meta Ads,Leads,Semelhantes,Sudeste,Tablet,20062,469,34,3,3,998.49,2225.91,974.16
2025-03-21,LNK-001,Demo B2B,LinkedIn Ads,Leads,Decisores B2B,Sul,Mobile,7699,78,2,0,0,749.72,0.0,714.42
2025-03-21,LNK-002,Webinar Executivo,LinkedIn Ads,Leads,Liderancas,Nordeste,Desktop,6945,84,14,2,2,693.89,4773.09,658.89
2025-03-21,TTK-001,Video Descoberta,TikTok Ads,Alcance,Publico jovem,Sudeste,Desktop,38245,867,40,1,0,1044.77,499.75,991.12
2025-03-21,TTK-002,Criadores e Reviews,TikTok Ads,Conversoes,Engajados,Nordeste,Mobile,31600,866,44,6,4,1403.32,2910.72,1349.24
2025-03-21,EML-001,Oferta Base Ativa,Email Marketing,Receita,Clientes ativos,Sul,Desktop,27422,3332,590,69,9,981.64,41289.62,883.2
2025-03-21,EML-002,Nutricao de Leads,Email Marketing,Conversoes,Leads em nutricao,Centro-Oeste,Mobile,17338,1309,150,12,4,577.66,7000.86,627.6
2025-03-22,GGL-001,Pesquisa Marca,Google Ads,Conversoes,Alta intencao,Sudeste,Mobile,3716,248,25,10,9,728.96,9214.23,952.56
2025-03-22,GGL-002,Pesquisa Generica,Google Ads,Conversoes,Intencao ampla,Sudeste,Desktop,5902,245,28,8,8,1078.85,8313.05,1404.35
2025-03-22,GGL-003,Performance Max,Google Ads,Receita,Multicanal,Sudeste,Mobile,6699,160,9,0,0,613.18,0.0,1114.07
2025-03-22,MET-001,Remarketing Social,Meta Ads,Conversoes,Visitantes do site,Norte,Mobile,13169,321,27,13,7,530.28,10386.64,1041.39
2025-03-22,MET-002,Prospeccao Interesses,Meta Ads,Leads,Interesses,Sudeste,Mobile,15805,192,15,2,2,455.77,1244.4,965.95
2025-03-22,MET-003,Publico Lookalike,Meta Ads,Leads,Semelhantes,Sudeste,Mobile,19401,432,34,6,6,775.68,3645.63,974.16
2025-03-22,LNK-001,Demo B2B,LinkedIn Ads,Leads,Decisores B2B,Sudeste,Mobile,7109,58,6,1,1,588.98,3403.36,714.42
2025-03-22,LNK-002,Webinar Executivo,LinkedIn Ads,Leads,Liderancas,Nordeste,Desktop,4597,52,9,1,1,446.9,2579.84,658.89
2025-03-22,TTK-001,Video Descoberta,TikTok Ads,Alcance,Publico jovem,Sudeste,Mobile,29088,641,13,3,3,738.25,1621.0,991.12
2025-03-22,TTK-002,Criadores e Reviews,TikTok Ads,Conversoes,Engajados,Sudeste,Mobile,23898,574,23,2,2,859.31,1063.37,1349.24
2025-03-22,EML-001,Oferta Base Ativa,Email Marketing,Receita,Clientes ativos,Nordeste,Mobile,22321,2499,477,47,3,796.32,31814.93,883.2
2025-03-22,EML-002,Nutricao de Leads,Email Marketing,Conversoes,Leads em nutricao,Nordeste,Desktop,14580,1257,123,8,2,517.3,5709.11,627.6
2025-03-23,GGL-001,Pesquisa Marca,Google Ads,Conversoes,Alta intencao,Sudeste,Mobile,3621,228,21,12,9,702.81,9940.75,952.56
2025-03-23,GGL-002,Pesquisa Generica,Google Ads,Conversoes,Intencao ampla,Sudeste,Mobile,6158,291,43,8,4,1010.2,8130.46,1404.35
2025-03-23,GGL-003,Performance Max,Google Ads,Receita,Multicanal,Nordeste,Mobile,7566,169,14,2,2,563.3,1827.32,1114.07
2025-03-23,MET-001,Remarketing Social,Meta Ads,Conversoes,Visitantes do site,Sudeste,Desktop,12903,361,32,11,3,661.41,9481.27,1041.39
2025-03-23,MET-002,Prospeccao Interesses,Meta Ads,Leads,Interesses,Sul,Mobile,18828,236,18,2,2,528.02,1215.15,965.95
2025-03-23,MET-003,Publico Lookalike,Meta Ads,Leads,Semelhantes,Sudeste,Mobile,16440,355,37,7,5,696.35,4863.47,974.16
2025-03-23,LNK-001,Demo B2B,LinkedIn Ads,Leads,Decisores B2B,Sudeste,Desktop,6224,57,5,1,1,565.53,3555.93,714.42
2025-03-23,LNK-002,Webinar Executivo,LinkedIn Ads,Leads,Liderancas,Centro-Oeste,Desktop,4548,68,11,0,0,529.81,0.0,658.89
2025-03-23,TTK-001,Video Descoberta,TikTok Ads,Alcance,Publico jovem,Sudeste,Mobile,36020,724,21,2,1,918.67,1013.62,991.12
2025-03-23,TTK-002,Criadores e Reviews,TikTok Ads,Conversoes,Engajados,Nordeste,Tablet,25375,649,42,4,3,1058.29,1723.13,1349.24
2025-03-23,EML-001,Oferta Base Ativa,Email Marketing,Receita,Clientes ativos,Norte,Mobile,16778,2114,383,46,1,646.96,24900.86,883.2
2025-03-23,EML-002,Nutricao de Leads,Email Marketing,Conversoes,Leads em nutricao,Sudeste,Mobile,14383,1044,115,14,8,492.06,8163.41,627.6
2025-03-24,GGL-001,Pesquisa Marca,Google Ads,Conversoes,Alta intencao,Nordeste,Tablet,4504,263,35,8,4,796.94,7536.1,952.56
2025-03-24,GGL-002,Pesquisa Generica,Google Ads,Conversoes,Intencao ampla,Sudeste,Tablet,6319,293,22,4,3,1311.66,3912.35,1404.35
2025-03-24,GGL-003,Performance Max,Google Ads,Receita,Multicanal,Sul,Desktop,9500,239,17,4,3,824.21,3417.21,1114.07
2025-03-24,MET-001,Remarketing Social,Meta Ads,Conversoes,Visitantes do site,Sudeste,Mobile,16388,557,63,15,3,1000.95,12332.94,1041.39
2025-03-24,MET-002,Prospeccao Interesses,Meta Ads,Leads,Interesses,Sudeste,Mobile,27169,397,25,1,1,898.98,838.98,965.95
2025-03-24,MET-003,Publico Lookalike,Meta Ads,Leads,Semelhantes,Nordeste,Mobile,23666,471,42,7,6,950.78,5036.29,974.16
2025-03-24,LNK-001,Demo B2B,LinkedIn Ads,Leads,Decisores B2B,Norte,Mobile,5857,57,7,0,0,593.53,0.0,714.42
2025-03-24,LNK-002,Webinar Executivo,LinkedIn Ads,Leads,Liderancas,Sudeste,Mobile,7417,90,13,0,0,753.2,0.0,658.89
2025-03-24,TTK-001,Video Descoberta,TikTok Ads,Alcance,Publico jovem,Sudeste,Mobile,28849,737,23,2,2,839.66,757.69,991.12
2025-03-24,TTK-002,Criadores e Reviews,TikTok Ads,Conversoes,Engajados,Sudeste,Mobile,29729,796,41,6,5,1125.34,3040.63,1349.24
2025-03-24,EML-001,Oferta Base Ativa,Email Marketing,Receita,Clientes ativos,Norte,Desktop,20039,2083,378,34,2,709.08,21689.42,883.2
2025-03-24,EML-002,Nutricao de Leads,Email Marketing,Conversoes,Leads em nutricao,Sudeste,Mobile,20327,1859,255,13,4,692.44,10174.14,627.6
2025-03-25,GGL-001,Pesquisa Marca,Google Ads,Conversoes,Alta intencao,Nordeste,Mobile,4486,353,54,21,18,941.61,17681.41,952.56
2025-03-25,GGL-002,Pesquisa Generica,Google Ads,Conversoes,Intencao ampla,Sudeste,Tablet,7647,328,27,10,7,1314.36,9650.56,1404.35
2025-03-25,GGL-003,Performance Max,Google Ads,Receita,Multicanal,Sul,Mobile,11804,328,35,6,2,1091.38,6500.77,1114.07
2025-03-25,MET-001,Remarketing Social,Meta Ads,Conversoes,Visitantes do site,Sudeste,Mobile,16947,501,53,16,10,777.9,11464.95,1041.39
2025-03-25,MET-002,Prospeccao Interesses,Meta Ads,Leads,Interesses,Sudeste,Mobile,26479,451,31,6,4,1014.27,4280.55,965.95
2025-03-25,MET-003,Publico Lookalike,Meta Ads,Leads,Semelhantes,Nordeste,Tablet,21212,443,34,3,3,923.65,2022.91,974.16
2025-03-25,LNK-001,Demo B2B,LinkedIn Ads,Leads,Decisores B2B,Sudeste,Mobile,6959,61,6,1,1,626.76,2755.72,714.42
2025-03-25,LNK-002,Webinar Executivo,LinkedIn Ads,Leads,Liderancas,Sudeste,Mobile,6658,70,8,2,1,582.86,5830.35,658.89
2025-03-25,TTK-001,Video Descoberta,TikTok Ads,Alcance,Publico jovem,Centro-Oeste,Desktop,44351,898,30,5,4,995.05,2103.65,991.12
2025-03-25,TTK-002,Criadores e Reviews,TikTok Ads,Conversoes,Engajados,Sudeste,Mobile,32196,923,37,7,7,1309.42,3751.8,1349.24
2025-03-25,EML-001,Oferta Base Ativa,Email Marketing,Receita,Clientes ativos,Sudeste,Mobile,22343,3178,567,69,10,864.66,42714.38,883.2
2025-03-25,EML-002,Nutricao de Leads,Email Marketing,Conversoes,Leads em nutricao,Sudeste,Mobile,15449,1311,116,11,5,540.08,7032.56,627.6
2025-03-26,GGL-001,Pesquisa Marca,Google Ads,Conversoes,Alta intencao,Nordeste,Mobile,4017,298,58,17,13,726.99,16653.69,952.56
2025-03-26,GGL-002,Pesquisa Generica,Google Ads,Conversoes,Intencao ampla,Sudeste,Tablet,6895,304,39,11,9,1220.06,10406.91,1404.35
2025-03-26,GGL-003,Performance Max,Google Ads,Receita,Multicanal,Sudeste,Desktop,11443,301,29,4,3,1123.13,3609.67,1114.07
2025-03-26,MET-001,Remarketing Social,Meta Ads,Conversoes,Visitantes do site,Sudeste,Mobile,19198,584,79,24,7,1009.66,15608.07,1041.39
2025-03-26,MET-002,Prospeccao Interesses,Meta Ads,Leads,Interesses,Norte,Desktop,20819,316,13,3,3,749.07,2103.95,965.95
2025-03-26,MET-003,Publico Lookalike,Meta Ads,Leads,Semelhantes,Nordeste,Mobile,23263,372,24,10,10,787.24,6832.52,974.16
2025-03-26,LNK-001,Demo B2B,LinkedIn Ads,Leads,Decisores B2B,Nordeste,Desktop,8305,91,13,1,1,846.75,3505.67,714.42
2025-03-26,LNK-002,Webinar Executivo,LinkedIn Ads,Leads,Liderancas,Nordeste,Mobile,5932,71,12,4,3,597.75,11051.96,658.89
2025-03-26,TTK-001,Video Descoberta,TikTok Ads,Alcance,Publico jovem,Sul,Mobile,42284,845,35,3,3,930.3,1132.64,991.12
2025-03-26,TTK-002,Criadores e Reviews,TikTok Ads,Conversoes,Engajados,Sudeste,Mobile,36295,875,31,1,1,1430.34,628.54,1349.24
2025-03-26,EML-001,Oferta Base Ativa,Email Marketing,Receita,Clientes ativos,Sudeste,Mobile,24682,2925,625,72,9,886.14,42412.58,883.2
2025-03-26,EML-002,Nutricao de Leads,Email Marketing,Conversoes,Leads em nutricao,Sudeste,Mobile,15010,1233,151,9,2,523.5,4492.8,627.6
2025-03-27,GGL-001,Pesquisa Marca,Google Ads,Conversoes,Alta intencao,Sul,Mobile,4496,316,56,22,16,901.91,20787.72,952.56
2025-03-27,GGL-002,Pesquisa Generica,Google Ads,Conversoes,Intencao ampla,Sudeste,Desktop,7637,334,35,9,7,1479.76,8797.58,1404.35
2025-03-27,GGL-003,Performance Max,Google Ads,Receita,Multicanal,Nordeste,Mobile,10322,232,17,6,3,774.66,5190.19,1114.07
2025-03-27,MET-001,Remarketing Social,Meta Ads,Conversoes,Visitantes do site,Sudeste,Mobile,20609,605,76,21,4,1019.56,16626.52,1041.39
2025-03-27,MET-002,Prospeccao Interesses,Meta Ads,Leads,Interesses,Sul,Mobile,20394,285,16,4,3,599.01,2898.58,965.95
2025-03-27,MET-003,Publico Lookalike,Meta Ads,Leads,Semelhantes,Sudeste,Mobile,20271,412,39,4,3,809.55,3007.23,974.16
2025-03-27,LNK-001,Demo B2B,LinkedIn Ads,Leads,Decisores B2B,Nordeste,Mobile,6731,65,8,1,1,606.08,3420.08,714.42
2025-03-27,LNK-002,Webinar Executivo,LinkedIn Ads,Leads,Liderancas,Sudeste,Mobile,4606,73,6,0,0,551.72,0.0,658.89
2025-03-27,TTK-001,Video Descoberta,TikTok Ads,Alcance,Publico jovem,Centro-Oeste,Mobile,35183,794,22,3,3,876.04,1354.06,991.12
2025-03-27,TTK-002,Criadores e Reviews,TikTok Ads,Conversoes,Engajados,Sul,Mobile,30872,798,49,9,9,1321.26,4375.02,1349.24
2025-03-27,EML-001,Oferta Base Ativa,Email Marketing,Receita,Clientes ativos,Nordeste,Mobile,27130,3547,532,65,6,997.3,41797.4,883.2
2025-03-27,EML-002,Nutricao de Leads,Email Marketing,Conversoes,Leads em nutricao,Sudeste,Tablet,16515,1126,103,13,7,542.9,8374.47,627.6
2025-03-28,GGL-001,Pesquisa Marca,Google Ads,Conversoes,Alta intencao,Nordeste,Mobile,3821,270,32,8,4,678.2,7263.57,952.56
2025-03-28,GGL-002,Pesquisa Generica,Google Ads,Conversoes,Intencao ampla,Sudeste,Mobile,7080,292,33,2,1,1240.38,2144.01,1404.35
2025-03-28,GGL-003,Performance Max,Google Ads,Receita,Multicanal,Centro-Oeste,Mobile,10791,244,17,5,4,839.65,4956.25,1114.07
2025-03-28,MET-001,Remarketing Social,Meta Ads,Conversoes,Visitantes do site,Sudeste,Desktop,17979,495,45,12,4,844.98,6739.2,1041.39
2025-03-28,MET-002,Prospeccao Interesses,Meta Ads,Leads,Interesses,Sudeste,Mobile,25752,425,29,5,5,805.84,3519.44,965.95
2025-03-28,MET-003,Publico Lookalike,Meta Ads,Leads,Semelhantes,Sudeste,Mobile,19708,345,30,2,1,685.23,1366.88,974.16
2025-03-28,LNK-001,Demo B2B,LinkedIn Ads,Leads,Decisores B2B,Sudeste,Tablet,6563,60,8,0,0,566.14,0.0,714.42
2025-03-28,LNK-002,Webinar Executivo,LinkedIn Ads,Leads,Liderancas,Sul,Mobile,5409,53,10,1,1,409.08,2095.8,658.89
2025-03-28,TTK-001,Video Descoberta,TikTok Ads,Alcance,Publico jovem,Sudeste,Desktop,37853,777,30,3,3,861.79,1578.43,991.12
2025-03-28,TTK-002,Criadores e Reviews,TikTok Ads,Conversoes,Engajados,Sudeste,Mobile,29036,901,56,6,5,1444.82,3541.84,1349.24
2025-03-28,EML-001,Oferta Base Ativa,Email Marketing,Receita,Clientes ativos,Sudeste,Mobile,23431,2787,521,63,6,847.32,32659.36,883.2
2025-03-28,EML-002,Nutricao de Leads,Email Marketing,Conversoes,Leads em nutricao,Nordeste,Desktop,17752,1303,154,9,5,585.34,6733.68,627.6
2025-03-29,GGL-001,Pesquisa Marca,Google Ads,Conversoes,Alta intencao,Nordeste,Mobile,3392,249,27,11,8,695.43,7836.75,952.56
2025-03-29,GGL-002,Pesquisa Generica,Google Ads,Conversoes,Intencao ampla,Sul,Mobile,6633,278,32,14,13,1139.55,12989.57,1404.35
2025-03-29,GGL-003,Performance Max,Google Ads,Receita,Multicanal,Centro-Oeste,Desktop,9945,216,22,3,3,658.22,2383.34,1114.07
2025-03-29,MET-001,Remarketing Social,Meta Ads,Conversoes,Visitantes do site,Sul,Desktop,15302,470,58,16,7,792.34,8985.6,1041.39
2025-03-29,MET-002,Prospeccao Interesses,Meta Ads,Leads,Interesses,Nordeste,Mobile,18133,312,22,3,3,606.8,1860.67,965.95
2025-03-29,MET-003,Publico Lookalike,Meta Ads,Leads,Semelhantes,Sudeste,Mobile,19471,358,40,12,12,785.87,9936.15,974.16
2025-03-29,LNK-001,Demo B2B,LinkedIn Ads,Leads,Decisores B2B,Sudeste,Desktop,4381,35,2,0,0,365.78,0.0,714.42
2025-03-29,LNK-002,Webinar Executivo,LinkedIn Ads,Leads,Liderancas,Sudeste,Mobile,4827,70,8,1,0,580.32,2099.22,658.89
2025-03-29,TTK-001,Video Descoberta,TikTok Ads,Alcance,Publico jovem,Nordeste,Desktop,36352,738,34,4,4,800.07,1782.0,991.12
2025-03-29,TTK-002,Criadores e Reviews,TikTok Ads,Conversoes,Engajados,Sul,Mobile,22142,610,27,5,4,952.98,2638.43,1349.24
2025-03-29,EML-001,Oferta Base Ativa,Email Marketing,Receita,Clientes ativos,Sudeste,Mobile,18501,2012,418,49,5,671.22,26511.44,883.2
2025-03-29,EML-002,Nutricao de Leads,Email Marketing,Conversoes,Leads em nutricao,Nordeste,Mobile,14168,1187,113,5,2,502.06,3007.49,627.6
2025-03-30,GGL-001,Pesquisa Marca,Google Ads,Conversoes,Alta intencao,Sudeste,Desktop,3576,236,39,9,6,657.92,8533.09,952.56
2025-03-30,GGL-002,Pesquisa Generica,Google Ads,Conversoes,Intencao ampla,Nordeste,Desktop,5717,259,23,8,6,1119.24,8239.01,1404.35
2025-03-30,GGL-003,Performance Max,Google Ads,Receita,Multicanal,Sudeste,Mobile,9747,213,20,3,3,633.38,2417.17,1114.07
2025-03-30,MET-001,Remarketing Social,Meta Ads,Conversoes,Visitantes do site,Sul,Mobile,12552,391,45,10,4,702.47,9361.67,1041.39
2025-03-30,MET-002,Prospeccao Interesses,Meta Ads,Leads,Interesses,Sul,Mobile,19040,348,25,4,4,776.42,2304.39,965.95
2025-03-30,MET-003,Publico Lookalike,Meta Ads,Leads,Semelhantes,Centro-Oeste,Desktop,16989,366,43,8,7,755.93,5287.42,974.16
2025-03-30,LNK-001,Demo B2B,LinkedIn Ads,Leads,Decisores B2B,Sudeste,Desktop,6369,52,4,0,0,555.38,0.0,714.42
2025-03-30,LNK-002,Webinar Executivo,LinkedIn Ads,Leads,Liderancas,Norte,Mobile,4613,55,9,1,1,483.65,3036.16,658.89
2025-03-30,TTK-001,Video Descoberta,TikTok Ads,Alcance,Publico jovem,Nordeste,Desktop,23102,515,18,2,2,580.17,888.76,991.12
2025-03-30,TTK-002,Criadores e Reviews,TikTok Ads,Conversoes,Engajados,Sudeste,Mobile,23394,543,34,6,6,755.45,3329.7,1349.24
2025-03-30,EML-001,Oferta Base Ativa,Email Marketing,Receita,Clientes ativos,Sudeste,Mobile,18979,2006,370,42,8,680.18,22091.47,883.2
2025-03-30,EML-002,Nutricao de Leads,Email Marketing,Conversoes,Leads em nutricao,Sudeste,Mobile,13426,1043,115,7,4,472.82,4115.38,627.6
2025-03-31,GGL-001,Pesquisa Marca,Google Ads,Conversoes,Alta intencao,Nordeste,Mobile,5085,329,64,18,11,962.31,12879.25,952.56
2025-03-31,GGL-002,Pesquisa Generica,Google Ads,Conversoes,Intencao ampla,Sul,Desktop,8602,343,40,10,9,1360.08,8417.61,1404.35
2025-03-31,GGL-003,Performance Max,Google Ads,Receita,Multicanal,Sudeste,Desktop,9734,249,16,7,5,875.76,6013.0,1114.07
2025-03-31,MET-001,Remarketing Social,Meta Ads,Conversoes,Visitantes do site,Sudeste,Mobile,21675,630,74,13,7,1129.28,9323.23,1041.39
2025-03-31,MET-002,Prospeccao Interesses,Meta Ads,Leads,Interesses,Nordeste,Mobile,23451,384,26,4,3,893.55,2307.53,965.95
2025-03-31,MET-003,Publico Lookalike,Meta Ads,Leads,Semelhantes,Centro-Oeste,Mobile,23399,444,41,12,9,904.79,7220.53,974.16
2025-03-31,LNK-001,Demo B2B,LinkedIn Ads,Leads,Decisores B2B,Sudeste,Mobile,5889,56,9,1,0,569.19,2925.74,714.42
2025-03-31,LNK-002,Webinar Executivo,LinkedIn Ads,Leads,Liderancas,Nordeste,Mobile,5745,69,10,2,1,562.98,5641.91,658.89
2025-03-31,TTK-001,Video Descoberta,TikTok Ads,Alcance,Publico jovem,Nordeste,Mobile,31711,667,23,2,2,844.52,961.75,991.12
2025-03-31,TTK-002,Criadores e Reviews,TikTok Ads,Conversoes,Engajados,Sudeste,Mobile,31461,830,47,5,3,1309.62,2432.18,1349.24
2025-03-31,EML-001,Oferta Base Ativa,Email Marketing,Receita,Clientes ativos,Centro-Oeste,Mobile,26477,3175,591,75,9,947.04,55033.48,883.2
2025-03-31,EML-002,Nutricao de Leads,Email Marketing,Conversoes,Leads em nutricao,Sudeste,Desktop,16823,1206,129,11,5,557.06,7149.79,627.6
2025-04-01,GGL-001,Pesquisa Marca,Google Ads,Conversoes,Alta intencao,Sudeste,Desktop,4430,318,56,11,8,849.21,9290.55,952.56
2025-04-01,GGL-002,Pesquisa Generica,Google Ads,Conversoes,Intencao ampla,Sul,Mobile,8533,322,31,9,6,1249.38,6899.86,1404.35
2025-04-01,GGL-003,Performance Max,Google Ads,Receita,Multicanal,Sudeste,Mobile,10558,251,26,0,0,878.77,0.0,1114.07
2025-04-01,MET-001,Remarketing Social,Meta Ads,Conversoes,Visitantes do site,Sul,Mobile,16156,483,82,16,5,899.05,11266.8,1041.39
2025-04-01,MET-002,Prospeccao Interesses,Meta Ads,Leads,Interesses,Nordeste,Mobile,23043,385,30,5,4,951.32,3694.2,965.95
2025-04-01,MET-003,Publico Lookalike,Meta Ads,Leads,Semelhantes,Sudeste,Mobile,17167,321,33,8,7,635.58,5969.73,974.16
2025-04-01,LNK-001,Demo B2B,LinkedIn Ads,Leads,Decisores B2B,Sudeste,Mobile,7256,62,4,0,0,606.18,0.0,714.42
2025-04-01,LNK-002,Webinar Executivo,LinkedIn Ads,Leads,Liderancas,Sudeste,Desktop,6059,67,15,4,3,575.98,11467.02,658.89
2025-04-01,TTK-001,Video Descoberta,TikTok Ads,Alcance,Publico jovem,Sul,Mobile,32595,768,22,4,4,855.12,1825.93,991.12
2025-04-01,TTK-002,Criadores e Reviews,TikTok Ads,Conversoes,Engajados,Nordeste,Mobile,31114,871,41,6,5,1330.93,2567.71,1349.24
2025-04-01,EML-001,Oferta Base Ativa,Email Marketing,Receita,Clientes ativos,Sul,Mobile,24724,2863,586,59,8,880.78,36071.5,883.2
2025-04-01,EML-002,Nutricao de Leads,Email Marketing,Conversoes,Leads em nutricao,Nordeste,Mobile,16071,1119,134,11,5,533.32,7419.36,627.6
2025-04-02,GGL-001,Pesquisa Marca,Google Ads,Conversoes,Alta intencao,Centro-Oeste,Desktop,4389,302,48,10,7,878.09,8991.83,952.56
2025-04-02,GGL-002,Pesquisa Generica,Google Ads,Conversoes,Intencao ampla,Sul,Mobile,7213,296,25,10,8,1272.8,12315.34,1404.35
2025-04-02,GGL-003,Performance Max,Google Ads,Receita,Multicanal,Sudeste,Desktop,8231,226,14,1,1,800.61,924.54,1114.07
2025-04-02,MET-001,Remarketing Social,Meta Ads,Conversoes,Visitantes do site,Norte,Desktop,20795,563,61,22,11,969.66,15267.49,1041.39
2025-04-02,MET-002,Prospeccao Interesses,Meta Ads,Leads,Interesses,Sudeste,Desktop,26995,442,33,4,4,880.11,2870.62,965.95
2025-04-02,MET-003,Publico Lookalike,Meta Ads,Leads,Semelhantes,Sudeste,Mobile,22261,379,33,3,2,823.56,2474.28,974.16
2025-04-02,LNK-001,Demo B2B,LinkedIn Ads,Leads,Decisores B2B,Sul,Desktop,7338,86,13,1,1,828.51,3171.07,714.42
2025-04-02,LNK-002,Webinar Executivo,LinkedIn Ads,Leads,Liderancas,Sudeste,Desktop,5950,73,10,3,3,561.56,7599.53,658.89
2025-04-02,TTK-001,Video Descoberta,TikTok Ads,Alcance,Publico jovem,Sul,Mobile,47600,1122,44,6,6,1275.72,2709.31,991.12
2025-04-02,TTK-002,Criadores e Reviews,TikTok Ads,Conversoes,Engajados,Sudeste,Mobile,36799,945,54,7,6,1406.53,3914.54,1349.24
2025-04-02,EML-001,Oferta Base Ativa,Email Marketing,Receita,Clientes ativos,Sul,Mobile,25905,3104,605,81,11,928.5,46019.37,883.2
2025-04-02,EML-002,Nutricao de Leads,Email Marketing,Conversoes,Leads em nutricao,Sudeste,Desktop,12408,1016,115,12,5,449.76,7629.47,627.6
2025-04-03,GGL-001,Pesquisa Marca,Google Ads,Conversoes,Alta intencao,Sul,Mobile,4594,250,38,9,6,678.66,6876.47,952.56
2025-04-03,GGL-002,Pesquisa Generica,Google Ads,Conversoes,Intencao ampla,Sudeste,Mobile,7281,298,23,3,2,1296.54,2635.34,1404.35
2025-04-03,GGL-003,Performance Max,Google Ads,Receita,Multicanal,Sudeste,Tablet,11610,331,20,2,1,1058.4,1996.61,1114.07
2025-04-03,MET-001,Remarketing Social,Meta Ads,Conversoes,Visitantes do site,Nordeste,Mobile,20628,506,59,18,7,895.58,13793.43,1041.39
2025-04-03,MET-002,Prospeccao Interesses,Meta Ads,Leads,Interesses,Sudeste,Mobile,27112,507,33,5,3,967.53,3349.3,965.95
2025-04-03,MET-003,Publico Lookalike,Meta Ads,Leads,Semelhantes,Centro-Oeste,Mobile,25051,482,38,4,3,978.91,2858.79,974.16
2025-04-03,LNK-001,Demo B2B,LinkedIn Ads,Leads,Decisores B2B,Sudeste,Mobile,7099,63,5,2,2,607.21,5993.79,714.42
2025-04-03,LNK-002,Webinar Executivo,LinkedIn Ads,Leads,Liderancas,Sudeste,Desktop,7472,96,15,2,2,758.65,4131.93,658.89
2025-04-03,TTK-001,Video Descoberta,TikTok Ads,Alcance,Publico jovem,Sul,Desktop,32232,569,11,0,0,741.47,0.0,991.12
2025-04-03,TTK-002,Criadores e Reviews,TikTok Ads,Conversoes,Engajados,Nordeste,Desktop,29366,727,45,3,3,964.96,1263.6,1349.24
2025-04-03,EML-001,Oferta Base Ativa,Email Marketing,Receita,Clientes ativos,Sudeste,Desktop,23521,2882,460,53,3,858.62,28858.06,883.2
2025-04-03,EML-002,Nutricao de Leads,Email Marketing,Conversoes,Leads em nutricao,Sudeste,Mobile,15947,1277,171,15,5,546.64,11342.93,627.6
2025-04-04,GGL-001,Pesquisa Marca,Google Ads,Conversoes,Alta intencao,Centro-Oeste,Mobile,4494,324,40,10,8,918.64,8377.98,952.56
2025-04-04,GGL-002,Pesquisa Generica,Google Ads,Conversoes,Intencao ampla,Sudeste,Tablet,8862,384,40,15,10,1546.19,15866.59,1404.35
2025-04-04,GGL-003,Performance Max,Google Ads,Receita,Multicanal,Sudeste,Mobile,11199,298,19,4,4,1038.37,3102.42,1114.07
2025-04-04,MET-001,Remarketing Social,Meta Ads,Conversoes,Visitantes do site,Sudeste,Mobile,18586,543,82,27,9,858.64,20720.33,1041.39
2025-04-04,MET-002,Prospeccao Interesses,Meta Ads,Leads,Interesses,Nordeste,Mobile,24048,303,24,3,2,649.5,2230.54,965.95
2025-04-04,MET-003,Publico Lookalike,Meta Ads,Leads,Semelhantes,Sul,Desktop,17812,381,40,5,4,765.04,4647.81,974.16
2025-04-04,LNK-001,Demo B2B,LinkedIn Ads,Leads,Decisores B2B,Sudeste,Desktop,7716,49,5,1,1,460.17,2873.08,714.42
2025-04-04,LNK-002,Webinar Executivo,LinkedIn Ads,Leads,Liderancas,Sudeste,Desktop,6734,80,5,1,1,625.8,2388.49,658.89
2025-04-04,TTK-001,Video Descoberta,TikTok Ads,Alcance,Publico jovem,Sudeste,Mobile,33119,732,25,4,4,817.77,2167.36,991.12
2025-04-04,TTK-002,Criadores e Reviews,TikTok Ads,Conversoes,Engajados,Norte,Mobile,38553,1099,47,6,6,1778.16,3210.82,1349.24
2025-04-04,EML-001,Oferta Base Ativa,Email Marketing,Receita,Clientes ativos,Sudeste,Mobile,26163,3043,537,66,9,927.56,31402.8,883.2
2025-04-04,EML-002,Nutricao de Leads,Email Marketing,Conversoes,Leads em nutricao,Sudeste,Mobile,17763,1267,151,6,2,581.96,3945.18,627.6
2025-04-05,GGL-001,Pesquisa Marca,Google Ads,Conversoes,Alta intencao,Nordeste,Desktop,2994,191,29,9,8,534.55,8802.43,952.56
2025-04-05,GGL-002,Pesquisa Generica,Google Ads,Conversoes,Intencao ampla,Sul,Tablet,7164,275,28,8,7,1133.11,7408.48,1404.35
2025-04-05,GGL-003,Performance Max,Google Ads,Receita,Multicanal,Sudeste,Mobile,8259,198,30,9,5,661.39,6458.4,1114.07
2025-04-05,MET-001,Remarketing Social,Meta Ads,Conversoes,Visitantes do site,Nordeste,Desktop,16038,509,49,24,12,889.98,13478.4,1041.39
2025-04-05,MET-002,Prospeccao Interesses,Meta Ads,Leads,Interesses,Nordeste,Mobile,19733,312,16,4,3,690.05,2505.0,965.95
2025-04-05,MET-003,Publico Lookalike,Meta Ads,Leads,Semelhantes,Nordeste,Mobile,16360,385,32,7,7,812.05,4765.4,974.16
2025-04-05,LNK-001,Demo B2B,LinkedIn Ads,Leads,Decisores B2B,Sudeste,Mobile,5242,37,3,1,1,340.72,3703.55,714.42
2025-04-05,LNK-002,Webinar Executivo,LinkedIn Ads,Leads,Liderancas,Nordeste,Desktop,4813,44,7,0,0,392.24,0.0,658.89
2025-04-05,TTK-001,Video Descoberta,TikTok Ads,Alcance,Publico jovem,Sudeste,Desktop,27612,549,19,3,3,572.02,1448.03,991.12
2025-04-05,TTK-002,Criadores e Reviews,TikTok Ads,Conversoes,Engajados,Nordeste,Mobile,22605,660,38,7,6,981.3,4505.73,1349.24
2025-04-05,EML-001,Oferta Base Ativa,Email Marketing,Receita,Clientes ativos,Nordeste,Desktop,22288,2616,443,47,6,807.36,31681.04,883.2
2025-04-05,EML-002,Nutricao de Leads,Email Marketing,Conversoes,Leads em nutricao,Sudeste,Mobile,15334,1067,140,12,6,513.38,6574.53,627.6
2025-04-06,GGL-001,Pesquisa Marca,Google Ads,Conversoes,Alta intencao,Sudeste,Desktop,2959,241,51,10,6,660.57,10180.19,952.56
2025-04-06,GGL-002,Pesquisa Generica,Google Ads,Conversoes,Intencao ampla,Sul,Mobile,5954,262,35,10,7,1016.61,10138.05,1404.35
2025-04-06,GGL-003,Performance Max,Google Ads,Receita,Multicanal,Sudeste,Desktop,9795,274,28,6,5,907.59,5477.44,1114.07
2025-04-06,MET-001,Remarketing Social,Meta Ads,Conversoes,Visitantes do site,Nordeste,Mobile,14466,391,47,8,5,695.76,5046.63,1041.39
2025-04-06,MET-002,Prospeccao Interesses,Meta Ads,Leads,Interesses,Sul,Mobile,20969,344,18,5,3,763.02,2990.43,965.95
2025-04-06,MET-003,Publico Lookalike,Meta Ads,Leads,Semelhantes,Centro-Oeste,Mobile,18803,382,31,5,3,771.65,3890.17,974.16
2025-04-06,LNK-001,Demo B2B,LinkedIn Ads,Leads,Decisores B2B,Nordeste,Desktop,5277,49,6,1,1,403.93,3128.88,714.42
2025-04-06,LNK-002,Webinar Executivo,LinkedIn Ads,Leads,Liderancas,Nordeste,Tablet,4100,43,6,1,1,410.88,3113.12,658.89
2025-04-06,TTK-001,Video Descoberta,TikTok Ads,Alcance,Publico jovem,Sudeste,Mobile,31179,626,16,3,3,768.28,1563.41,991.12
2025-04-06,TTK-002,Criadores e Reviews,TikTok Ads,Conversoes,Engajados,Sudeste,Mobile,29296,779,43,3,2,1347.17,1461.5,1349.24
2025-04-06,EML-001,Oferta Base Ativa,Email Marketing,Receita,Clientes ativos,Sudeste,Mobile,13465,1907,348,46,1,560.0,32660.03,883.2
2025-04-06,EML-002,Nutricao de Leads,Email Marketing,Conversoes,Leads em nutricao,Centro-Oeste,Desktop,15642,1125,111,11,5,525.34,7108.96,627.6
2025-04-07,GGL-001,Pesquisa Marca,Google Ads,Conversoes,Alta intencao,Centro-Oeste,Desktop,4036,316,60,17,14,994.2,13647.53,952.56
2025-04-07,GGL-002,Pesquisa Generica,Google Ads,Conversoes,Intencao ampla,Sul,Desktop,7682,303,31,7,7,1282.75,6320.56,1404.35
2025-04-07,GGL-003,Performance Max,Google Ads,Receita,Multicanal,Sul,Desktop,10965,269,27,6,5,954.57,6386.25,1114.07
2025-04-07,MET-001,Remarketing Social,Meta Ads,Conversoes,Visitantes do site,Nordeste,Desktop,19557,465,62,14,5,801.14,9329.85,1041.39
2025-04-07,MET-002,Prospeccao Interesses,Meta Ads,Leads,Interesses,Nordeste,Mobile,15600,233,17,3,3,443.68,1985.98,965.95
2025-04-07,MET-003,Publico Lookalike,Meta Ads,Leads,Semelhantes,Centro-Oeste,Mobile,21790,414,26,6,5,910.7,3322.8,974.16
2025-04-07,LNK-001,Demo B2B,LinkedIn Ads,Leads,Decisores B2B,Nordeste,Mobile,9148,77,8,1,0,696.62,3455.45,714.42
2025-04-07,LNK-002,Webinar Executivo,LinkedIn Ads,Leads,Liderancas,Sul,Mobile,7111,63,8,2,2,560.7,6153.08,658.89
2025-04-07,TTK-001,Video Descoberta,TikTok Ads,Alcance,Publico jovem,Sudeste,Mobile,42889,1013,33,4,4,1271.66,1862.33,991.12
2025-04-07,TTK-002,Criadores e Reviews,TikTok Ads,Conversoes,Engajados,Sudeste,Desktop,30614,800,33,6,6,1057.54,2770.62,1349.24
2025-04-07,EML-001,Oferta Base Ativa,Email Marketing,Receita,Clientes ativos,Nordeste,Mobile,28979,3321,651,96,9,1011.68,58962.84,883.2
2025-04-07,EML-002,Nutricao de Leads,Email Marketing,Conversoes,Leads em nutricao,Sudeste,Mobile,17684,1151,173,16,6,568.78,9844.29,627.6
2025-04-08,GGL-001,Pesquisa Marca,Google Ads,Conversoes,Alta intencao,Nordeste,Mobile,4432,289,30,9,8,796.33,6530.48,952.56
2025-04-08,GGL-002,Pesquisa Generica,Google Ads,Conversoes,Intencao ampla,Nordeste,Mobile,7840,317,34,13,11,1349.49,11817.24,1404.35
2025-04-08,GGL-003,Performance Max,Google Ads,Receita,Multicanal,Nordeste,Mobile,8603,222,14,2,2,757.73,2007.7,1114.07
2025-04-08,MET-001,Remarketing Social,Meta Ads,Conversoes,Visitantes do site,Nordeste,Mobile,23991,747,113,30,12,1365.89,20708.05,1041.39
2025-04-08,MET-002,Prospeccao Interesses,Meta Ads,Leads,Interesses,Sul,Desktop,22899,310,21,5,3,689.31,3206.33,965.95
2025-04-08,MET-003,Publico Lookalike,Meta Ads,Leads,Semelhantes,Sul,Desktop,20801,507,52,7,7,1058.35,4136.52,974.16
2025-04-08,LNK-001,Demo B2B,LinkedIn Ads,Leads,Decisores B2B,Sudeste,Desktop,7552,73,11,2,2,762.03,5864.79,714.42
2025-04-08,LNK-002,Webinar Executivo,LinkedIn Ads,Leads,Liderancas,Sul,Desktop,5927,70,9,1,1,575.71,2476.35,658.89
2025-04-08,TTK-001,Video Descoberta,TikTok Ads,Alcance,Publico jovem,Sul,Mobile,37917,723,23,3,3,914.94,1165.54,991.12
2025-04-08,TTK-002,Criadores e Reviews,TikTok Ads,Conversoes,Engajados,Sudeste,Mobile,34562,826,33,4,4,1275.71,2087.35,1349.24
2025-04-08,EML-001,Oferta Base Ativa,Email Marketing,Receita,Clientes ativos,Nordeste,Tablet,23838,3074,669,99,9,884.16,64568.34,883.2
2025-04-08,EML-002,Nutricao de Leads,Email Marketing,Conversoes,Leads em nutricao,Centro-Oeste,Mobile,15077,1139,131,14,7,515.44,8488.94,627.6
2025-04-09,GGL-001,Pesquisa Marca,Google Ads,Conversoes,Alta intencao,Norte,Mobile,4830,345,54,21,10,1113.02,19076.22,952.56
2025-04-09,GGL-002,Pesquisa Generica,Google Ads,Conversoes,Intencao ampla,Sul,Mobile,6965,259,21,3,3,1125.03,2880.02,1404.35
2025-04-09,GGL-003,Performance Max,Google Ads,Receita,Multicanal,Sul,Desktop,13517,306,21,5,5,1013.91,4543.41,1114.07
2025-04-09,MET-001,Remarketing Social,Meta Ads,Conversoes,Visitantes do site,Nordeste,Desktop,19657,575,65,19,3,1030.47,13259.86,1041.39
2025-04-09,MET-002,Prospeccao Interesses,Meta Ads,Leads,Interesses,Sudeste,Desktop,25249,435,25,8,6,954.11,5700.54,965.95
2025-04-09,MET-003,Publico Lookalike,Meta Ads,Leads,Semelhantes,Sudeste,Desktop,26816,458,52,9,7,866.92,7286.37,974.16
2025-04-09,LNK-001,Demo B2B,LinkedIn Ads,Leads,Decisores B2B,Centro-Oeste,Mobile,8021,49,7,3,3,483.95,10919.12,714.42
2025-04-09,LNK-002,Webinar Executivo,LinkedIn Ads,Leads,Liderancas,Nordeste,Desktop,4934,59,7,1,1,500.22,2339.11,658.89
2025-04-09,TTK-001,Video Descoberta,TikTok Ads,Alcance,Publico jovem,Sul,Desktop,37461,775,25,0,0,927.49,0.0,991.12
2025-04-09,TTK-002,Criadores e Reviews,TikTok Ads,Conversoes,Engajados,Sul,Mobile,25608,770,33,10,9,1143.69,4938.8,1349.24
2025-04-09,EML-001,Oferta Base Ativa,Email Marketing,Receita,Clientes ativos,Sudeste,Mobile,24264,3022,516,45,5,887.48,22706.05,883.2
2025-04-09,EML-002,Nutricao de Leads,Email Marketing,Conversoes,Leads em nutricao,Nordeste,Desktop,15348,1169,168,14,6,523.86,8808.51,627.6
2025-04-10,GGL-001,Pesquisa Marca,Google Ads,Conversoes,Alta intencao,Sudeste,Mobile,3602,304,55,19,14,868.3,19690.18,952.56
2025-04-10,GGL-002,Pesquisa Generica,Google Ads,Conversoes,Intencao ampla,Nordeste,Mobile,6863,286,27,5,3,1269.79,4888.44,1404.35
2025-04-10,GGL-003,Performance Max,Google Ads,Receita,Multicanal,Sudeste,Mobile,12356,343,29,7,6,1252.35,5891.15,1114.07
2025-04-10,MET-001,Remarketing Social,Meta Ads,Conversoes,Visitantes do site,Sudeste,Mobile,19324,595,60,19,7,1028.32,13015.49,1041.39
2025-04-10,MET-002,Prospeccao Interesses,Meta Ads,Leads,Interesses,Sudeste,Desktop,20404,277,15,3,2,612.09,1752.24,965.95
2025-04-10,MET-003,Publico Lookalike,Meta Ads,Leads,Semelhantes,Nordeste,Mobile,21480,392,35,3,2,803.35,2375.1,974.16
2025-04-10,LNK-001,Demo B2B,LinkedIn Ads,Leads,Decisores B2B,Sudeste,Mobile,8196,69,5,1,1,676.32,3398.58,714.42
2025-04-10,LNK-002,Webinar Executivo,LinkedIn Ads,Leads,Liderancas,Centro-Oeste,Mobile,6807,71,15,0,0,559.07,0.0,658.89
2025-04-10,TTK-001,Video Descoberta,TikTok Ads,Alcance,Publico jovem,Sudeste,Mobile,40007,894,34,2,2,995.8,1050.86,991.12
2025-04-10,TTK-002,Criadores e Reviews,TikTok Ads,Conversoes,Engajados,Sul,Desktop,29486,813,50,3,2,1203.29,1707.44,1349.24
2025-04-10,EML-001,Oferta Base Ativa,Email Marketing,Receita,Clientes ativos,Sudeste,Mobile,27331,2562,427,59,4,902.82,40191.7,883.2
2025-04-10,EML-002,Nutricao de Leads,Email Marketing,Conversoes,Leads em nutricao,Sudeste,Desktop,19177,1565,194,15,7,640.04,9924.55,627.6
2025-04-11,GGL-001,Pesquisa Marca,Google Ads,Conversoes,Alta intencao,Nordeste,Mobile,5192,424,56,21,15,1345.39,16594.98,952.56
2025-04-11,GGL-002,Pesquisa Generica,Google Ads,Conversoes,Intencao ampla,Sudeste,Mobile,9160,337,39,13,10,1327.66,15574.12,1404.35
2025-04-11,GGL-003,Performance Max,Google Ads,Receita,Multicanal,Nordeste,Mobile,11675,296,32,7,6,1091.82,5839.41,1114.07
2025-04-11,MET-001,Remarketing Social,Meta Ads,Conversoes,Visitantes do site,Sudeste,Mobile,20129,638,74,18,11,1059.84,15265.79,1041.39
2025-04-11,MET-002,Prospeccao Interesses,Meta Ads,Leads,Interesses,Nordeste,Desktop,29620,531,26,2,1,1079.34,1493.71,965.95
2025-04-11,MET-003,Publico Lookalike,Meta Ads,Leads,Semelhantes,Sudeste,Mobile,16310,327,37,6,5,654.47,4111.04,974.16
2025-04-11,LNK-001,Demo B2B,LinkedIn Ads,Leads,Decisores B2B,Sudeste,Desktop,8371,78,8,2,2,768.98,7409.87,714.42
2025-04-11,LNK-002,Webinar Executivo,LinkedIn Ads,Leads,Liderancas,Sul,Mobile,5732,57,3,0,0,463.21,0.0,658.89
2025-04-11,TTK-001,Video Descoberta,TikTok Ads,Alcance,Publico jovem,Sudeste,Mobile,43481,950,37,4,4,1193.88,2024.06,991.12
2025-04-11,TTK-002,Criadores e Reviews,TikTok Ads,Conversoes,Engajados,Sudeste,Mobile,35051,943,48,8,5,1410.03,3955.25,1349.24
2025-04-11,EML-001,Oferta Base Ativa,Email Marketing,Receita,Clientes ativos,Nordeste,Mobile,28827,3565,675,86,11,1033.04,52707.82,883.2
2025-04-11,EML-002,Nutricao de Leads,Email Marketing,Conversoes,Leads em nutricao,Sul,Desktop,19750,1998,231,20,8,694.8,12575.41,627.6
2025-04-12,GGL-001,Pesquisa Marca,Google Ads,Conversoes,Alta intencao,Sudeste,Desktop,3567,247,35,12,11,593.85,11085.93,952.56
2025-04-12,GGL-002,Pesquisa Generica,Google Ads,Conversoes,Intencao ampla,Sudeste,Tablet,6296,246,27,8,7,982.38,10295.97,1404.35
2025-04-12,GGL-003,Performance Max,Google Ads,Receita,Multicanal,Nordeste,Desktop,10374,273,25,3,3,942.16,2487.85,1114.07
2025-04-12,MET-001,Remarketing Social,Meta Ads,Conversoes,Visitantes do site,Sudeste,Mobile,16379,362,54,11,6,641.15,8915.78,1041.39
2025-04-12,MET-002,Prospeccao Interesses,Meta Ads,Leads,Interesses,Sudeste,Mobile,23292,297,25,4,4,633.42,2274.48,965.95
2025-04-12,MET-003,Publico Lookalike,Meta Ads,Leads,Semelhantes,Nordeste,Mobile,18164,329,28,5,4,689.15,3644.36,974.16
2025-04-12,LNK-001,Demo B2B,LinkedIn Ads,Leads,Decisores B2B,Sudeste,Mobile,6321,55,7,1,1,535.83,2557.93,714.42
2025-04-12,LNK-002,Webinar Executivo,LinkedIn Ads,Leads,Liderancas,Centro-Oeste,Desktop,4397,68,9,1,1,577.97,2132.37,658.89
2025-04-12,TTK-001,Video Descoberta,TikTok Ads,Alcance,Publico jovem,Sudeste,Desktop,34184,711,23,2,2,811.33,1001.24,991.12
2025-04-12,TTK-002,Criadores e Reviews,TikTok Ads,Conversoes,Engajados,Sudeste,Tablet,24408,618,23,3,2,972.02,1847.73,1349.24
2025-04-12,EML-001,Oferta Base Ativa,Email Marketing,Receita,Clientes ativos,Sul,Mobile,18784,2128,366,44,8,688.48,28207.03,883.2
2025-04-12,EML-002,Nutricao de Leads,Email Marketing,Conversoes,Leads em nutricao,Sudeste,Desktop,14982,1228,170,11,1,522.44,5757.1,627.6
2025-04-13,GGL-001,Pesquisa Marca,Google Ads,Conversoes,Alta intencao,Nordeste,Mobile,3674,243,38,11,6,610.7,12906.38,952.56
2025-04-13,GGL-002,Pesquisa Generica,Google Ads,Conversoes,Intencao ampla,Sudeste,Mobile,4595,196,23,6,5,902.47,5468.97,1404.35
2025-04-13,GGL-003,Performance Max,Google Ads,Receita,Multicanal,Sudeste,Mobile,8088,228,19,3,0,759.14,3242.62,1114.07
2025-04-13,MET-001,Remarketing Social,Meta Ads,Conversoes,Visitantes do site,Sul,Desktop,14231,517,53,21,9,833.83,15726.69,1041.39
2025-04-13,MET-002,Prospeccao Interesses,Meta Ads,Leads,Interesses,Sul,Mobile,21671,305,26,6,6,655.22,5911.5,965.95
2025-04-13,MET-003,Publico Lookalike,Meta Ads,Leads,Semelhantes,Sudeste,Mobile,14988,327,37,11,9,786.75,8566.8,974.16
2025-04-13,LNK-001,Demo B2B,LinkedIn Ads,Leads,Decisores B2B,Centro-Oeste,Mobile,6175,58,3,0,0,558.37,0.0,714.42
2025-04-13,LNK-002,Webinar Executivo,LinkedIn Ads,Leads,Liderancas,Sudeste,Mobile,5883,63,5,2,1,487.15,6055.04,658.89
2025-04-13,TTK-001,Video Descoberta,TikTok Ads,Alcance,Publico jovem,Centro-Oeste,Mobile,29487,611,26,3,2,734.49,1296.39,991.12
2025-04-13,TTK-002,Criadores e Reviews,TikTok Ads,Conversoes,Engajados,Sudeste,Mobile,20827,508,33,3,1,803.78,1473.12,1349.24
2025-04-13,EML-001,Oferta Base Ativa,Email Marketing,Receita,Clientes ativos,Sudeste,Desktop,16551,2041,307,40,6,635.12,27943.71,883.2
2025-04-13,EML-002,Nutricao de Leads,Email Marketing,Conversoes,Leads em nutricao,Nordeste,Desktop,14601,1209,142,11,3,512.92,5829.93,627.6
2025-04-14,GGL-001,Pesquisa Marca,Google Ads,Conversoes,Alta intencao,Sudeste,Mobile,4149,249,25,7,4,641.98,6221.56,952.56
2025-04-14,GGL-002,Pesquisa Generica,Google Ads,Conversoes,Intencao ampla,Sul,Mobile,6503,236,25,3,1,986.64,3384.28,1404.35
2025-04-14,GGL-003,Performance Max,Google Ads,Receita,Multicanal,Nordeste,Tablet,10492,243,27,1,1,865.25,1209.59,1114.07
2025-04-14,MET-001,Remarketing Social,Meta Ads,Conversoes,Visitantes do site,Centro-Oeste,Mobile,18646,562,77,20,8,902.32,15975.59,1041.39
2025-04-14,MET-002,Prospeccao Interesses,Meta Ads,Leads,Interesses,Sudeste,Desktop,26388,423,27,5,3,881.86,3119.19,965.95
2025-04-14,MET-003,Publico Lookalike,Meta Ads,Leads,Semelhantes,Sudeste,Desktop,20033,387,42,6,6,788.35,3322.8,974.16
2025-04-14,LNK-001,Demo B2B,LinkedIn Ads,Leads,Decisores B2B,Sudeste,Mobile,6431,61,10,2,2,621.71,6797.12,714.42
2025-04-14,LNK-002,Webinar Executivo,LinkedIn Ads,Leads,Liderancas,Sudeste,Desktop,6187,85,19,0,0,716.13,0.0,658.89
2025-04-14,TTK-001,Video Descoberta,TikTok Ads,Alcance,Publico jovem,Sudeste,Mobile,44069,917,35,0,0,926.98,0.0,991.12
2025-04-14,TTK-002,Criadores e Reviews,TikTok Ads,Conversoes,Engajados,Norte,Mobile,35951,846,47,7,6,1418.21,3795.03,1349.24
2025-04-14,EML-001,Oferta Base Ativa,Email Marketing,Receita,Clientes ativos,Centro-Oeste,Mobile,18305,2060,454,62,7,672.1,39912.33,883.2
2025-04-14,EML-002,Nutricao de Leads,Email Marketing,Conversoes,Leads em nutricao,Sul,Mobile,20351,1753,253,18,4,682.32,11941.44,627.6
2025-04-15,GGL-001,Pesquisa Marca,Google Ads,Conversoes,Alta intencao,Sudeste,Tablet,4333,245,39,13,9,740.0,10548.02,952.56
2025-04-15,GGL-002,Pesquisa Generica,Google Ads,Conversoes,Intencao ampla,Sul,Tablet,8415,381,30,8,6,1521.18,8921.65,1404.35
2025-04-15,GGL-003,Performance Max,Google Ads,Receita,Multicanal,Nordeste,Desktop,13583,357,31,8,6,1294.58,7345.48,1114.07
2025-04-15,MET-001,Remarketing Social,Meta Ads,Conversoes,Visitantes do site,Sudeste,Mobile,22541,647,63,19,4,1191.32,11941.79,1041.39
2025-04-15,MET-002,Prospeccao Interesses,Meta Ads,Leads,Interesses,Nordeste,Mobile,35399,542,36,10,8,1181.14,6061.71,965.95
2025-04-15,MET-003,Publico Lookalike,Meta Ads,Leads,Semelhantes,Centro-Oeste,Desktop,23114,445,33,8,6,828.98,6171.36,974.16
2025-04-15,LNK-001,Demo B2B,LinkedIn Ads,Leads,Decisores B2B,Sudeste,Desktop,7900,64,5,1,1,655.23,3483.46,714.42
2025-04-15,LNK-002,Webinar Executivo,LinkedIn Ads,Leads,Liderancas,Sudeste,Mobile,5064,58,10,0,0,479.9,0.0,658.89
2025-04-15,TTK-001,Video Descoberta,TikTok Ads,Alcance,Publico jovem,Sudeste,Mobile,37616,766,32,6,6,803.78,2578.92,991.12
2025-04-15,TTK-002,Criadores e Reviews,TikTok Ads,Conversoes,Engajados,Sudeste,Tablet,31870,808,41,3,3,1323.17,1625.79,1349.24
2025-04-15,EML-001,Oferta Base Ativa,Email Marketing,Receita,Clientes ativos,Sudeste,Mobile,23157,2921,420,72,7,855.24,45335.61,883.2
2025-04-15,EML-002,Nutricao de Leads,Email Marketing,Conversoes,Leads em nutricao,Sul,Mobile,22242,2099,255,17,6,754.74,10981.85,627.6
2025-04-16,GGL-001,Pesquisa Marca,Google Ads,Conversoes,Alta intencao,Nordeste,Mobile,3720,285,41,13,7,855.55,11756.73,952.56
2025-04-16,GGL-002,Pesquisa Generica,Google Ads,Conversoes,Intencao ampla,Sudeste,Mobile,7526,299,30,13,13,1269.11,12766.71,1404.35
2025-04-16,GGL-003,Performance Max,Google Ads,Receita,Multicanal,Sudeste,Mobile,9746,253,10,0,0,759.74,0.0,1114.07
2025-04-16,MET-001,Remarketing Social,Meta Ads,Conversoes,Visitantes do site,Sudeste,Desktop,16948,420,50,13,8,744.27,9613.15,1041.39
2025-04-16,MET-002,Prospeccao Interesses,Meta Ads,Leads,Interesses,Nordeste,Mobile,27395,464,35,7,5,1035.29,5515.76,965.95
2025-04-16,MET-003,Publico Lookalike,Meta Ads,Leads,Semelhantes,Nordeste,Mobile,21196,469,47,12,9,967.87,8250.67,974.16
2025-04-16,LNK-001,Demo B2B,LinkedIn Ads,Leads,Decisores B2B,Sudeste,Mobile,7715,67,6,0,0,628.29,0.0,714.42
2025-04-16,LNK-002,Webinar Executivo,LinkedIn Ads,Leads,Liderancas,Sudeste,Mobile,6428,83,17,1,1,753.5,2817.78,658.89
2025-04-16,TTK-001,Video Descoberta,TikTok Ads,Alcance,Publico jovem,Sudeste,Mobile,35212,713,26,3,2,830.66,1622.88,991.12
2025-04-16,TTK-002,Criadores e Reviews,TikTok Ads,Conversoes,Engajados,Nordeste,Desktop,29128,661,41,8,6,952.14,5476.81,1349.24
2025-04-16,EML-001,Oferta Base Ativa,Email Marketing,Receita,Clientes ativos,Sul,Desktop,21731,2085,344,48,9,743.12,33018.41,883.2
2025-04-16,EML-002,Nutricao de Leads,Email Marketing,Conversoes,Leads em nutricao,Sudeste,Mobile,20919,1913,244,12,7,709.68,7146.63,627.6
2025-04-17,GGL-001,Pesquisa Marca,Google Ads,Conversoes,Alta intencao,Sudeste,Mobile,5052,354,48,17,12,1037.62,15267.2,952.56
2025-04-17,GGL-002,Pesquisa Generica,Google Ads,Conversoes,Intencao ampla,Nordeste,Mobile,8059,351,36,4,4,1603.95,3591.38,1404.35
2025-04-17,GGL-003,Performance Max,Google Ads,Receita,Multicanal,Sudeste,Mobile,12032,250,16,5,3,890.7,4968.5,1114.07
2025-04-17,MET-001,Remarketing Social,Meta Ads,Conversoes,Visitantes do site,Sudeste,Mobile,16053,535,49,14,4,1029.56,7862.4,1041.39
2025-04-17,MET-002,Prospeccao Interesses,Meta Ads,Leads,Interesses,Nordeste,Mobile,24869,396,28,9,9,924.12,5810.58,965.95
2025-04-17,MET-003,Publico Lookalike,Meta Ads,Leads,Semelhantes,Centro-Oeste,Desktop,21588,368,47,12,9,717.05,8701.85,974.16
2025-04-17,LNK-001,Demo B2B,LinkedIn Ads,Leads,Decisores B2B,Nordeste,Desktop,9209,66,4,0,0,656.86,0.0,714.42
2025-04-17,LNK-002,Webinar Executivo,LinkedIn Ads,Leads,Liderancas,Nordeste,Tablet,5847,88,15,0,0,860.0,0.0,658.89
2025-04-17,TTK-001,Video Descoberta,TikTok Ads,Alcance,Publico jovem,Norte,Mobile,40151,725,32,1,1,817.04,575.65,991.12
2025-04-17,TTK-002,Criadores e Reviews,TikTok Ads,Conversoes,Engajados,Nordeste,Mobile,31408,832,34,7,6,1319.19,3558.77,1349.24
2025-04-17,EML-001,Oferta Base Ativa,Email Marketing,Receita,Clientes ativos,Norte,Mobile,27914,3242,679,98,9,982.48,51986.38,883.2
2025-04-17,EML-002,Nutricao de Leads,Email Marketing,Conversoes,Leads em nutricao,Sudeste,Mobile,20217,1857,232,24,10,690.04,13767.1,627.6
2025-04-18,GGL-001,Pesquisa Marca,Google Ads,Conversoes,Alta intencao,Centro-Oeste,Desktop,4079,297,45,15,10,799.25,13570.16,952.56
2025-04-18,GGL-002,Pesquisa Generica,Google Ads,Conversoes,Intencao ampla,Sudeste,Mobile,6664,264,21,2,2,1085.54,1814.31,1404.35
2025-04-18,GGL-003,Performance Max,Google Ads,Receita,Multicanal,Nordeste,Mobile,11097,327,27,5,3,1120.84,5071.51,1114.07
2025-04-18,MET-001,Remarketing Social,Meta Ads,Conversoes,Visitantes do site,Nordeste,Mobile,22518,716,82,21,9,1283.26,15155.24,1041.39
2025-04-18,MET-002,Prospeccao Interesses,Meta Ads,Leads,Interesses,Nordeste,Desktop,23017,335,25,6,5,765.8,3782.76,965.95
2025-04-18,MET-003,Publico Lookalike,Meta Ads,Leads,Semelhantes,Norte,Mobile,28874,629,71,14,12,1152.55,8227.36,974.16
2025-04-18,LNK-001,Demo B2B,LinkedIn Ads,Leads,Decisores B2B,Norte,Mobile,7211,48,6,0,0,471.32,0.0,714.42
2025-04-18,LNK-002,Webinar Executivo,LinkedIn Ads,Leads,Liderancas,Norte,Mobile,7020,81,14,4,3,679.18,10511.81,658.89
2025-04-18,TTK-001,Video Descoberta,TikTok Ads,Alcance,Publico jovem,Nordeste,Desktop,43345,884,25,4,4,1069.38,1792.33,991.12
2025-04-18,TTK-002,Criadores e Reviews,TikTok Ads,Conversoes,Engajados,Nordeste,Mobile,23005,578,27,2,2,930.24,1071.29,1349.24
2025-04-18,EML-001,Oferta Base Ativa,Email Marketing,Receita,Clientes ativos,Sul,Desktop,25781,2735,449,37,8,889.12,19393.4,883.2
2025-04-18,EML-002,Nutricao de Leads,Email Marketing,Conversoes,Leads em nutricao,Sul,Desktop,20126,1768,205,21,9,679.32,15489.51,627.6
2025-04-19,GGL-001,Pesquisa Marca,Google Ads,Conversoes,Alta intencao,Centro-Oeste,Mobile,3483,227,33,10,6,647.94,10688.63,952.56
2025-04-19,GGL-002,Pesquisa Generica,Google Ads,Conversoes,Intencao ampla,Sudeste,Desktop,5750,232,26,10,8,1001.76,10896.59,1404.35
2025-04-19,GGL-003,Performance Max,Google Ads,Receita,Multicanal,Sudeste,Mobile,8607,197,14,0,0,654.07,0.0,1114.07
2025-04-19,MET-001,Remarketing Social,Meta Ads,Conversoes,Visitantes do site,Sudeste,Tablet,16302,464,52,12,5,757.4,9893.69,1041.39
2025-04-19,MET-002,Prospeccao Interesses,Meta Ads,Leads,Interesses,Sudeste,Mobile,20143,266,20,6,4,576.07,3879.53,965.95
2025-04-19,MET-003,Publico Lookalike,Meta Ads,Leads,Semelhantes,Centro-Oeste,Mobile,17093,351,39,7,7,723.19,5857.73,974.16
2025-04-19,LNK-001,Demo B2B,LinkedIn Ads,Leads,Decisores B2B,Sul,Mobile,4680,35,5,0,0,360.52,0.0,714.42
2025-04-19,LNK-002,Webinar Executivo,LinkedIn Ads,Leads,Liderancas,Sudeste,Tablet,6235,84,19,2,2,650.1,4466.87,658.89
2025-04-19,TTK-001,Video Descoberta,TikTok Ads,Alcance,Publico jovem,Sudeste,Desktop,25295,578,22,2,2,645.93,889.24,991.12
2025-04-19,TTK-002,Criadores e Reviews,TikTok Ads,Conversoes,Engajados,Sudeste,Mobile,26403,649,26,6,6,921.09,3256.13,1349.24
2025-04-19,EML-001,Oferta Base Ativa,Email Marketing,Receita,Clientes ativos,Sudeste,Mobile,17768,1991,440,43,3,654.46,30910.99,883.2
2025-04-19,EML-002,Nutricao de Leads,Email Marketing,Conversoes,Leads em nutricao,Sudeste,Tablet,13999,1051,148,14,5,485.08,7711.55,627.6
2025-04-20,GGL-001,Pesquisa Marca,Google Ads,Conversoes,Alta intencao,Centro-Oeste,Mobile,2753,159,24,5,1,420.34,4431.05,952.56
2025-04-20,GGL-002,Pesquisa Generica,Google Ads,Conversoes,Intencao ampla,Sul,Desktop,4766,240,32,6,3,1031.86,6478.68,1404.35
2025-04-20,GGL-003,Performance Max,Google Ads,Receita,Multicanal,Sudeste,Desktop,8167,265,10,0,0,899.95,0.0,1114.07
2025-04-20,MET-001,Remarketing Social,Meta Ads,Conversoes,Visitantes do site,Sul,Mobile,13649,370,56,17,9,629.39,10288.18,1041.39
2025-04-20,MET-002,Prospeccao Interesses,Meta Ads,Leads,Interesses,Sul,Desktop,26367,459,32,3,3,935.93,2423.11,965.95
2025-04-20,MET-003,Publico Lookalike,Meta Ads,Leads,Semelhantes,Nordeste,Mobile,17745,360,36,13,11,796.91,8767.25,974.16
2025-04-20,LNK-001,Demo B2B,LinkedIn Ads,Leads,Decisores B2B,Sudeste,Desktop,5982,61,12,2,1,625.82,5335.61,714.42
2025-04-20,LNK-002,Webinar Executivo,LinkedIn Ads,Leads,Liderancas,Norte,Tablet,4662,55,9,1,1,425.86,2800.47,658.89
2025-04-20,TTK-001,Video Descoberta,TikTok Ads,Alcance,Publico jovem,Sudeste,Desktop,28284,537,25,3,3,564.16,1421.81,991.12
2025-04-20,TTK-002,Criadores e Reviews,TikTok Ads,Conversoes,Engajados,Sudeste,Mobile,26123,742,35,5,5,1063.85,2616.49,1349.24
2025-04-20,EML-001,Oferta Base Ativa,Email Marketing,Receita,Clientes ativos,Centro-Oeste,Mobile,17731,2510,408,51,3,705.62,34286.81,883.2
2025-04-20,EML-002,Nutricao de Leads,Email Marketing,Conversoes,Leads em nutricao,Sudeste,Mobile,15821,1252,176,20,6,541.62,11397.19,627.6
2025-04-21,GGL-001,Pesquisa Marca,Google Ads,Conversoes,Alta intencao,Centro-Oeste,Desktop,5253,439,72,18,12,1194.37,16706.29,952.56
2025-04-21,GGL-002,Pesquisa Generica,Google Ads,Conversoes,Intencao ampla,Sudeste,Mobile,7536,376,40,11,8,1587.2,9181.01,1404.35
2025-04-21,GGL-003,Performance Max,Google Ads,Receita,Multicanal,Sul,Desktop,13753,388,27,4,4,1338.4,4462.8,1114.07
2025-04-21,MET-001,Remarketing Social,Meta Ads,Conversoes,Visitantes do site,Nordeste,Mobile,20164,620,92,25,5,1063.14,16840.9,1041.39
2025-04-21,MET-002,Prospeccao Interesses,Meta Ads,Leads,Interesses,Nordeste,Mobile,25477,376,21,3,3,832.29,1913.4,965.95
2025-04-21,MET-003,Publico Lookalike,Meta Ads,Leads,Semelhantes,Sul,Mobile,20197,349,41,7,6,682.06,5841.76,974.16
2025-04-21,LNK-001,Demo B2B,LinkedIn Ads,Leads,Decisores B2B,Sudeste,Mobile,8093,88,8,1,1,826.55,3489.86,714.42
2025-04-21,LNK-002,Webinar Executivo,LinkedIn Ads,Leads,Liderancas,Norte,Mobile,6464,68,9,1,1,587.64,2639.25,658.89
2025-04-21,TTK-001,Video Descoberta,TikTok Ads,Alcance,Publico jovem,Sul,Mobile,41625,910,33,4,3,916.88,1453.1,991.12
2025-04-21,TTK-002,Criadores e Reviews,TikTok Ads,Conversoes,Engajados,Nordeste,Mobile,27255,665,44,8,8,975.88,5307.53,1349.24
2025-04-21,EML-001,Oferta Base Ativa,Email Marketing,Receita,Clientes ativos,Nordeste,Mobile,23328,2690,454,44,7,835.56,20935.2,883.2
2025-04-21,EML-002,Nutricao de Leads,Email Marketing,Conversoes,Leads em nutricao,Sul,Mobile,13840,1299,173,12,4,506.7,7444.72,627.6
2025-04-22,GGL-001,Pesquisa Marca,Google Ads,Conversoes,Alta intencao,Sudeste,Mobile,3751,249,39,12,8,671.44,9307.87,952.56
2025-04-22,GGL-002,Pesquisa Generica,Google Ads,Conversoes,Intencao ampla,Nordeste,Mobile,7359,311,31,6,3,1440.29,4586.4,1404.35
2025-04-22,GGL-003,Performance Max,Google Ads,Receita,Multicanal,Sudeste,Mobile,12143,323,25,7,5,1109.13,5402.8,1114.07
2025-04-22,MET-001,Remarketing Social,Meta Ads,Conversoes,Visitantes do site,Nordeste,Mobile,21642,655,85,24,11,1197.99,21325.41,1041.39
2025-04-22,MET-002,Prospeccao Interesses,Meta Ads,Leads,Interesses,Sul,Desktop,26503,396,25,6,4,901.77,5374.33,965.95
2025-04-22,MET-003,Publico Lookalike,Meta Ads,Leads,Semelhantes,Sul,Desktop,16597,335,38,9,8,702.44,6183.77,974.16
2025-04-22,LNK-001,Demo B2B,LinkedIn Ads,Leads,Decisores B2B,Sul,Desktop,7424,72,4,1,1,729.92,2942.06,714.42
2025-04-22,LNK-002,Webinar Executivo,LinkedIn Ads,Leads,Liderancas,Nordeste,Tablet,5673,67,8,2,1,590.49,5269.76,658.89
2025-04-22,TTK-001,Video Descoberta,TikTok Ads,Alcance,Publico jovem,Sudeste,Mobile,43195,947,31,4,4,1029.74,1845.09,991.12
2025-04-22,TTK-002,Criadores e Reviews,TikTok Ads,Conversoes,Engajados,Sudeste,Desktop,37108,976,43,10,8,1566.44,5107.57,1349.24
2025-04-22,EML-001,Oferta Base Ativa,Email Marketing,Receita,Clientes ativos,Sudeste,Desktop,21937,2567,462,68,12,795.44,52061.27,883.2
2025-04-22,EML-002,Nutricao de Leads,Email Marketing,Conversoes,Leads em nutricao,Sudeste,Mobile,21197,1820,195,23,14,705.94,15651.18,627.6
2025-04-23,GGL-001,Pesquisa Marca,Google Ads,Conversoes,Alta intencao,Sudeste,Mobile,4993,311,57,27,19,886.07,21741.32,952.56
2025-04-23,GGL-002,Pesquisa Generica,Google Ads,Conversoes,Intencao ampla,Sul,Mobile,6140,282,31,2,1,1240.74,1943.88,1404.35
2025-04-23,GGL-003,Performance Max,Google Ads,Receita,Multicanal,Sudeste,Mobile,13629,388,42,13,8,1153.82,11214.6,1114.07
2025-04-23,MET-001,Remarketing Social,Meta Ads,Conversoes,Visitantes do site,Norte,Mobile,19521,580,73,17,5,998.08,11789.24,1041.39
2025-04-23,MET-002,Prospeccao Interesses,Meta Ads,Leads,Interesses,Sudeste,Desktop,32318,543,31,6,6,1246.89,3496.55,965.95
2025-04-23,MET-003,Publico Lookalike,Meta Ads,Leads,Semelhantes,Sul,Desktop,24951,493,31,9,8,1013.9,5979.76,974.16
2025-04-23,LNK-001,Demo B2B,LinkedIn Ads,Leads,Decisores B2B,Sudeste,Mobile,7149,65,5,1,1,658.59,3627.32,714.42
2025-04-23,LNK-002,Webinar Executivo,LinkedIn Ads,Leads,Liderancas,Norte,Mobile,6932,101,9,0,0,879.24,0.0,658.89
2025-04-23,TTK-001,Video Descoberta,TikTok Ads,Alcance,Publico jovem,Nordeste,Mobile,32461,622,23,2,2,722.21,939.19,991.12
2025-04-23,TTK-002,Criadores e Reviews,TikTok Ads,Conversoes,Engajados,Nordeste,Mobile,29098,663,34,6,5,944.28,3307.9,1349.24
2025-04-23,EML-001,Oferta Base Ativa,Email Marketing,Receita,Clientes ativos,Sul,Mobile,24905,2948,531,67,6,892.9,45142.6,883.2
2025-04-23,EML-002,Nutricao de Leads,Email Marketing,Conversoes,Leads em nutricao,Centro-Oeste,Mobile,17516,1342,147,7,1,584.52,4515.92,627.6
2025-04-24,GGL-001,Pesquisa Marca,Google Ads,Conversoes,Alta intencao,Sul,Mobile,4093,217,40,12,8,671.9,8947.84,952.56
2025-04-24,GGL-002,Pesquisa Generica,Google Ads,Conversoes,Intencao ampla,Sudeste,Mobile,6582,219,25,5,4,980.49,4712.91,1404.35
2025-04-24,GGL-003,Performance Max,Google Ads,Receita,Multicanal,Nordeste,Mobile,9925,271,20,2,2,958.06,1976.97,1114.07
2025-04-24,MET-001,Remarketing Social,Meta Ads,Conversoes,Visitantes do site,Sudeste,Mobile,15643,439,64,13,9,783.27,8624.07,1041.39
2025-04-24,MET-002,Prospeccao Interesses,Meta Ads,Leads,Interesses,Centro-Oeste,Mobile,27544,401,23,4,3,892.42,2485.55,965.95
2025-04-24,MET-003,Publico Lookalike,Meta Ads,Leads,Semelhantes,Sudeste,Mobile,22360,496,44,8,7,955.37,5106.61,974.16
2025-04-24,LNK-001,Demo B2B,LinkedIn Ads,Leads,Decisores B2B,Sudeste,Tablet,6970,57,1,0,0,519.39,0.0,714.42
2025-04-24,LNK-002,Webinar Executivo,LinkedIn Ads,Leads,Liderancas,Sudeste,Mobile,5277,81,13,2,2,665.58,4861.17,658.89
2025-04-24,TTK-001,Video Descoberta,TikTok Ads,Alcance,Publico jovem,Sul,Mobile,31220,610,26,4,4,745.17,2060.6,991.12
2025-04-24,TTK-002,Criadores e Reviews,TikTok Ads,Conversoes,Engajados,Sul,Mobile,27815,710,40,6,6,1086.74,3127.05,1349.24
2025-04-24,EML-001,Oferta Base Ativa,Email Marketing,Receita,Clientes ativos,Nordeste,Desktop,24279,2536,391,46,6,839.18,27462.53,883.2
2025-04-24,EML-002,Nutricao de Leads,Email Marketing,Conversoes,Leads em nutricao,Sul,Mobile,19499,1386,182,14,9,628.58,8723.86,627.6
2025-04-25,GGL-001,Pesquisa Marca,Google Ads,Conversoes,Alta intencao,Sul,Mobile,4928,304,60,18,10,798.44,13915.16,952.56
2025-04-25,GGL-002,Pesquisa Generica,Google Ads,Conversoes,Intencao ampla,Nordeste,Desktop,8728,312,31,8,7,1268.01,6709.46,1404.35
2025-04-25,GGL-003,Performance Max,Google Ads,Receita,Multicanal,Nordeste,Mobile,10577,283,31,10,7,973.12,9656.93,1114.07
2025-04-25,MET-001,Remarketing Social,Meta Ads,Conversoes,Visitantes do site,Centro-Oeste,Mobile,21181,547,55,18,5,1015.41,10879.21,1041.39
2025-04-25,MET-002,Prospeccao Interesses,Meta Ads,Leads,Interesses,Sul,Mobile,27006,434,31,2,2,962.8,1246.76,965.95
2025-04-25,MET-003,Publico Lookalike,Meta Ads,Leads,Semelhantes,Sul,Desktop,24947,468,39,5,5,1037.21,3362.96,974.16
2025-04-25,LNK-001,Demo B2B,LinkedIn Ads,Leads,Decisores B2B,Nordeste,Mobile,7321,77,9,1,1,772.28,3069.56,714.42
2025-04-25,LNK-002,Webinar Executivo,LinkedIn Ads,Leads,Liderancas,Sul,Mobile,6034,82,11,1,1,678.11,2049.57,658.89
2025-04-25,TTK-001,Video Descoberta,TikTok Ads,Alcance,Publico jovem,Nordeste,Mobile,36474,855,42,2,2,988.61,986.01,991.12
2025-04-25,TTK-002,Criadores e Reviews,TikTok Ads,Conversoes,Engajados,Centro-Oeste,Mobile,33903,839,35,1,1,1288.49,513.04,1349.24
2025-04-25,EML-001,Oferta Base Ativa,Email Marketing,Receita,Clientes ativos,Norte,Mobile,26177,2666,459,64,8,890.14,37542.79,883.2
2025-04-25,EML-002,Nutricao de Leads,Email Marketing,Conversoes,Leads em nutricao,Nordeste,Desktop,18160,1552,201,14,6,618.4,9699.24,627.6
2025-04-26,GGL-001,Pesquisa Marca,Google Ads,Conversoes,Alta intencao,Sudeste,Mobile,3133,241,40,8,3,614.85,6210.46,952.56
2025-04-26,GGL-002,Pesquisa Generica,Google Ads,Conversoes,Intencao ampla,Centro-Oeste,Mobile,6268,258,29,5,5,1051.39,5687.9,1404.35
2025-04-26,GGL-003,Performance Max,Google Ads,Receita,Multicanal,Sudeste,Desktop,9839,236,22,2,1,794.69,1637.54,1114.07
2025-04-26,MET-001,Remarketing Social,Meta Ads,Conversoes,Visitantes do site,Norte,Mobile,14693,352,35,9,5,581.53,6850.49,1041.39
2025-04-26,MET-002,Prospeccao Interesses,Meta Ads,Leads,Interesses,Nordeste,Mobile,16647,252,20,4,4,492.21,2542.29,965.95
2025-04-26,MET-003,Publico Lookalike,Meta Ads,Leads,Semelhantes,Sudeste,Desktop,19556,424,22,6,3,854.89,3386.05,974.16
2025-04-26,LNK-001,Demo B2B,LinkedIn Ads,Leads,Decisores B2B,Norte,Desktop,5098,46,5,1,1,452.69,3583.92,714.42
2025-04-26,LNK-002,Webinar Executivo,LinkedIn Ads,Leads,Liderancas,Sudeste,Desktop,5399,60,7,1,1,522.12,2276.1,658.89
2025-04-26,TTK-001,Video Descoberta,TikTok Ads,Alcance,Publico jovem,Sudeste,Desktop,21359,479,31,0,0,547.64,0.0,991.12
2025-04-26,TTK-002,Criadores e Reviews,TikTok Ads,Conversoes,Engajados,Nordeste,Mobile,21740,638,35,5,3,1004.27,2502.49,1349.24
2025-04-26,EML-001,Oferta Base Ativa,Email Marketing,Receita,Clientes ativos,Sul,Mobile,12986,1409,272,24,2,500.62,14683.34,883.2
2025-04-26,EML-002,Nutricao de Leads,Email Marketing,Conversoes,Leads em nutricao,Sul,Tablet,12794,1291,140,9,5,484.98,6587.21,627.6
2025-04-27,GGL-001,Pesquisa Marca,Google Ads,Conversoes,Alta intencao,Norte,Mobile,3093,202,32,6,3,568.12,4858.26,952.56
2025-04-27,GGL-002,Pesquisa Generica,Google Ads,Conversoes,Intencao ampla,Nordeste,Mobile,5719,237,32,4,4,982.3,3423.47,1404.35
2025-04-27,GGL-003,Performance Max,Google Ads,Receita,Multicanal,Norte,Desktop,7323,203,6,3,3,689.79,2910.61,1114.07
2025-04-27,MET-001,Remarketing Social,Meta Ads,Conversoes,Visitantes do site,Sudeste,Desktop,15154,412,35,11,5,676.4,8125.28,1041.39
2025-04-27,MET-002,Prospeccao Interesses,Meta Ads,Leads,Interesses,Sul,Desktop,17675,315,16,3,3,624.38,2066.9,965.95
2025-04-27,MET-003,Publico Lookalike,Meta Ads,Leads,Semelhantes,Centro-Oeste,Mobile,20139,455,39,7,5,876.99,5346.23,974.16
2025-04-27,LNK-001,Demo B2B,LinkedIn Ads,Leads,Decisores B2B,Sudeste,Mobile,5301,46,4,1,0,480.91,3955.05,714.42
2025-04-27,LNK-002,Webinar Executivo,LinkedIn Ads,Leads,Liderancas,Sudeste,Desktop,4575,47,7,2,1,353.34,6137.05,658.89
2025-04-27,TTK-001,Video Descoberta,TikTok Ads,Alcance,Publico jovem,Sul,Mobile,31805,685,34,4,4,808.89,2159.86,991.12
2025-04-27,TTK-002,Criadores e Reviews,TikTok Ads,Conversoes,Engajados,Sudeste,Mobile,30038,736,28,1,1,1053.02,586.48,1349.24
2025-04-27,EML-001,Oferta Base Ativa,Email Marketing,Receita,Clientes ativos,Norte,Tablet,17040,1858,290,53,7,626.6,27835.35,883.2
2025-04-27,EML-002,Nutricao de Leads,Email Marketing,Conversoes,Leads em nutricao,Nordeste,Mobile,13148,1050,138,7,1,467.96,3880.99,627.6
2025-04-28,GGL-001,Pesquisa Marca,Google Ads,Conversoes,Alta intencao,Centro-Oeste,Desktop,4388,318,45,10,9,872.45,8410.01,952.56
2025-04-28,GGL-002,Pesquisa Generica,Google Ads,Conversoes,Intencao ampla,Sudeste,Mobile,7415,298,28,5,4,1356.82,5194.21,1404.35
2025-04-28,GGL-003,Performance Max,Google Ads,Receita,Multicanal,Centro-Oeste,Mobile,12231,323,30,6,5,1001.54,5545.2,1114.07
2025-04-28,MET-001,Remarketing Social,Meta Ads,Conversoes,Visitantes do site,Sudeste,Desktop,21210,662,67,17,7,1131.96,12003.34,1041.39
2025-04-28,MET-002,Prospeccao Interesses,Meta Ads,Leads,Interesses,Sul,Mobile,28448,486,27,3,2,1068.32,1840.92,965.95
2025-04-28,MET-003,Publico Lookalike,Meta Ads,Leads,Semelhantes,Sudeste,Desktop,23897,496,48,6,6,991.52,4403.31,974.16
2025-04-28,LNK-001,Demo B2B,LinkedIn Ads,Leads,Decisores B2B,Sul,Mobile,8895,80,3,0,0,735.54,0.0,714.42
2025-04-28,LNK-002,Webinar Executivo,LinkedIn Ads,Leads,Liderancas,Sul,Desktop,7440,72,13,2,1,591.27,6206.16,658.89
2025-04-28,TTK-001,Video Descoberta,TikTok Ads,Alcance,Publico jovem,Centro-Oeste,Mobile,45811,841,33,3,3,970.95,1454.11,991.12
2025-04-28,TTK-002,Criadores e Reviews,TikTok Ads,Conversoes,Engajados,Sudeste,Desktop,25118,694,42,5,5,1062.74,2473.18,1349.24
2025-04-28,EML-001,Oferta Base Ativa,Email Marketing,Receita,Clientes ativos,Sudeste,Mobile,28378,3012,675,78,13,968.76,50636.42,883.2
2025-04-28,EML-002,Nutricao de Leads,Email Marketing,Conversoes,Leads em nutricao,Sudeste,Desktop,20861,1741,206,14,6,691.32,9026.89,627.6
2025-04-29,GGL-001,Pesquisa Marca,Google Ads,Conversoes,Alta intencao,Sudeste,Mobile,4138,287,43,12,8,762.33,11376.93,952.56
2025-04-29,GGL-002,Pesquisa Generica,Google Ads,Conversoes,Intencao ampla,Sudeste,Mobile,6799,213,24,1,1,964.5,1128.73,1404.35
2025-04-29,GGL-003,Performance Max,Google Ads,Receita,Multicanal,Sudeste,Desktop,10982,256,14,4,3,900.7,3260.31,1114.07
2025-04-29,MET-001,Remarketing Social,Meta Ads,Conversoes,Visitantes do site,Sudeste,Desktop,18044,499,62,14,3,882.13,10254.4,1041.39
2025-04-29,MET-002,Prospeccao Interesses,Meta Ads,Leads,Interesses,Sul,Mobile,26405,478,30,6,5,1011.43,3539.24,965.95
2025-04-29,MET-003,Publico Lookalike,Meta Ads,Leads,Semelhantes,Sudeste,Mobile,22596,440,45,7,5,891.73,5020.7,974.16
2025-04-29,LNK-001,Demo B2B,LinkedIn Ads,Leads,Decisores B2B,Centro-Oeste,Mobile,6758,68,9,2,2,698.77,7597.37,714.42
2025-04-29,LNK-002,Webinar Executivo,LinkedIn Ads,Leads,Liderancas,Sudeste,Tablet,5532,60,9,2,1,518.28,5883.25,658.89
2025-04-29,TTK-001,Video Descoberta,TikTok Ads,Alcance,Publico jovem,Sul,Mobile,37328,803,26,4,4,902.26,1624.87,991.12
2025-04-29,TTK-002,Criadores e Reviews,TikTok Ads,Conversoes,Engajados,Sul,Desktop,22808,627,28,4,4,960.31,2307.11,1349.24
2025-04-29,EML-001,Oferta Base Ativa,Email Marketing,Receita,Clientes ativos,Nordeste,Mobile,25809,3078,563,70,6,923.98,43387.77,883.2
2025-04-29,EML-002,Nutricao de Leads,Email Marketing,Conversoes,Leads em nutricao,Norte,Desktop,19763,1442,217,20,5,639.46,13687.2,627.6
2025-04-30,GGL-001,Pesquisa Marca,Google Ads,Conversoes,Alta intencao,Sul,Mobile,4608,321,55,22,15,906.29,18271.09,952.56
2025-04-30,GGL-002,Pesquisa Generica,Google Ads,Conversoes,Intencao ampla,Sudeste,Tablet,7592,269,43,17,12,1160.01,16361.61,1404.35
2025-04-30,GGL-003,Performance Max,Google Ads,Receita,Multicanal,Nordeste,Mobile,10435,278,21,6,2,971.77,4305.6,1114.07
2025-04-30,MET-001,Remarketing Social,Meta Ads,Conversoes,Visitantes do site,Sudeste,Mobile,20202,605,68,23,11,1074.9,20552.12,1041.39
2025-04-30,MET-002,Prospeccao Interesses,Meta Ads,Leads,Interesses,Nordeste,Mobile,23896,357,16,2,2,742.33,1076.4,965.95
2025-04-30,MET-003,Publico Lookalike,Meta Ads,Leads,Semelhantes,Sul,Mobile,22281,400,24,2,0,902.09,1352.38,974.16
2025-04-30,LNK-001,Demo B2B,LinkedIn Ads,Leads,Decisores B2B,Nordeste,Desktop,7406,67,2,0,0,599.05,0.0,714.42
2025-04-30,LNK-002,Webinar Executivo,LinkedIn Ads,Leads,Liderancas,Norte,Mobile,5271,90,9,0,0,753.93,0.0,658.89
2025-04-30,TTK-001,Video Descoberta,TikTok Ads,Alcance,Publico jovem,Sudeste,Mobile,42324,873,42,6,6,913.56,2152.8,991.12
2025-04-30,TTK-002,Criadores e Reviews,TikTok Ads,Conversoes,Engajados,Sul,Tablet,29676,887,37,4,2,1279.88,1702.8,1349.24
2025-04-30,EML-001,Oferta Base Ativa,Email Marketing,Receita,Clientes ativos,Sudeste,Mobile,28005,2928,581,66,11,952.9,38158.91,883.2
2025-04-30,EML-002,Nutricao de Leads,Email Marketing,Conversoes,Leads em nutricao,Nordeste,Mobile,18245,1713,186,15,7,636.2,10010.36,627.6
2025-05-01,GGL-001,Pesquisa Marca,Google Ads,Conversoes,Alta intencao,Norte,Desktop,6429,502,76,19,12,1436.16,15515.1,952.56
2025-05-01,GGL-002,Pesquisa Generica,Google Ads,Conversoes,Intencao ampla,Sul,Mobile,8121,330,34,7,5,1251.0,7906.22,1404.35
2025-05-01,GGL-003,Performance Max,Google Ads,Receita,Multicanal,Sul,Desktop,9174,182,19,3,3,682.31,2926.85,1114.07
2025-05-01,MET-001,Remarketing Social,Meta Ads,Conversoes,Visitantes do site,Sul,Mobile,22087,697,93,20,3,1331.85,13766.8,1041.39
2025-05-01,MET-002,Prospeccao Interesses,Meta Ads,Leads,Interesses,Nordeste,Mobile,22104,344,26,6,5,731.37,4056.79,965.95
2025-05-01,MET-003,Publico Lookalike,Meta Ads,Leads,Semelhantes,Sudeste,Desktop,21998,527,55,12,8,1066.33,7270.42,974.16
2025-05-01,LNK-001,Demo B2B,LinkedIn Ads,Leads,Decisores B2B,Norte,Mobile,7736,66,5,0,0,648.54,0.0,714.42
2025-05-01,LNK-002,Webinar Executivo,LinkedIn Ads,Leads,Liderancas,Sudeste,Mobile,5557,50,4,0,0,394.13,0.0,658.89
2025-05-01,TTK-001,Video Descoberta,TikTok Ads,Alcance,Publico jovem,Sudeste,Desktop,39131,748,28,6,5,892.16,3625.81,991.12
2025-05-01,TTK-002,Criadores e Reviews,TikTok Ads,Conversoes,Engajados,Sul,Mobile,31585,805,38,6,5,1284.49,3110.69,1349.24
2025-05-01,EML-001,Oferta Base Ativa,Email Marketing,Receita,Clientes ativos,Sudeste,Desktop,25866,2979,524,61,5,915.22,31648.09,883.2
2025-05-01,EML-002,Nutricao de Leads,Email Marketing,Conversoes,Leads em nutricao,Sul,Mobile,15401,1085,133,13,2,516.52,8703.25,627.6
2025-05-02,GGL-001,Pesquisa Marca,Google Ads,Conversoes,Alta intencao,Centro-Oeste,Desktop,4945,331,45,14,7,934.96,12426.04,952.56
2025-05-02,GGL-002,Pesquisa Generica,Google Ads,Conversoes,Intencao ampla,Sudeste,Mobile,8756,387,46,9,6,1685.51,8416.62,1404.35
2025-05-02,GGL-003,Performance Max,Google Ads,Receita,Multicanal,Sudeste,Mobile,14345,353,33,6,6,1276.78,5213.81,1114.07
2025-05-02,MET-001,Remarketing Social,Meta Ads,Conversoes,Visitantes do site,Centro-Oeste,Mobile,19591,588,74,17,8,970.93,13651.67,1041.39
2025-05-02,MET-002,Prospeccao Interesses,Meta Ads,Leads,Interesses,Sudeste,Mobile,24981,419,34,8,7,850.81,5056.5,965.95
2025-05-02,MET-003,Publico Lookalike,Meta Ads,Leads,Semelhantes,Nordeste,Desktop,25350,527,46,9,8,1114.04,6223.62,974.16
2025-05-02,LNK-001,Demo B2B,LinkedIn Ads,Leads,Decisores B2B,Sudeste,Mobile,7063,54,9,1,1,528.98,3299.69,714.42
2025-05-02,LNK-002,Webinar Executivo,LinkedIn Ads,Leads,Liderancas,Sudeste,Mobile,6519,76,14,2,1,612.38,4903.59,658.89
2025-05-02,TTK-001,Video Descoberta,TikTok Ads,Alcance,Publico jovem,Sul,Mobile,38520,769,34,3,3,815.61,1629.12,991.12
2025-05-02,TTK-002,Criadores e Reviews,TikTok Ads,Conversoes,Engajados,Nordeste,Mobile,26017,597,37,3,3,926.78,1989.89,1349.24
2025-05-02,EML-001,Oferta Base Ativa,Email Marketing,Receita,Clientes ativos,Sul,Mobile,27779,3351,664,70,10,990.68,40615.55,883.2
2025-05-02,EML-002,Nutricao de Leads,Email Marketing,Conversoes,Leads em nutricao,Sudeste,Mobile,17412,1465,157,12,3,594.74,9494.68,627.6
2025-05-03,GGL-001,Pesquisa Marca,Google Ads,Conversoes,Alta intencao,Sudeste,Mobile,3536,239,44,15,8,697.23,9986.31,952.56
2025-05-03,GGL-002,Pesquisa Generica,Google Ads,Conversoes,Intencao ampla,Sudeste,Desktop,6301,211,15,4,2,951.42,3767.1,1404.35
2025-05-03,GGL-003,Performance Max,Google Ads,Receita,Multicanal,Sudeste,Mobile,7488,213,14,1,1,724.74,906.27,1114.07
2025-05-03,MET-001,Remarketing Social,Meta Ads,Conversoes,Visitantes do site,Sudeste,Desktop,15378,401,42,13,6,635.6,10398.16,1041.39
2025-05-03,MET-002,Prospeccao Interesses,Meta Ads,Leads,Interesses,Norte,Mobile,24143,358,24,5,3,729.65,3479.67,965.95
2025-05-03,MET-003,Publico Lookalike,Meta Ads,Leads,Semelhantes,Sudeste,Desktop,19430,420,49,10,9,839.01,7518.2,974.16
2025-05-03,LNK-001,Demo B2B,LinkedIn Ads,Leads,Decisores B2B,Sudeste,Mobile,7538,54,8,1,1,557.96,3022.38,714.42
2025-05-03,LNK-002,Webinar Executivo,LinkedIn Ads,Leads,Liderancas,Centro-Oeste,Mobile,4527,47,9,1,0,391.84,2158.3,658.89
2025-05-03,TTK-001,Video Descoberta,TikTok Ads,Alcance,Publico jovem,Centro-Oeste,Mobile,30696,703,29,1,1,778.47,491.75,991.12
2025-05-03,TTK-002,Criadores e Reviews,TikTok Ads,Conversoes,Engajados,Sudeste,Mobile,24698,732,34,6,3,1187.89,3442.8,1349.24
2025-05-03,EML-001,Oferta Base Ativa,Email Marketing,Receita,Clientes ativos,Sudeste,Mobile,21507,2704,523,62,11,800.54,32467.32,883.2
2025-05-03,EML-002,Nutricao de Leads,Email Marketing,Conversoes,Leads em nutricao,Sul,Desktop,15337,1188,150,3,2,525.54,2296.76,627.6
2025-05-04,GGL-001,Pesquisa Marca,Google Ads,Conversoes,Alta intencao,Sul,Desktop,3977,318,49,15,10,858.29,13498.36,952.56
2025-05-04,GGL-002,Pesquisa Generica,Google Ads,Conversoes,Intencao ampla,Sudeste,Desktop,5349,215,23,7,4,906.14,6145.62,1404.35
2025-05-04,GGL-003,Performance Max,Google Ads,Receita,Multicanal,Centro-Oeste,Mobile,11033,290,22,4,3,1058.28,3332.87,1114.07
2025-05-04,MET-001,Remarketing Social,Meta Ads,Conversoes,Visitantes do site,Centro-Oeste,Mobile,15651,469,64,17,8,798.2,12178.7,1041.39
2025-05-04,MET-002,Prospeccao Interesses,Meta Ads,Leads,Interesses,Nordeste,Desktop,25898,460,32,6,5,1049.84,3703.03,965.95
2025-05-04,MET-003,Publico Lookalike,Meta Ads,Leads,Semelhantes,Sudeste,Mobile,17302,399,36,6,5,802.07,4557.35,974.16
2025-05-04,LNK-001,Demo B2B,LinkedIn Ads,Leads,Decisores B2B,Sudeste,Desktop,5230,57,0,0,0,508.16,0.0,714.42
2025-05-04,LNK-002,Webinar Executivo,LinkedIn Ads,Leads,Liderancas,Sudeste,Desktop,5321,72,8,1,0,584.63,2091.24,658.89
2025-05-04,TTK-001,Video Descoberta,TikTok Ads,Alcance,Publico jovem,Sudeste,Desktop,33337,752,19,3,3,873.56,1369.23,991.12
2025-05-04,TTK-002,Criadores e Reviews,TikTok Ads,Conversoes,Engajados,Nordeste,Desktop,25933,642,33,0,0,978.61,0.0,1349.24
2025-05-04,EML-001,Oferta Base Ativa,Email Marketing,Receita,Clientes ativos,Sudeste,Desktop,19413,2264,428,42,2,714.66,31650.09,883.2
2025-05-04,EML-002,Nutricao de Leads,Email Marketing,Conversoes,Leads em nutricao,Sul,Desktop,16347,1256,169,11,2,552.54,5793.82,627.6
2025-05-05,GGL-001,Pesquisa Marca,Google Ads,Conversoes,Alta intencao,Sudeste,Mobile,4470,286,27,8,5,808.49,5921.15,952.56
2025-05-05,GGL-002,Pesquisa Generica,Google Ads,Conversoes,Intencao ampla,Sudeste,Desktop,7445,362,32,9,8,1581.66,7774.92,1404.35
2025-05-05,GGL-003,Performance Max,Google Ads,Receita,Multicanal,Norte,Tablet,12165,321,27,6,4,1144.99,6261.73,1114.07
2025-05-05,MET-001,Remarketing Social,Meta Ads,Conversoes,Visitantes do site,Sul,Mobile,20611,695,84,26,10,1239.83,15840.7,1041.39
2025-05-05,MET-002,Prospeccao Interesses,Meta Ads,Leads,Interesses,Sul,Mobile,27186,473,34,0,0,983.41,0.0,965.95
2025-05-05,MET-003,Publico Lookalike,Meta Ads,Leads,Semelhantes,Nordeste,Mobile,25119,580,66,9,6,1187.93,5052.9,974.16
2025-05-05,LNK-001,Demo B2B,LinkedIn Ads,Leads,Decisores B2B,Sudeste,Desktop,7096,44,3,1,1,435.65,2496.0,714.42
2025-05-05,LNK-002,Webinar Executivo,LinkedIn Ads,Leads,Liderancas,Sudeste,Mobile,5607,74,12,2,2,645.89,4163.79,658.89
2025-05-05,TTK-001,Video Descoberta,TikTok Ads,Alcance,Publico jovem,Centro-Oeste,Desktop,38066,792,25,4,3,921.47,2398.2,991.12
2025-05-05,TTK-002,Criadores e Reviews,TikTok Ads,Conversoes,Engajados,Sudeste,Mobile,35614,965,55,4,3,1519.39,2351.53,1349.24
2025-05-05,EML-001,Oferta Base Ativa,Email Marketing,Receita,Clientes ativos,Sudeste,Mobile,26476,3457,567,66,6,975.22,36333.27,883.2
2025-05-05,EML-002,Nutricao de Leads,Email Marketing,Conversoes,Leads em nutricao,Sudeste,Desktop,19136,1672,225,17,5,649.92,8922.08,627.6
2025-05-06,GGL-001,Pesquisa Marca,Google Ads,Conversoes,Alta intencao,Sul,Desktop,4711,345,52,19,12,936.49,12597.0,952.56
2025-05-06,GGL-002,Pesquisa Generica,Google Ads,Conversoes,Intencao ampla,Sudeste,Mobile,7175,288,29,4,3,1237.49,3606.65,1404.35
2025-05-06,GGL-003,Performance Max,Google Ads,Receita,Multicanal,Sul,Desktop,10615,270,21,6,4,959.83,6118.74,1114.07
2025-05-06,MET-001,Remarketing Social,Meta Ads,Conversoes,Visitantes do site,Centro-Oeste,Mobile,20876,575,77,18,11,1062.71,13211.61,1041.39
2025-05-06,MET-002,Prospeccao Interesses,Meta Ads,Leads,Interesses,Sul,Mobile,26100,340,17,1,1,766.7,764.38,965.95
2025-05-06,MET-003,Publico Lookalike,Meta Ads,Leads,Semelhantes,Nordeste,Desktop,24930,517,49,9,8,1098.97,6181.13,974.16
2025-05-06,LNK-001,Demo B2B,LinkedIn Ads,Leads,Decisores B2B,Nordeste,Desktop,9941,65,9,1,1,522.34,3131.3,714.42
2025-05-06,LNK-002,Webinar Executivo,LinkedIn Ads,Leads,Liderancas,Nordeste,Mobile,6444,77,11,2,2,619.3,4829.67,658.89
2025-05-06,TTK-001,Video Descoberta,TikTok Ads,Alcance,Publico jovem,Centro-Oeste,Mobile,46277,1181,47,2,2,1361.48,1048.5,991.12
2025-05-06,TTK-002,Criadores e Reviews,TikTok Ads,Conversoes,Engajados,Centro-Oeste,Mobile,37133,1036,48,3,3,1504.45,1669.22,1349.24
2025-05-06,EML-001,Oferta Base Ativa,Email Marketing,Receita,Clientes ativos,Sul,Desktop,30081,3560,632,105,15,1057.62,60628.59,883.2
2025-05-06,EML-002,Nutricao de Leads,Email Marketing,Conversoes,Leads em nutricao,Centro-Oeste,Desktop,20152,1734,168,12,4,676.44,6796.52,627.6
2025-05-07,GGL-001,Pesquisa Marca,Google Ads,Conversoes,Alta intencao,Sul,Mobile,5143,378,56,19,12,1156.87,16181.39,952.56
2025-05-07,GGL-002,Pesquisa Generica,Google Ads,Conversoes,Intencao ampla,Norte,Mobile,8176,385,37,12,10,1498.15,11476.92,1404.35
2025-05-07,GGL-003,Performance Max,Google Ads,Receita,Multicanal,Sudeste,Mobile,11252,327,28,4,4,1116.78,3257.48,1114.07
2025-05-07,MET-001,Remarketing Social,Meta Ads,Conversoes,Visitantes do site,Sudeste,Mobile,19525,514,63,7,4,852.19,5884.4,1041.39
2025-05-07,MET-002,Prospeccao Interesses,Meta Ads,Leads,Interesses,Sudeste,Mobile,31538,441,28,0,0,936.19,0.0,965.95
2025-05-07,MET-003,Publico Lookalike,Meta Ads,Leads,Semelhantes,Sudeste,Desktop,23079,461,44,10,8,1019.15,6222.33,974.16
2025-05-07,LNK-001,Demo B2B,LinkedIn Ads,Leads,Decisores B2B,Norte,Mobile,8630,78,7,3,2,827.46,9359.67,714.42
2025-05-07,LNK-002,Webinar Executivo,LinkedIn Ads,Leads,Liderancas,Centro-Oeste,Mobile,5998,101,17,0,0,821.15,0.0,658.89
2025-05-07,TTK-001,Video Descoberta,TikTok Ads,Alcance,Publico jovem,Norte,Mobile,37898,826,23,3,3,920.25,1375.78,991.12
2025-05-07,TTK-002,Criadores e Reviews,TikTok Ads,Conversoes,Engajados,Sul,Desktop,35822,956,50,10,9,1451.87,5152.91,1349.24
2025-05-07,EML-001,Oferta Base Ativa,Email Marketing,Receita,Clientes ativos,Sudeste,Mobile,22867,2877,483,64,14,845.04,33071.09,883.2
2025-05-07,EML-002,Nutricao de Leads,Email Marketing,Conversoes,Leads em nutricao,Sul,Mobile,20921,1841,255,12,7,702.52,7321.15,627.6
2025-05-08,GGL-001,Pesquisa Marca,Google Ads,Conversoes,Alta intencao,Norte,Mobile,4044,283,40,11,8,828.77,11375.36,952.56
2025-05-08,GGL-002,Pesquisa Generica,Google Ads,Conversoes,Intencao ampla,Centro-Oeste,Mobile,6654,232,38,13,12,999.51,11667.72,1404.35
2025-05-08,GGL-003,Performance Max,Google Ads,Receita,Multicanal,Sul,Desktop,12269,341,19,6,3,1242.17,5962.02,1114.07
2025-05-08,MET-001,Remarketing Social,Meta Ads,Conversoes,Visitantes do site,Norte,Desktop,20537,647,73,21,12,1001.75,18727.05,1041.39
2025-05-08,MET-002,Prospeccao Interesses,Meta Ads,Leads,Interesses,Sudeste,Desktop,33811,562,35,8,8,1171.36,5935.85,965.95
2025-05-08,MET-003,Publico Lookalike,Meta Ads,Leads,Semelhantes,Sudeste,Mobile,22595,428,50,12,11,948.83,9950.4,974.16
2025-05-08,LNK-001,Demo B2B,LinkedIn Ads,Leads,Decisores B2B,Nordeste,Desktop,8221,80,9,3,3,714.91,10952.08,714.42
2025-05-08,LNK-002,Webinar Executivo,LinkedIn Ads,Leads,Liderancas,Nordeste,Mobile,6671,82,16,3,3,689.65,7023.04,658.89
2025-05-08,TTK-001,Video Descoberta,TikTok Ads,Alcance,Publico jovem,Sul,Mobile,40962,1030,54,5,5,1179.02,2177.01,991.12
2025-05-08,TTK-002,Criadores e Reviews,TikTok Ads,Conversoes,Engajados,Nordeste,Mobile,36280,849,43,4,4,1239.44,2082.52,1349.24
2025-05-08,EML-001,Oferta Base Ativa,Email Marketing,Receita,Clientes ativos,Nordeste,Mobile,29835,3633,571,72,8,1060.0,46438.16,883.2
2025-05-08,EML-002,Nutricao de Leads,Email Marketing,Conversoes,Leads em nutricao,Sudeste,Mobile,16915,1591,188,13,2,597.4,6489.6,627.6
2025-05-09,GGL-001,Pesquisa Marca,Google Ads,Conversoes,Alta intencao,Nordeste,Mobile,4024,267,43,8,7,651.04,7363.49,952.56
2025-05-09,GGL-002,Pesquisa Generica,Google Ads,Conversoes,Intencao ampla,Sudeste,Desktop,7240,307,31,8,7,1216.05,8383.4,1404.35
2025-05-09,GGL-003,Performance Max,Google Ads,Receita,Multicanal,Centro-Oeste,Desktop,11446,311,20,3,2,1049.76,2844.86,1114.07
2025-05-09,MET-001,Remarketing Social,Meta Ads,Conversoes,Visitantes do site,Sul,Desktop,19415,527,70,18,10,857.94,14798.58,1041.39
2025-05-09,MET-002,Prospeccao Interesses,Meta Ads,Leads,Interesses,Norte,Desktop,29566,561,56,9,8,1205.54,5096.29,965.95
2025-05-09,MET-003,Publico Lookalike,Meta Ads,Leads,Semelhantes,Sudeste,Mobile,20228,388,34,7,5,881.41,4973.38,974.16
2025-05-09,LNK-001,Demo B2B,LinkedIn Ads,Leads,Decisores B2B,Sudeste,Tablet,6694,70,9,3,2,668.13,8336.12,714.42
2025-05-09,LNK-002,Webinar Executivo,LinkedIn Ads,Leads,Liderancas,Sudeste,Mobile,6357,53,10,2,2,426.66,4199.23,658.89
2025-05-09,TTK-001,Video Descoberta,TikTok Ads,Alcance,Publico jovem,Nordeste,Desktop,26307,498,21,5,5,549.46,1794.0,991.12
2025-05-09,TTK-002,Criadores e Reviews,TikTok Ads,Conversoes,Engajados,Sudeste,Mobile,30705,695,34,4,3,1162.26,1988.21,1349.24
2025-05-09,EML-001,Oferta Base Ativa,Email Marketing,Receita,Clientes ativos,Norte,Tablet,22237,2608,497,67,8,805.54,39455.76,883.2
2025-05-09,EML-002,Nutricao de Leads,Email Marketing,Conversoes,Leads em nutricao,Centro-Oeste,Mobile,20456,1666,201,19,9,675.72,11767.79,627.6
2025-05-10,GGL-001,Pesquisa Marca,Google Ads,Conversoes,Alta intencao,Norte,Mobile,3512,254,40,11,7,655.65,7986.41,952.56
2025-05-10,GGL-002,Pesquisa Generica,Google Ads,Conversoes,Intencao ampla,Norte,Mobile,4476,234,31,8,7,994.47,7505.58,1404.35
2025-05-10,GGL-003,Performance Max,Google Ads,Receita,Multicanal,Sudeste,Desktop,7738,224,24,4,4,741.81,2935.71,1114.07
2025-05-10,MET-001,Remarketing Social,Meta Ads,Conversoes,Visitantes do site,Sudeste,Mobile,13075,495,55,11,8,873.71,8171.74,1041.39
2025-05-10,MET-002,Prospeccao Interesses,Meta Ads,Leads,Interesses,Norte,Desktop,22183,365,26,4,3,795.07,2255.37,965.95
2025-05-10,MET-003,Publico Lookalike,Meta Ads,Leads,Semelhantes,Sudeste,Desktop,21009,381,26,4,3,757.81,3085.74,974.16
2025-05-10,LNK-001,Demo B2B,LinkedIn Ads,Leads,Decisores B2B,Nordeste,Mobile,6044,58,5,1,1,547.77,4327.64,714.42
2025-05-10,LNK-002,Webinar Executivo,LinkedIn Ads,Leads,Liderancas,Nordeste,Mobile,5073,55,10,3,3,451.51,8992.78,658.89
2025-05-10,TTK-001,Video Descoberta,TikTok Ads,Alcance,Publico jovem,Nordeste,Desktop,27654,625,26,0,0,743.09,0.0,991.12
2025-05-10,TTK-002,Criadores e Reviews,TikTok Ads,Conversoes,Engajados,Sul,Desktop,19121,544,29,4,4,840.4,2487.05,1349.24
2025-05-10,EML-001,Oferta Base Ativa,Email Marketing,Receita,Clientes ativos,Sudeste,Mobile,16481,1997,371,50,5,629.32,40224.1,883.2
2025-05-10,EML-002,Nutricao de Leads,Email Marketing,Conversoes,Leads em nutricao,Sudeste,Mobile,15636,1499,195,14,6,562.62,8584.65,627.6
2025-05-11,GGL-001,Pesquisa Marca,Google Ads,Conversoes,Alta intencao,Nordeste,Mobile,3232,222,34,15,10,629.8,13088.43,952.56
2025-05-11,GGL-002,Pesquisa Generica,Google Ads,Conversoes,Intencao ampla,Sudeste,Desktop,5078,196,21,6,5,724.21,5511.18,1404.35
2025-05-11,GGL-003,Performance Max,Google Ads,Receita,Multicanal,Sudeste,Mobile,9037,225,17,3,1,784.98,2456.07,1114.07
2025-05-11,MET-001,Remarketing Social,Meta Ads,Conversoes,Visitantes do site,Centro-Oeste,Mobile,14672,423,56,12,3,742.01,8583.05,1041.39
2025-05-11,MET-002,Prospeccao Interesses,Meta Ads,Leads,Interesses,Sudeste,Desktop,20566,281,26,6,5,543.85,3229.2,965.95
2025-05-11,MET-003,Publico Lookalike,Meta Ads,Leads,Semelhantes,Sudeste,Mobile,21755,457,31,9,8,1027.03,5600.75,974.16
2025-05-11,LNK-001,Demo B2B,LinkedIn Ads,Leads,Decisores B2B,Sul,Mobile,6147,62,6,2,2,622.12,7078.0,714.42
2025-05-11,LNK-002,Webinar Executivo,LinkedIn Ads,Leads,Liderancas,Sul,Mobile,5270,37,3,1,0,303.5,2294.87,658.89
2025-05-11,TTK-001,Video Descoberta,TikTok Ads,Alcance,Publico jovem,Sul,Mobile,29652,646,26,2,2,835.8,884.31,991.12
2025-05-11,TTK-002,Criadores e Reviews,TikTok Ads,Conversoes,Engajados,Sul,Mobile,21524,483,26,5,5,733.39,3226.58,1349.24
2025-05-11,EML-001,Oferta Base Ativa,Email Marketing,Receita,Clientes ativos,Sul,Mobile,18933,2075,358,37,8,686.16,19065.56,883.2
2025-05-11,EML-002,Nutricao de Leads,Email Marketing,Conversoes,Leads em nutricao,Sudeste,Mobile,15562,1325,172,8,1,543.74,5405.32,627.6
2025-05-12,GGL-001,Pesquisa Marca,Google Ads,Conversoes,Alta intencao,Sudeste,Mobile,4834,340,51,14,10,1008.14,12696.56,952.56
2025-05-12,GGL-002,Pesquisa Generica,Google Ads,Conversoes,Intencao ampla,Nordeste,Mobile,7126,257,25,7,6,986.04,5350.8,1404.35
2025-05-12,GGL-003,Performance Max,Google Ads,Receita,Multicanal,Centro-Oeste,Desktop,13441,319,28,7,5,1032.11,5644.87,1114.07
2025-05-12,MET-001,Remarketing Social,Meta Ads,Conversoes,Visitantes do site,Nordeste,Mobile,22875,643,77,25,10,1174.74,21253.44,1041.39
2025-05-12,MET-002,Prospeccao Interesses,Meta Ads,Leads,Interesses,Sul,Mobile,29541,476,39,8,7,852.84,5095.39,965.95
2025-05-12,MET-003,Publico Lookalike,Meta Ads,Leads,Semelhantes,Sudeste,Mobile,20751,366,29,4,3,742.47,2515.17,974.16
2025-05-12,LNK-001,Demo B2B,LinkedIn Ads,Leads,Decisores B2B,Nordeste,Mobile,8153,91,10,2,2,766.7,6368.32,714.42
2025-05-12,LNK-002,Webinar Executivo,LinkedIn Ads,Leads,Liderancas,Sudeste,Mobile,6795,73,8,0,0,565.26,0.0,658.89
2025-05-12,TTK-001,Video Descoberta,TikTok Ads,Alcance,Publico jovem,Nordeste,Mobile,41004,752,32,1,0,844.64,484.39,991.12
2025-05-12,TTK-002,Criadores e Reviews,TikTok Ads,Conversoes,Engajados,Sudeste,Mobile,31850,825,51,7,6,1292.6,3103.96,1349.24
2025-05-12,EML-001,Oferta Base Ativa,Email Marketing,Receita,Clientes ativos,Sudeste,Mobile,26164,3115,540,74,13,934.78,49571.45,883.2
2025-05-12,EML-002,Nutricao de Leads,Email Marketing,Conversoes,Leads em nutricao,Nordeste,Mobile,19018,1573,185,13,6,637.66,6910.8,627.6
2025-05-13,GGL-001,Pesquisa Marca,Google Ads,Conversoes,Alta intencao,Sul,Mobile,5156,299,44,15,8,950.19,11525.24,952.56
2025-05-13,GGL-002,Pesquisa Generica,Google Ads,Conversoes,Intencao ampla,Nordeste,Desktop,6622,246,24,6,4,970.76,5633.59,1404.35
2025-05-13,GGL-003,Performance Max,Google Ads,Receita,Multicanal,Sudeste,Desktop,11928,325,31,4,4,1119.79,3448.99,1114.07
2025-05-13,MET-001,Remarketing Social,Meta Ads,Conversoes,Visitantes do site,Sudeste,Desktop,20195,605,89,19,11,1024.91,13486.71,1041.39
2025-05-13,MET-002,Prospeccao Interesses,Meta Ads,Leads,Interesses,Sul,Desktop,25788,418,29,8,7,869.2,4932.5,965.95
2025-05-13,MET-003,Publico Lookalike,Meta Ads,Leads,Semelhantes,Norte,Mobile,26004,538,45,8,8,1176.07,5518.42,974.16
2025-05-13,LNK-001,Demo B2B,LinkedIn Ads,Leads,Decisores B2B,Sudeste,Mobile,6703,72,5,0,0,754.26,0.0,714.42
2025-05-13,LNK-002,Webinar Executivo,LinkedIn Ads,Leads,Liderancas,Sul,Mobile,6421,100,10,1,1,811.72,2402.34,658.89
2025-05-13,TTK-001,Video Descoberta,TikTok Ads,Alcance,Publico jovem,Sudeste,Mobile,46102,887,21,4,3,1005.32,1542.18,991.12
2025-05-13,TTK-002,Criadores e Reviews,TikTok Ads,Conversoes,Engajados,Sudeste,Mobile,34894,973,50,7,7,1512.49,4702.17,1349.24
2025-05-13,EML-001,Oferta Base Ativa,Email Marketing,Receita,Clientes ativos,Nordeste,Mobile,27221,2993,617,79,8,943.72,55825.6,883.2
2025-05-13,EML-002,Nutricao de Leads,Email Marketing,Conversoes,Leads em nutricao,Sudeste,Desktop,16206,1346,188,22,6,558.72,12132.58,627.6
2025-05-14,GGL-001,Pesquisa Marca,Google Ads,Conversoes,Alta intencao,Sul,Mobile,4367,335,65,20,16,942.73,19375.84,952.56
2025-05-14,GGL-002,Pesquisa Generica,Google Ads,Conversoes,Intencao ampla,Sul,Mobile,9150,351,31,4,2,1375.02,3834.36,1404.35
2025-05-14,GGL-003,Performance Max,Google Ads,Receita,Multicanal,Centro-Oeste,Mobile,11443,284,25,8,5,1013.1,6989.6,1114.07
2025-05-14,MET-001,Remarketing Social,Meta Ads,Conversoes,Visitantes do site,Sudeste,Mobile,20509,612,71,22,13,1007.62,15141.05,1041.39
2025-05-14,MET-002,Prospeccao Interesses,Meta Ads,Leads,Interesses,Sudeste,Mobile,27919,448,34,2,2,1071.19,1076.4,965.95
2025-05-14,MET-003,Publico Lookalike,Meta Ads,Leads,Semelhantes,Sudeste,Mobile,23434,469,46,9,7,937.7,6202.83,974.16
2025-05-14,LNK-001,Demo B2B,LinkedIn Ads,Leads,Decisores B2B,Sul,Desktop,6920,62,2,1,1,585.17,2910.22,714.42
2025-05-14,LNK-002,Webinar Executivo,LinkedIn Ads,Leads,Liderancas,Centro-Oeste,Mobile,5830,60,9,2,2,509.4,4912.12,658.89
2025-05-14,TTK-001,Video Descoberta,TikTok Ads,Alcance,Publico jovem,Sul,Mobile,39956,800,33,4,4,932.93,1916.32,991.12
2025-05-14,TTK-002,Criadores e Reviews,TikTok Ads,Conversoes,Engajados,Norte,Desktop,34305,986,47,8,8,1536.82,4412.96,1349.24
2025-05-14,EML-001,Oferta Base Ativa,Email Marketing,Receita,Clientes ativos,Sudeste,Mobile,25883,2763,533,60,8,893.96,35325.37,883.2
2025-05-14,EML-002,Nutricao de Leads,Email Marketing,Conversoes,Leads em nutricao,Sul,Tablet,17213,1307,163,17,6,574.96,11947.58,627.6
2025-05-15,GGL-001,Pesquisa Marca,Google Ads,Conversoes,Alta intencao,Norte,Mobile,4069,221,31,9,6,671.19,7379.53,952.56
2025-05-15,GGL-002,Pesquisa Generica,Google Ads,Conversoes,Intencao ampla,Sul,Mobile,6928,276,31,1,1,1062.14,1079.11,1404.35
2025-05-15,GGL-003,Performance Max,Google Ads,Receita,Multicanal,Sudeste,Desktop,13911,454,49,11,9,1566.69,11490.43,1114.07
2025-05-15,MET-001,Remarketing Social,Meta Ads,Conversoes,Visitantes do site,Sudeste,Mobile,19208,545,57,20,10,805.25,14221.22,1041.39
2025-05-15,MET-002,Prospeccao Interesses,Meta Ads,Leads,Interesses,Sudeste,Mobile,31687,654,49,10,8,1421.72,6883.56,965.95
2025-05-15,MET-003,Publico Lookalike,Meta Ads,Leads,Semelhantes,Sudeste,Desktop,18203,399,36,5,4,788.56,3193.68,974.16
2025-05-15,LNK-001,Demo B2B,LinkedIn Ads,Leads,Decisores B2B,Sul,Mobile,6753,79,9,1,1,853.96,3011.76,714.42
2025-05-15,LNK-002,Webinar Executivo,LinkedIn Ads,Leads,Liderancas,Sudeste,Mobile,6037,80,10,1,1,586.59,2337.98,658.89
2025-05-15,TTK-001,Video Descoberta,TikTok Ads,Alcance,Publico jovem,Sul,Mobile,36564,804,39,2,1,930.28,1147.2,991.12
2025-05-15,TTK-002,Criadores e Reviews,TikTok Ads,Conversoes,Engajados,Sudeste,Mobile,27954,730,34,5,4,1084.01,2935.64,1349.24
2025-05-15,EML-001,Oferta Base Ativa,Email Marketing,Receita,Clientes ativos,Sudeste,Mobile,29277,3538,666,92,14,1039.34,49957.93,883.2
2025-05-15,EML-002,Nutricao de Leads,Email Marketing,Conversoes,Leads em nutricao,Sudeste,Mobile,21965,1763,176,16,3,715.6,9396.77,627.6
2025-05-16,GGL-001,Pesquisa Marca,Google Ads,Conversoes,Alta intencao,Nordeste,Desktop,4560,352,60,25,21,883.36,21808.32,952.56
2025-05-16,GGL-002,Pesquisa Generica,Google Ads,Conversoes,Intencao ampla,Sul,Mobile,7612,301,25,4,4,1312.22,3395.68,1404.35
2025-05-16,GGL-003,Performance Max,Google Ads,Receita,Multicanal,Nordeste,Desktop,15465,453,38,6,4,1644.33,5697.1,1114.07
2025-05-16,MET-001,Remarketing Social,Meta Ads,Conversoes,Visitantes do site,Nordeste,Desktop,23023,711,88,22,7,1261.53,14537.3,1041.39
2025-05-16,MET-002,Prospeccao Interesses,Meta Ads,Leads,Interesses,Sul,Mobile,30821,450,45,6,6,844.84,4553.39,965.95
2025-05-16,MET-003,Publico Lookalike,Meta Ads,Leads,Semelhantes,Nordeste,Mobile,21597,436,35,6,5,875.68,3828.05,974.16
2025-05-16,LNK-001,Demo B2B,LinkedIn Ads,Leads,Decisores B2B,Sul,Mobile,7473,61,6,1,1,643.53,2682.68,714.42
2025-05-16,LNK-002,Webinar Executivo,LinkedIn Ads,Leads,Liderancas,Nordeste,Mobile,6025,71,9,0,0,566.76,0.0,658.89
2025-05-16,TTK-001,Video Descoberta,TikTok Ads,Alcance,Publico jovem,Sudeste,Mobile,42627,939,55,6,5,1167.68,3331.57,991.12
2025-05-16,TTK-002,Criadores e Reviews,TikTok Ads,Conversoes,Engajados,Sudeste,Mobile,34831,863,46,7,7,1237.78,2948.4,1349.24
2025-05-16,EML-001,Oferta Base Ativa,Email Marketing,Receita,Clientes ativos,Sul,Desktop,25471,3276,466,40,6,937.02,29241.18,883.2
2025-05-16,EML-002,Nutricao de Leads,Email Marketing,Conversoes,Leads em nutricao,Nordeste,Mobile,15732,1437,157,10,5,558.34,6060.28,627.6
2025-05-17,GGL-001,Pesquisa Marca,Google Ads,Conversoes,Alta intencao,Sudeste,Desktop,3593,247,30,8,5,679.68,6591.02,952.56
2025-05-17,GGL-002,Pesquisa Generica,Google Ads,Conversoes,Intencao ampla,Sudeste,Mobile,5315,228,24,5,5,939.99,6194.56,1404.35
2025-05-17,GGL-003,Performance Max,Google Ads,Receita,Multicanal,Sul,Mobile,8819,201,14,1,1,708.58,901.91,1114.07
2025-05-17,MET-001,Remarketing Social,Meta Ads,Conversoes,Visitantes do site,Nordeste,Mobile,12302,382,41,8,4,684.0,6474.76,1041.39
2025-05-17,MET-002,Prospeccao Interesses,Meta Ads,Leads,Interesses,Norte,Desktop,26300,420,21,5,5,833.03,3759.23,965.95
2025-05-17,MET-003,Publico Lookalike,Meta Ads,Leads,Semelhantes,Sudeste,Mobile,15969,353,34,9,6,654.82,6921.75,974.16
2025-05-17,LNK-001,Demo B2B,LinkedIn Ads,Leads,Decisores B2B,Sudeste,Mobile,5505,39,4,1,1,391.57,3715.41,714.42
2025-05-17,LNK-002,Webinar Executivo,LinkedIn Ads,Leads,Liderancas,Norte,Mobile,4892,66,9,0,0,533.44,0.0,658.89
2025-05-17,TTK-001,Video Descoberta,TikTok Ads,Alcance,Publico jovem,Sul,Mobile,31122,764,33,3,2,837.26,1527.69,991.12
2025-05-17,TTK-002,Criadores e Reviews,TikTok Ads,Conversoes,Engajados,Sul,Mobile,26686,671,47,7,7,1032.17,3022.8,1349.24
2025-05-17,EML-001,Oferta Base Ativa,Email Marketing,Receita,Clientes ativos,Nordeste,Mobile,19471,2345,460,52,7,723.92,33287.18,883.2
2025-05-17,EML-002,Nutricao de Leads,Email Marketing,Conversoes,Leads em nutricao,Nordeste,Mobile,15260,1204,166,8,3,525.6,5859.75,627.6
2025-05-18,GGL-001,Pesquisa Marca,Google Ads,Conversoes,Alta intencao,Sudeste,Mobile,4306,277,45,21,16,699.02,16539.11,952.56
2025-05-18,GGL-002,Pesquisa Generica,Google Ads,Conversoes,Intencao ampla,Sudeste,Desktop,5298,230,25,7,7,1064.06,6814.51,1404.35
2025-05-18,GGL-003,Performance Max,Google Ads,Receita,Multicanal,Centro-Oeste,Desktop,9297,243,24,2,2,869.2,1435.2,1114.07
2025-05-18,MET-001,Remarketing Social,Meta Ads,Conversoes,Visitantes do site,Sul,Mobile,17551,487,56,16,8,775.89,9881.8,1041.39
2025-05-18,MET-002,Prospeccao Interesses,Meta Ads,Leads,Interesses,Norte,Desktop,24716,391,14,2,2,826.07,1557.91,965.95
2025-05-18,MET-003,Publico Lookalike,Meta Ads,Leads,Semelhantes,Norte,Desktop,17241,373,27,10,8,770.02,5538.0,974.16
2025-05-18,LNK-001,Demo B2B,LinkedIn Ads,Leads,Decisores B2B,Sul,Mobile,5716,59,7,2,2,593.2,6955.61,714.42
2025-05-18,LNK-002,Webinar Executivo,LinkedIn Ads,Leads,Liderancas,Centro-Oeste,Mobile,5275,74,13,2,2,551.37,4915.72,658.89
2025-05-18,TTK-001,Video Descoberta,TikTok Ads,Alcance,Publico jovem,Sul,Tablet,39503,720,34,3,3,788.18,1152.38,991.12
2025-05-18,TTK-002,Criadores e Reviews,TikTok Ads,Conversoes,Engajados,Sudeste,Desktop,27359,714,35,2,2,1063.07,1099.79,1349.24
2025-05-18,EML-001,Oferta Base Ativa,Email Marketing,Receita,Clientes ativos,Sudeste,Mobile,19048,1884,296,25,3,669.36,19841.25,883.2
2025-05-18,EML-002,Nutricao de Leads,Email Marketing,Conversoes,Leads em nutricao,Sul,Mobile,16247,1297,131,12,6,554.64,7640.87,627.6
2025-05-19,GGL-001,Pesquisa Marca,Google Ads,Conversoes,Alta intencao,Sul,Mobile,5177,324,45,16,11,958.78,15443.99,952.56
2025-05-19,GGL-002,Pesquisa Generica,Google Ads,Conversoes,Intencao ampla,Sul,Mobile,8206,348,43,10,7,1392.5,9257.03,1404.35
2025-05-19,GGL-003,Performance Max,Google Ads,Receita,Multicanal,Sudeste,Mobile,14790,387,42,13,9,1387.35,13264.05,1114.07
2025-05-19,MET-001,Remarketing Social,Meta Ads,Conversoes,Visitantes do site,Nordeste,Mobile,20544,544,68,21,8,993.66,15897.1,1041.39
2025-05-19,MET-002,Prospeccao Interesses,Meta Ads,Leads,Interesses,Sudeste,Mobile,24651,317,29,4,4,701.92,3316.96,965.95
2025-05-19,MET-003,Publico Lookalike,Meta Ads,Leads,Semelhantes,Nordeste,Mobile,19845,477,34,4,4,1036.02,3580.06,974.16
2025-05-19,LNK-001,Demo B2B,LinkedIn Ads,Leads,Decisores B2B,Norte,Desktop,8844,93,11,0,0,865.21,0.0,714.42
2025-05-19,LNK-002,Webinar Executivo,LinkedIn Ads,Leads,Liderancas,Nordeste,Mobile,6269,77,19,1,1,659.15,2626.7,658.89
2025-05-19,TTK-001,Video Descoberta,TikTok Ads,Alcance,Publico jovem,Nordeste,Mobile,31852,632,27,2,2,728.81,750.06,991.12
2025-05-19,TTK-002,Criadores e Reviews,TikTok Ads,Conversoes,Engajados,Sul,Desktop,35489,1013,56,1,1,1669.55,666.01,1349.24
2025-05-19,EML-001,Oferta Base Ativa,Email Marketing,Receita,Clientes ativos,Sul,Mobile,27636,3555,682,100,12,1008.22,62905.6,883.2
2025-05-19,EML-002,Nutricao de Leads,Email Marketing,Conversoes,Leads em nutricao,Sudeste,Desktop,21251,1541,189,21,7,679.12,13087.81,627.6
2025-05-20,GGL-001,Pesquisa Marca,Google Ads,Conversoes,Alta intencao,Sul,Desktop,5349,388,73,23,18,1121.88,19906.11,952.56
2025-05-20,GGL-002,Pesquisa Generica,Google Ads,Conversoes,Intencao ampla,Sul,Mobile,9441,461,39,9,8,2029.33,9957.15,1404.35
2025-05-20,GGL-003,Performance Max,Google Ads,Receita,Multicanal,Sudeste,Mobile,10889,311,14,3,3,1166.72,2152.8,1114.07
2025-05-20,MET-001,Remarketing Social,Meta Ads,Conversoes,Visitantes do site,Sudeste,Mobile,19064,513,72,13,8,866.94,10702.97,1041.39
2025-05-20,MET-002,Prospeccao Interesses,Meta Ads,Leads,Interesses,Norte,Mobile,24560,398,29,1,1,769.19,773.25,965.95
2025-05-20,MET-003,Publico Lookalike,Meta Ads,Leads,Semelhantes,Sudeste,Tablet,25201,517,47,5,4,1155.1,3910.08,974.16
2025-05-20,LNK-001,Demo B2B,LinkedIn Ads,Leads,Decisores B2B,Sudeste,Mobile,8450,63,6,1,1,589.26,3038.85,714.42
2025-05-20,LNK-002,Webinar Executivo,LinkedIn Ads,Leads,Liderancas,Sudeste,Tablet,6159,74,13,1,1,638.84,2546.6,658.89
2025-05-20,TTK-001,Video Descoberta,TikTok Ads,Alcance,Publico jovem,Sudeste,Mobile,37134,864,32,3,3,946.89,1298.33,991.12
2025-05-20,TTK-002,Criadores e Reviews,TikTok Ads,Conversoes,Engajados,Sudeste,Mobile,32958,948,61,4,4,1424.94,2090.83,1349.24
2025-05-20,EML-001,Oferta Base Ativa,Email Marketing,Receita,Clientes ativos,Sudeste,Mobile,22929,2573,409,51,7,815.88,28250.05,883.2
2025-05-20,EML-002,Nutricao de Leads,Email Marketing,Conversoes,Leads em nutricao,Sudeste,Desktop,19732,1707,184,19,11,665.34,11389.97,627.6
2025-05-21,GGL-001,Pesquisa Marca,Google Ads,Conversoes,Alta intencao,Nordeste,Mobile,4819,325,52,15,12,974.64,14945.62,952.56
2025-05-21,GGL-002,Pesquisa Generica,Google Ads,Conversoes,Intencao ampla,Norte,Desktop,8417,391,44,6,4,1708.09,6110.04,1404.35
2025-05-21,GGL-003,Performance Max,Google Ads,Receita,Multicanal,Sudeste,Desktop,12879,323,35,9,7,1086.48,7944.53,1114.07
2025-05-21,MET-001,Remarketing Social,Meta Ads,Conversoes,Visitantes do site,Sudeste,Desktop,21726,574,85,22,8,957.99,17665.5,1041.39
2025-05-21,MET-002,Prospeccao Interesses,Meta Ads,Leads,Interesses,Sul,Desktop,25503,386,20,4,3,811.08,2740.81,965.95
2025-05-21,MET-003,Publico Lookalike,Meta Ads,Leads,Semelhantes,Centro-Oeste,Mobile,23483,443,20,3,3,778.78,2258.13,974.16
2025-05-21,LNK-001,Demo B2B,LinkedIn Ads,Leads,Decisores B2B,Centro-Oeste,Mobile,7901,78,5,0,0,738.61,0.0,714.42
2025-05-21,LNK-002,Webinar Executivo,LinkedIn Ads,Leads,Liderancas,Sul,Mobile,6659,86,16,3,2,693.6,7775.01,658.89
2025-05-21,TTK-001,Video Descoberta,TikTok Ads,Alcance,Publico jovem,Sudeste,Desktop,42161,907,27,2,2,1034.65,899.27,991.12
2025-05-21,TTK-002,Criadores e Reviews,TikTok Ads,Conversoes,Engajados,Centro-Oeste,Mobile,30914,794,47,5,5,1148.09,2356.48,1349.24
2025-05-21,EML-001,Oferta Base Ativa,Email Marketing,Receita,Clientes ativos,Sul,Mobile,21564,2691,462,65,8,800.38,30927.0,883.2
2025-05-21,EML-002,Nutricao de Leads,Email Marketing,Conversoes,Leads em nutricao,Sudeste,Desktop,20652,1766,205,11,3,689.64,6734.71,627.6
2025-05-22,GGL-001,Pesquisa Marca,Google Ads,Conversoes,Alta intencao,Sul,Tablet,3973,290,46,14,10,785.29,12282.33,952.56
2025-05-22,GGL-002,Pesquisa Generica,Google Ads,Conversoes,Intencao ampla,Sudeste,Mobile,6059,254,27,8,8,1009.8,7625.29,1404.35
2025-05-22,GGL-003,Performance Max,Google Ads,Receita,Multicanal,Sul,Mobile,12472,298,25,7,5,1021.62,6566.63,1114.07
2025-05-22,MET-001,Remarketing Social,Meta Ads,Conversoes,Visitantes do site,Centro-Oeste,Mobile,22777,646,60,17,10,1085.96,9730.26,1041.39
2025-05-22,MET-002,Prospeccao Interesses,Meta Ads,Leads,Interesses,Sudeste,Mobile,22684,391,37,10,8,913.08,5615.59,965.95
2025-05-22,MET-003,Publico Lookalike,Meta Ads,Leads,Semelhantes,Centro-Oeste,Desktop,23514,414,36,9,8,883.94,6571.82,974.16
2025-05-22,LNK-001,Demo B2B,LinkedIn Ads,Leads,Decisores B2B,Sul,Mobile,8467,78,10,3,2,715.88,10699.68,714.42
2025-05-22,LNK-002,Webinar Executivo,LinkedIn Ads,Leads,Liderancas,Sudeste,Desktop,6191,86,13,2,1,715.17,5215.97,658.89
2025-05-22,TTK-001,Video Descoberta,TikTok Ads,Alcance,Publico jovem,Nordeste,Desktop,40851,796,37,7,5,997.71,2906.23,991.12
2025-05-22,TTK-002,Criadores e Reviews,TikTok Ads,Conversoes,Engajados,Sudeste,Mobile,23275,567,26,2,2,976.98,1093.21,1349.24
2025-05-22,EML-001,Oferta Base Ativa,Email Marketing,Receita,Clientes ativos,Sudeste,Desktop,25000,3226,564,74,4,922.6,45991.67,883.2
2025-05-22,EML-002,Nutricao de Leads,Email Marketing,Conversoes,Leads em nutricao,Sudeste,Mobile,20323,1464,184,20,8,652.86,16378.12,627.6
2025-05-23,GGL-001,Pesquisa Marca,Google Ads,Conversoes,Alta intencao,Sudeste,Desktop,4548,265,50,19,14,718.42,17746.48,952.56
2025-05-23,GGL-002,Pesquisa Generica,Google Ads,Conversoes,Intencao ampla,Sul,Mobile,6152,259,30,6,5,1053.62,5423.75,1404.35
2025-05-23,GGL-003,Performance Max,Google Ads,Receita,Multicanal,Centro-Oeste,Mobile,13542,327,40,7,5,1166.15,5852.19,1114.07
2025-05-23,MET-001,Remarketing Social,Meta Ads,Conversoes,Visitantes do site,Sudeste,Mobile,21173,576,67,17,10,952.82,13518.75,1041.39
2025-05-23,MET-002,Prospeccao Interesses,Meta Ads,Leads,Interesses,Sudeste,Desktop,26482,399,31,3,3,862.66,2088.87,965.95
2025-05-23,MET-003,Publico Lookalike,Meta Ads,Leads,Semelhantes,Sudeste,Mobile,23178,481,37,3,2,926.87,2264.21,974.16
2025-05-23,LNK-001,Demo B2B,LinkedIn Ads,Leads,Decisores B2B,Nordeste,Mobile,7774,78,5,1,1,759.03,3419.49,714.42
2025-05-23,LNK-002,Webinar Executivo,LinkedIn Ads,Leads,Liderancas,Sudeste,Desktop,7595,101,15,2,2,748.51,4724.8,658.89
2025-05-23,TTK-001,Video Descoberta,TikTok Ads,Alcance,Publico jovem,Centro-Oeste,Desktop,42207,940,37,2,2,1118.54,858.01,991.12
2025-05-23,TTK-002,Criadores e Reviews,TikTok Ads,Conversoes,Engajados,Sudeste,Desktop,33571,783,38,5,4,1294.03,2419.1,1349.24
2025-05-23,EML-001,Oferta Base Ativa,Email Marketing,Receita,Clientes ativos,Sudeste,Mobile,23300,2699,559,54,9,835.9,25693.2,883.2
2025-05-23,EML-002,Nutricao de Leads,Email Marketing,Conversoes,Leads em nutricao,Sudeste,Desktop,20826,1575,177,20,7,674.02,12144.78,627.6
2025-05-24,GGL-001,Pesquisa Marca,Google Ads,Conversoes,Alta intencao,Sudeste,Mobile,3798,253,43,14,8,707.47,9282.0,952.56
2025-05-24,GGL-002,Pesquisa Generica,Google Ads,Conversoes,Intencao ampla,Nordeste,Tablet,5167,211,21,5,5,862.74,5533.7,1404.35
2025-05-24,GGL-003,Performance Max,Google Ads,Receita,Multicanal,Nordeste,Mobile,6689,156,12,5,5,538.67,5216.95,1114.07
2025-05-24,MET-001,Remarketing Social,Meta Ads,Conversoes,Visitantes do site,Sul,Mobile,16584,498,63,22,9,887.08,15558.85,1041.39
2025-05-24,MET-002,Prospeccao Interesses,Meta Ads,Leads,Interesses,Nordeste,Mobile,19636,296,20,4,4,560.03,2916.01,965.95
2025-05-24,MET-003,Publico Lookalike,Meta Ads,Leads,Semelhantes,Centro-Oeste,Mobile,18072,339,26,7,6,704.7,4753.73,974.16
2025-05-24,LNK-001,Demo B2B,LinkedIn Ads,Leads,Decisores B2B,Norte,Mobile,4743,44,7,2,2,426.97,6922.54,714.42
2025-05-24,LNK-002,Webinar Executivo,LinkedIn Ads,Leads,Liderancas,Norte,Mobile,5166,57,7,1,1,486.81,2750.09,658.89
2025-05-24,TTK-001,Video Descoberta,TikTok Ads,Alcance,Publico jovem,Sudeste,Mobile,31209,696,19,1,1,766.61,451.12,991.12
2025-05-24,TTK-002,Criadores e Reviews,TikTok Ads,Conversoes,Engajados,Sudeste,Desktop,23566,603,24,4,3,937.6,1986.99,1349.24
2025-05-24,EML-001,Oferta Base Ativa,Email Marketing,Receita,Clientes ativos,Sudeste,Mobile,21912,2682,500,56,5,806.44,26644.8,883.2
2025-05-24,EML-002,Nutricao de Leads,Email Marketing,Conversoes,Leads em nutricao,Nordeste,Mobile,15125,1276,133,18,4,530.1,10818.23,627.6
2025-05-25,GGL-001,Pesquisa Marca,Google Ads,Conversoes,Alta intencao,Sudeste,Mobile,3296,192,27,8,4,540.1,6314.03,952.56
2025-05-25,GGL-002,Pesquisa Generica,Google Ads,Conversoes,Intencao ampla,Nordeste,Mobile,6106,298,31,11,10,1152.55,13225.41,1404.35
2025-05-25,GGL-003,Performance Max,Google Ads,Receita,Multicanal,Sul,Tablet,9184,240,19,2,2,807.78,1435.2,1114.07
2025-05-25,MET-001,Remarketing Social,Meta Ads,Conversoes,Visitantes do site,Sul,Mobile,14910,377,53,13,6,680.2,7300.8,1041.39
2025-05-25,MET-002,Prospeccao Interesses,Meta Ads,Leads,Interesses,Norte,Mobile,26742,414,30,3,3,950.7,2158.38,965.95
2025-05-25,MET-003,Publico Lookalike,Meta Ads,Leads,Semelhantes,Sudeste,Mobile,16811,354,36,10,8,652.91,6339.46,974.16
2025-05-25,LNK-001,Demo B2B,LinkedIn Ads,Leads,Decisores B2B,Sudeste,Mobile,6404,60,5,0,0,594.85,0.0,714.42
2025-05-25,LNK-002,Webinar Executivo,LinkedIn Ads,Leads,Liderancas,Sul,Desktop,4420,64,10,1,1,557.52,2917.78,658.89
2025-05-25,TTK-001,Video Descoberta,TikTok Ads,Alcance,Publico jovem,Nordeste,Mobile,26878,618,21,2,2,698.68,964.43,991.12
2025-05-25,TTK-002,Criadores e Reviews,TikTok Ads,Conversoes,Engajados,Nordeste,Mobile,25468,675,42,5,4,979.6,2740.86,1349.24
2025-05-25,EML-001,Oferta Base Ativa,Email Marketing,Receita,Clientes ativos,Sudeste,Mobile,17724,1428,278,23,3,597.28,13411.37,883.2
2025-05-25,EML-002,Nutricao de Leads,Email Marketing,Conversoes,Leads em nutricao,Sul,Desktop,14820,1145,148,7,3,510.9,4361.49,627.6
2025-05-26,GGL-001,Pesquisa Marca,Google Ads,Conversoes,Alta intencao,Nordeste,Mobile,4373,327,41,17,13,798.29,11271.0,952.56
2025-05-26,GGL-002,Pesquisa Generica,Google Ads,Conversoes,Intencao ampla,Sudeste,Mobile,6592,320,44,12,12,1292.13,10869.15,1404.35
2025-05-26,GGL-003,Performance Max,Google Ads,Receita,Multicanal,Nordeste,Mobile,13096,313,28,7,6,1117.38,6679.23,1114.07
2025-05-26,MET-001,Remarketing Social,Meta Ads,Conversoes,Visitantes do site,Nordeste,Desktop,19337,557,64,15,5,1005.9,13305.78,1041.39
2025-05-26,MET-002,Prospeccao Interesses,Meta Ads,Leads,Interesses,Sul,Mobile,26431,406,27,3,3,804.56,2224.52,965.95
2025-05-26,MET-003,Publico Lookalike,Meta Ads,Leads,Semelhantes,Sudeste,Mobile,27262,559,48,10,8,1101.45,8359.33,974.16
2025-05-26,LNK-001,Demo B2B,LinkedIn Ads,Leads,Decisores B2B,Sul,Mobile,7360,80,10,2,2,728.45,6751.58,714.42
2025-05-26,LNK-002,Webinar Executivo,LinkedIn Ads,Leads,Liderancas,Sudeste,Mobile,5735,83,11,0,0,664.54,0.0,658.89
2025-05-26,TTK-001,Video Descoberta,TikTok Ads,Alcance,Publico jovem,Sudeste,Tablet,41874,931,33,0,0,1106.51,0.0,991.12
2025-05-26,TTK-002,Criadores e Reviews,TikTok Ads,Conversoes,Engajados,Nordeste,Mobile,35839,918,47,8,7,1508.4,3369.6,1349.24
2025-05-26,EML-001,Oferta Base Ativa,Email Marketing,Receita,Clientes ativos,Sul,Mobile,27485,3175,645,89,4,967.2,63776.42,883.2
2025-05-26,EML-002,Nutricao de Leads,Email Marketing,Conversoes,Leads em nutricao,Sudeste,Tablet,20747,1574,229,21,7,672.34,13591.24,627.6
2025-05-27,GGL-001,Pesquisa Marca,Google Ads,Conversoes,Alta intencao,Sudeste,Desktop,5427,328,60,21,8,819.28,20267.58,952.56
2025-05-27,GGL-002,Pesquisa Generica,Google Ads,Conversoes,Intencao ampla,Nordeste,Mobile,8849,356,39,8,8,1523.03,8072.02,1404.35
2025-05-27,GGL-003,Performance Max,Google Ads,Receita,Multicanal,Sudeste,Mobile,11495,328,20,4,4,1087.92,3782.8,1114.07
2025-05-27,MET-001,Remarketing Social,Meta Ads,Conversoes,Visitantes do site,Sudeste,Mobile,17115,554,47,18,13,1031.73,10855.77,1041.39
2025-05-27,MET-002,Prospeccao Interesses,Meta Ads,Leads,Interesses,Sudeste,Desktop,23658,350,15,0,0,752.85,0.0,965.95
2025-05-27,MET-003,Publico Lookalike,Meta Ads,Leads,Semelhantes,Centro-Oeste,Desktop,20697,472,45,4,4,1032.86,2755.81,974.16
2025-05-27,LNK-001,Demo B2B,LinkedIn Ads,Leads,Decisores B2B,Sudeste,Mobile,8165,65,10,2,2,611.84,7079.51,714.42
2025-05-27,LNK-002,Webinar Executivo,LinkedIn Ads,Leads,Liderancas,Centro-Oeste,Mobile,5953,71,7,0,0,599.95,0.0,658.89
2025-05-27,TTK-001,Video Descoberta,TikTok Ads,Alcance,Publico jovem,Nordeste,Tablet,49674,1145,39,3,3,1272.17,1486.57,991.12
2025-05-27,TTK-002,Criadores e Reviews,TikTok Ads,Conversoes,Engajados,Sudeste,Mobile,36427,883,52,10,9,1459.68,6237.49,1349.24
2025-05-27,EML-001,Oferta Base Ativa,Email Marketing,Receita,Clientes ativos,Nordeste,Mobile,27782,3345,605,74,14,990.14,44401.4,883.2
2025-05-27,EML-002,Nutricao de Leads,Email Marketing,Conversoes,Leads em nutricao,Sudeste,Desktop,16949,1375,145,9,6,576.48,7199.35,627.6
2025-05-28,GGL-001,Pesquisa Marca,Google Ads,Conversoes,Alta intencao,Nordeste,Desktop,4401,266,36,11,5,750.96,9261.53,952.56
2025-05-28,GGL-002,Pesquisa Generica,Google Ads,Conversoes,Intencao ampla,Nordeste,Mobile,7927,357,38,7,4,1547.72,7211.0,1404.35
2025-05-28,GGL-003,Performance Max,Google Ads,Receita,Multicanal,Nordeste,Desktop,9695,245,17,4,3,857.52,3822.24,1114.07
2025-05-28,MET-001,Remarketing Social,Meta Ads,Conversoes,Visitantes do site,Centro-Oeste,Mobile,14666,381,49,15,8,700.6,9972.84,1041.39
2025-05-28,MET-002,Prospeccao Interesses,Meta Ads,Leads,Interesses,Nordeste,Mobile,21061,332,16,2,1,649.16,1240.97,965.95
2025-05-28,MET-003,Publico Lookalike,Meta Ads,Leads,Semelhantes,Sudeste,Desktop,22426,493,45,9,7,1042.71,5751.93,974.16
2025-05-28,LNK-001,Demo B2B,LinkedIn Ads,Leads,Decisores B2B,Centro-Oeste,Mobile,8029,79,9,3,2,809.5,9907.81,714.42
2025-05-28,LNK-002,Webinar Executivo,LinkedIn Ads,Leads,Liderancas,Sudeste,Mobile,7797,81,8,0,0,668.07,0.0,658.89
2025-05-28,TTK-001,Video Descoberta,TikTok Ads,Alcance,Publico jovem,Sudeste,Desktop,36341,898,29,1,1,1073.31,488.66,991.12
2025-05-28,TTK-002,Criadores e Reviews,TikTok Ads,Conversoes,Engajados,Sudeste,Mobile,29076,582,29,2,2,850.33,1307.26,1349.24
2025-05-28,EML-001,Oferta Base Ativa,Email Marketing,Receita,Clientes ativos,Sul,Mobile,24508,2622,447,48,9,852.36,24136.23,883.2
2025-05-28,EML-002,Nutricao de Leads,Email Marketing,Conversoes,Leads em nutricao,Sudeste,Mobile,15245,1220,139,7,1,526.9,3811.38,627.6
2025-05-29,GGL-001,Pesquisa Marca,Google Ads,Conversoes,Alta intencao,Sudeste,Mobile,4232,300,45,15,8,842.15,12316.7,952.56
2025-05-29,GGL-002,Pesquisa Generica,Google Ads,Conversoes,Intencao ampla,Sul,Mobile,6883,270,36,3,2,1211.12,3436.44,1404.35
2025-05-29,GGL-003,Performance Max,Google Ads,Receita,Multicanal,Sul,Desktop,12058,315,22,5,4,1081.03,3588.0,1114.07
2025-05-29,MET-001,Remarketing Social,Meta Ads,Conversoes,Visitantes do site,Norte,Mobile,17584,493,63,24,11,853.97,19952.45,1041.39
2025-05-29,MET-002,Prospeccao Interesses,Meta Ads,Leads,Interesses,Sudeste,Desktop,24924,452,30,5,4,886.9,3587.4,965.95
2025-05-29,MET-003,Publico Lookalike,Meta Ads,Leads,Semelhantes,Centro-Oeste,Mobile,26239,532,56,11,11,1031.47,8239.47,974.16
2025-05-29,LNK-001,Demo B2B,LinkedIn Ads,Leads,Decisores B2B,Sudeste,Mobile,8954,99,5,0,0,907.4,0.0,714.42
2025-05-29,LNK-002,Webinar Executivo,LinkedIn Ads,Leads,Liderancas,Sudeste,Desktop,5852,62,7,2,2,529.33,4328.32,658.89
2025-05-29,TTK-001,Video Descoberta,TikTok Ads,Alcance,Publico jovem,Nordeste,Desktop,44031,909,42,5,4,1133.8,1947.76,991.12
2025-05-29,TTK-002,Criadores e Reviews,TikTok Ads,Conversoes,Engajados,Sudeste,Mobile,32701,757,47,8,8,1241.36,3962.83,1349.24
2025-05-29,EML-001,Oferta Base Ativa,Email Marketing,Receita,Clientes ativos,Norte,Mobile,19654,2475,524,76,7,740.58,46965.05,883.2
2025-05-29,EML-002,Nutricao de Leads,Email Marketing,Conversoes,Leads em nutricao,Sudeste,Desktop,18593,1633,164,14,2,635.16,8581.32,627.6
2025-05-30,GGL-001,Pesquisa Marca,Google Ads,Conversoes,Alta intencao,Nordeste,Mobile,4756,295,49,22,13,864.8,23515.16,952.56
2025-05-30,GGL-002,Pesquisa Generica,Google Ads,Conversoes,Intencao ampla,Sudeste,Desktop,7310,378,41,12,8,1621.77,10365.41,1404.35
2025-05-30,GGL-003,Performance Max,Google Ads,Receita,Multicanal,Sudeste,Mobile,13900,364,27,4,3,1176.16,3885.05,1114.07
2025-05-30,MET-001,Remarketing Social,Meta Ads,Conversoes,Visitantes do site,Sudeste,Mobile,21103,596,74,25,11,1064.16,17935.2,1041.39
2025-05-30,MET-002,Prospeccao Interesses,Meta Ads,Leads,Interesses,Nordeste,Desktop,23997,374,25,1,1,785.83,598.44,965.95
2025-05-30,MET-003,Publico Lookalike,Meta Ads,Leads,Semelhantes,Centro-Oeste,Desktop,22564,507,41,4,4,1037.78,3084.82,974.16
2025-05-30,LNK-001,Demo B2B,LinkedIn Ads,Leads,Decisores B2B,Nordeste,Mobile,8932,84,9,3,3,750.78,10593.45,714.42
2025-05-30,LNK-002,Webinar Executivo,LinkedIn Ads,Leads,Liderancas,Sul,Mobile,6583,74,15,1,1,579.24,2259.81,658.89
2025-05-30,TTK-001,Video Descoberta,TikTok Ads,Alcance,Publico jovem,Nordeste,Tablet,34972,761,37,1,1,933.17,493.42,991.12
2025-05-30,TTK-002,Criadores e Reviews,TikTok Ads,Conversoes,Engajados,Centro-Oeste,Desktop,31072,783,40,7,6,1249.91,3505.86,1349.24
2025-05-30,EML-001,Oferta Base Ativa,Email Marketing,Receita,Clientes ativos,Centro-Oeste,Mobile,20233,2681,413,73,12,772.76,36893.9,883.2
2025-05-30,EML-002,Nutricao de Leads,Email Marketing,Conversoes,Leads em nutricao,Centro-Oeste,Mobile,19417,1357,229,17,2,624.04,8990.59,627.6
2025-05-31,GGL-001,Pesquisa Marca,Google Ads,Conversoes,Alta intencao,Sudeste,Desktop,3693,261,39,15,11,652.8,10490.0,952.56
2025-05-31,GGL-002,Pesquisa Generica,Google Ads,Conversoes,Intencao ampla,Nordeste,Desktop,6288,293,29,1,1,1180.73,792.36,1404.35
2025-05-31,GGL-003,Performance Max,Google Ads,Receita,Multicanal,Sudeste,Desktop,10034,223,15,3,2,767.79,3189.21,1114.07
2025-05-31,MET-001,Remarketing Social,Meta Ads,Conversoes,Visitantes do site,Sudeste,Mobile,15074,409,46,18,7,794.71,14552.7,1041.39
2025-05-31,MET-002,Prospeccao Interesses,Meta Ads,Leads,Interesses,Sudeste,Mobile,19060,299,20,1,1,734.53,692.8,965.95
2025-05-31,MET-003,Publico Lookalike,Meta Ads,Leads,Semelhantes,Sudeste,Desktop,19447,417,40,8,6,978.04,6951.99,974.16
2025-05-31,LNK-001,Demo B2B,LinkedIn Ads,Leads,Decisores B2B,Sudeste,Mobile,5006,29,4,1,1,284.95,2812.12,714.42
2025-05-31,LNK-002,Webinar Executivo,LinkedIn Ads,Leads,Liderancas,Sul,Desktop,4362,38,9,1,1,298.19,2520.64,658.89
2025-05-31,TTK-001,Video Descoberta,TikTok Ads,Alcance,Publico jovem,Centro-Oeste,Mobile,31462,549,33,6,6,672.2,2525.74,991.12
2025-05-31,TTK-002,Criadores e Reviews,TikTok Ads,Conversoes,Engajados,Sul,Desktop,30014,725,32,4,4,1035.9,1798.63,1349.24
2025-05-31,EML-001,Oferta Base Ativa,Email Marketing,Receita,Clientes ativos,Nordeste,Mobile,22383,2367,466,58,6,784.36,40087.13,883.2
2025-05-31,EML-002,Nutricao de Leads,Email Marketing,Conversoes,Leads em nutricao,Nordeste,Tablet,14751,1272,190,11,5,522.22,7050.78,627.6
2025-06-01,GGL-001,Pesquisa Marca,Google Ads,Conversoes,Alta intencao,Sudeste,Mobile,3675,221,27,8,6,594.21,6940.38,952.56
2025-06-01,GGL-002,Pesquisa Generica,Google Ads,Conversoes,Intencao ampla,Sudeste,Mobile,4989,226,25,5,4,968.21,4407.09,1404.35
2025-06-01,GGL-003,Performance Max,Google Ads,Receita,Multicanal,Sudeste,Desktop,8472,231,24,4,3,740.67,4033.1,1114.07
2025-06-01,MET-001,Remarketing Social,Meta Ads,Conversoes,Visitantes do site,Norte,Desktop,14410,426,64,13,9,650.22,8991.33,1041.39
2025-06-01,MET-002,Prospeccao Interesses,Meta Ads,Leads,Interesses,Sudeste,Desktop,18928,264,17,6,5,586.43,4229.14,965.95
2025-06-01,MET-003,Publico Lookalike,Meta Ads,Leads,Semelhantes,Nordeste,Desktop,19063,339,37,10,10,648.96,10674.68,974.16
2025-06-01,LNK-001,Demo B2B,LinkedIn Ads,Leads,Decisores B2B,Sul,Mobile,5415,47,5,0,0,490.11,0.0,714.42
2025-06-01,LNK-002,Webinar Executivo,LinkedIn Ads,Leads,Liderancas,Sul,Desktop,4734,43,8,0,0,342.63,0.0,658.89
2025-06-01,TTK-001,Video Descoberta,TikTok Ads,Alcance,Publico jovem,Sudeste,Mobile,27412,600,38,5,5,643.01,2838.2,991.12
2025-06-01,TTK-002,Criadores e Reviews,TikTok Ads,Conversoes,Engajados,Sudeste,Desktop,24271,678,34,6,6,1032.79,3106.37,1349.24
2025-06-01,EML-001,Oferta Base Ativa,Email Marketing,Receita,Clientes ativos,Centro-Oeste,Mobile,21476,2767,485,51,9,806.22,32900.35,883.2
2025-06-01,EML-002,Nutricao de Leads,Email Marketing,Conversoes,Leads em nutricao,Norte,Desktop,13922,993,80,7,4,477.74,4752.91,627.6
2025-06-02,GGL-001,Pesquisa Marca,Google Ads,Conversoes,Alta intencao,Sudeste,Mobile,3305,287,47,20,11,776.04,16489.06,952.56
2025-06-02,GGL-002,Pesquisa Generica,Google Ads,Conversoes,Intencao ampla,Nordeste,Mobile,6360,318,38,6,6,1338.33,5314.42,1404.35
2025-06-02,GGL-003,Performance Max,Google Ads,Receita,Multicanal,Centro-Oeste,Desktop,12469,355,29,6,4,1278.59,6023.36,1114.07
2025-06-02,MET-001,Remarketing Social,Meta Ads,Conversoes,Visitantes do site,Sudeste,Mobile,18951,509,77,25,8,927.48,18881.35,1041.39
2025-06-02,MET-002,Prospeccao Interesses,Meta Ads,Leads,Interesses,Norte,Mobile,21616,356,22,4,3,849.01,2813.33,965.95
2025-06-02,MET-003,Publico Lookalike,Meta Ads,Leads,Semelhantes,Sul,Mobile,20213,393,37,4,4,777.08,2358.84,974.16
2025-06-02,LNK-001,Demo B2B,LinkedIn Ads,Leads,Decisores B2B,Norte,Mobile,8356,68,3,1,1,637.77,3106.95,714.42
2025-06-02,LNK-002,Webinar Executivo,LinkedIn Ads,Leads,Liderancas,Sul,Desktop,6219,80,13,0,0,691.83,0.0,658.89
2025-06-02,TTK-001,Video Descoberta,TikTok Ads,Alcance,Publico jovem,Nordeste,Desktop,42331,911,47,4,4,1085.36,2020.72,991.12
2025-06-02,TTK-002,Criadores e Reviews,TikTok Ads,Conversoes,Engajados,Sudeste,Mobile,29861,761,40,4,4,1120.86,2175.17,1349.24
2025-06-02,EML-001,Oferta Base Ativa,Email Marketing,Receita,Clientes ativos,Norte,Mobile,26710,3038,475,45,4,938.0,21747.93,883.2
2025-06-02,EML-002,Nutricao de Leads,Email Marketing,Conversoes,Leads em nutricao,Sudeste,Mobile,21936,1831,213,21,12,721.82,12227.59,627.6
2025-06-03,GGL-001,Pesquisa Marca,Google Ads,Conversoes,Alta intencao,Sudeste,Desktop,4197,318,68,26,17,799.57,21975.8,952.56
2025-06-03,GGL-002,Pesquisa Generica,Google Ads,Conversoes,Intencao ampla,Sul,Mobile,7753,313,33,7,6,1435.3,7932.37,1404.35
2025-06-03,GGL-003,Performance Max,Google Ads,Receita,Multicanal,Sudeste,Mobile,10045,277,22,3,1,869.54,2844.47,1114.07
2025-06-03,MET-001,Remarketing Social,Meta Ads,Conversoes,Visitantes do site,Sudeste,Mobile,16730,551,54,13,6,912.0,9180.52,1041.39
2025-06-03,MET-002,Prospeccao Interesses,Meta Ads,Leads,Interesses,Sul,Desktop,25673,400,31,5,5,919.72,4201.98,965.95
2025-06-03,MET-003,Publico Lookalike,Meta Ads,Leads,Semelhantes,Sudeste,Mobile,23125,533,40,2,1,1037.75,1466.83,974.16
2025-06-03,LNK-001,Demo B2B,LinkedIn Ads,Leads,Decisores B2B,Sudeste,Desktop,7643,60,6,2,2,614.62,4992.0,714.42
2025-06-03,LNK-002,Webinar Executivo,LinkedIn Ads,Leads,Liderancas,Sudeste,Tablet,6097,60,7,1,1,479.22,2195.47,658.89
2025-06-03,TTK-001,Video Descoberta,TikTok Ads,Alcance,Publico jovem,Sul,Mobile,39588,921,33,5,4,1018.39,2352.85,991.12
2025-06-03,TTK-002,Criadores e Reviews,TikTok Ads,Conversoes,Engajados,Sudeste,Mobile,32239,879,32,3,3,1443.02,1631.2,1349.24
2025-06-03,EML-001,Oferta Base Ativa,Email Marketing,Receita,Clientes ativos,Nordeste,Mobile,16468,1997,337,39,5,629.06,21870.21,883.2
2025-06-03,EML-002,Nutricao de Leads,Email Marketing,Conversoes,Leads em nutricao,Sul,Mobile,20237,1668,216,24,8,671.54,14706.7,627.6
2025-06-04,GGL-001,Pesquisa Marca,Google Ads,Conversoes,Alta intencao,Sul,Mobile,5172,375,45,10,6,1161.42,8526.27,952.56
2025-06-04,GGL-002,Pesquisa Generica,Google Ads,Conversoes,Intencao ampla,Nordeste,Mobile,7449,362,35,11,10,1601.88,8677.53,1404.35
2025-06-04,GGL-003,Performance Max,Google Ads,Receita,Multicanal,Centro-Oeste,Mobile,10485,302,30,8,7,961.31,7268.83,1114.07
2025-06-04,MET-001,Remarketing Social,Meta Ads,Conversoes,Visitantes do site,Sudeste,Mobile,22627,611,85,28,12,1161.04,22139.79,1041.39
2025-06-04,MET-002,Prospeccao Interesses,Meta Ads,Leads,Interesses,Sudeste,Mobile,28156,522,35,8,6,1116.65,5019.55,965.95
2025-06-04,MET-003,Publico Lookalike,Meta Ads,Leads,Semelhantes,Nordeste,Mobile,22152,335,37,7,5,728.88,5270.49,974.16
2025-06-04,LNK-001,Demo B2B,LinkedIn Ads,Leads,Decisores B2B,Sul,Mobile,7336,72,8,1,1,682.3,3524.35,714.42
2025-06-04,LNK-002,Webinar Executivo,LinkedIn Ads,Leads,Liderancas,Nordeste,Mobile,6067,62,7,1,1,504.03,2443.78,658.89
2025-06-04,TTK-001,Video Descoberta,TikTok Ads,Alcance,Publico jovem,Nordeste,Desktop,31392,652,33,3,2,776.58,1234.92,991.12
2025-06-04,TTK-002,Criadores e Reviews,TikTok Ads,Conversoes,Engajados,Sudeste,Desktop,25806,668,38,5,5,1104.42,2272.0,1349.24
2025-06-04,EML-001,Oferta Base Ativa,Email Marketing,Receita,Clientes ativos,Sudeste,Mobile,25038,3075,577,71,5,908.26,33781.8,883.2
2025-06-04,EML-002,Nutricao de Leads,Email Marketing,Conversoes,Leads em nutricao,Nordeste,Mobile,16348,1417,154,18,8,568.66,12981.38,627.6
2025-06-05,GGL-001,Pesquisa Marca,Google Ads,Conversoes,Alta intencao,Sul,Mobile,5841,489,94,37,25,1382.46,27731.82,952.56
2025-06-05,GGL-002,Pesquisa Generica,Google Ads,Conversoes,Intencao ampla,Norte,Mobile,5613,247,27,8,8,1075.74,7320.01,1404.35
2025-06-05,GGL-003,Performance Max,Google Ads,Receita,Multicanal,Sudeste,Mobile,13040,377,44,3,3,1286.88,2567.02,1114.07
2025-06-05,MET-001,Remarketing Social,Meta Ads,Conversoes,Visitantes do site,Nordeste,Mobile,18793,532,64,18,10,947.01,13647.84,1041.39
2025-06-05,MET-002,Prospeccao Interesses,Meta Ads,Leads,Interesses,Sudeste,Mobile,27425,365,25,8,6,784.93,5897.69,965.95
2025-06-05,MET-003,Publico Lookalike,Meta Ads,Leads,Semelhantes,Nordeste,Mobile,22017,410,44,7,6,835.87,4781.83,974.16
2025-06-05,LNK-001,Demo B2B,LinkedIn Ads,Leads,Decisores B2B,Nordeste,Mobile,8311,68,9,3,3,672.55,9980.69,714.42
2025-06-05,LNK-002,Webinar Executivo,LinkedIn Ads,Leads,Liderancas,Sudeste,Mobile,6139,73,17,2,2,581.69,5424.21,658.89
2025-06-05,TTK-001,Video Descoberta,TikTok Ads,Alcance,Publico jovem,Sul,Mobile,37563,734,24,4,4,802.97,2069.12,991.12
2025-06-05,TTK-002,Criadores e Reviews,TikTok Ads,Conversoes,Engajados,Sudeste,Mobile,25861,813,44,4,3,1211.7,2295.6,1349.24
2025-06-05,EML-001,Oferta Base Ativa,Email Marketing,Receita,Clientes ativos,Sudeste,Mobile,19765,2155,333,47,7,710.8,32003.65,883.2
2025-06-05,EML-002,Nutricao de Leads,Email Marketing,Conversoes,Leads em nutricao,Sudeste,Mobile,18594,1563,187,14,3,628.18,8052.33,627.6
2025-06-06,GGL-001,Pesquisa Marca,Google Ads,Conversoes,Alta intencao,Sudeste,Mobile,4058,256,49,17,13,693.64,13977.86,952.56
2025-06-06,GGL-002,Pesquisa Generica,Google Ads,Conversoes,Intencao ampla,Nordeste,Mobile,7417,322,35,7,5,1287.0,6897.63,1404.35
2025-06-06,GGL-003,Performance Max,Google Ads,Receita,Multicanal,Nordeste,Mobile,12481,371,35,2,2,1246.75,1435.2,1114.07
2025-06-06,MET-001,Remarketing Social,Meta Ads,Conversoes,Visitantes do site,Nordeste,Mobile,19450,583,80,15,7,1073.52,8424.0,1041.39
2025-06-06,MET-002,Prospeccao Interesses,Meta Ads,Leads,Interesses,Sudeste,Mobile,27003,445,29,2,2,993.83,1423.38,965.95
2025-06-06,MET-003,Publico Lookalike,Meta Ads,Leads,Semelhantes,Sudeste,Mobile,18024,371,33,7,6,796.8,4612.88,974.16
2025-06-06,LNK-001,Demo B2B,LinkedIn Ads,Leads,Decisores B2B,Sudeste,Desktop,7359,83,6,1,1,876.86,3445.32,714.42
2025-06-06,LNK-002,Webinar Executivo,LinkedIn Ads,Leads,Liderancas,Nordeste,Desktop,6610,77,11,0,0,655.73,0.0,658.89
2025-06-06,TTK-001,Video Descoberta,TikTok Ads,Alcance,Publico jovem,Nordeste,Mobile,41211,972,41,7,7,1046.73,3083.36,991.12
2025-06-06,TTK-002,Criadores e Reviews,TikTok Ads,Conversoes,Engajados,Nordeste,Mobile,33331,849,50,7,7,1322.77,4075.79,1349.24
2025-06-06,EML-001,Oferta Base Ativa,Email Marketing,Receita,Clientes ativos,Sudeste,Mobile,27666,3104,431,50,7,963.72,27081.76,883.2
2025-06-06,EML-002,Nutricao de Leads,Email Marketing,Conversoes,Leads em nutricao,Sudeste,Mobile,18689,1659,236,23,8,639.68,12638.8,627.6
2025-06-07,GGL-001,Pesquisa Marca,Google Ads,Conversoes,Alta intencao,Sul,Mobile,3839,271,45,12,9,733.42,10197.65,952.56
2025-06-07,GGL-002,Pesquisa Generica,Google Ads,Conversoes,Intencao ampla,Sul,Mobile,5613,255,44,15,12,1115.97,14469.3,1404.35
2025-06-07,GGL-003,Performance Max,Google Ads,Receita,Multicanal,Centro-Oeste,Mobile,9107,232,25,9,5,748.16,6852.52,1114.07
2025-06-07,MET-001,Remarketing Social,Meta Ads,Conversoes,Visitantes do site,Sudeste,Mobile,14428,392,39,14,3,674.47,8703.49,1041.39
2025-06-07,MET-002,Prospeccao Interesses,Meta Ads,Leads,Interesses,Norte,Desktop,18989,292,15,7,6,602.84,4774.44,965.95
2025-06-07,MET-003,Publico Lookalike,Meta Ads,Leads,Semelhantes,Sudeste,Mobile,16435,308,29,5,2,702.55,4603.58,974.16
2025-06-07,LNK-001,Demo B2B,LinkedIn Ads,Leads,Decisores B2B,Sudeste,Mobile,6282,61,7,2,2,590.24,6542.68,714.42
2025-06-07,LNK-002,Webinar Executivo,LinkedIn Ads,Leads,Liderancas,Nordeste,Desktop,4998,59,11,0,0,466.78,0.0,658.89
2025-06-07,TTK-001,Video Descoberta,TikTok Ads,Alcance,Publico jovem,Nordeste,Mobile,26923,561,25,0,0,644.68,0.0,991.12
2025-06-07,TTK-002,Criadores e Reviews,TikTok Ads,Conversoes,Engajados,Sudeste,Desktop,24128,605,29,0,0,955.62,0.0,1349.24
2025-06-07,EML-001,Oferta Base Ativa,Email Marketing,Receita,Clientes ativos,Sudeste,Desktop,16360,2253,490,59,14,652.5,33768.61,883.2
2025-06-07,EML-002,Nutricao de Leads,Email Marketing,Conversoes,Leads em nutricao,Sudeste,Mobile,12936,1169,135,6,3,475.62,4010.52,627.6
2025-06-08,GGL-001,Pesquisa Marca,Google Ads,Conversoes,Alta intencao,Sudeste,Mobile,3692,243,50,16,11,728.94,10608.0,952.56
2025-06-08,GGL-002,Pesquisa Generica,Google Ads,Conversoes,Intencao ampla,Sudeste,Mobile,6169,261,25,5,5,1155.7,5348.08,1404.35
2025-06-08,GGL-003,Performance Max,Google Ads,Receita,Multicanal,Centro-Oeste,Mobile,8314,257,26,3,2,834.8,3303.0,1114.07
2025-06-08,MET-001,Remarketing Social,Meta Ads,Conversoes,Visitantes do site,Nordeste,Mobile,13633,403,37,7,5,662.72,5663.61,1041.39
2025-06-08,MET-002,Prospeccao Interesses,Meta Ads,Leads,Interesses,Sudeste,Mobile,21654,405,18,3,3,934.77,1914.02,965.95
2025-06-08,MET-003,Publico Lookalike,Meta Ads,Leads,Semelhantes,Nordeste,Mobile,16660,367,31,6,4,756.6,5047.38,974.16
2025-06-08,LNK-001,Demo B2B,LinkedIn Ads,Leads,Decisores B2B,Sudeste,Mobile,5686,44,4,2,2,399.42,5966.53,714.42
2025-06-08,LNK-002,Webinar Executivo,LinkedIn Ads,Leads,Liderancas,Sudeste,Mobile,4524,61,7,2,2,519.56,5569.11,658.89
2025-06-08,TTK-001,Video Descoberta,TikTok Ads,Alcance,Publico jovem,Nordeste,Mobile,33629,711,31,1,1,784.27,430.73,991.12
2025-06-08,TTK-002,Criadores e Reviews,TikTok Ads,Conversoes,Engajados,Sudeste,Mobile,21820,583,26,3,3,870.06,1524.76,1349.24
2025-06-08,EML-001,Oferta Base Ativa,Email Marketing,Receita,Clientes ativos,Sudeste,Mobile,17364,1807,300,30,1,627.98,18867.42,883.2
2025-06-08,EML-002,Nutricao de Leads,Email Marketing,Conversoes,Leads em nutricao,Sudeste,Mobile,14360,1082,124,8,2,495.4,5400.33,627.6
2025-06-09,GGL-001,Pesquisa Marca,Google Ads,Conversoes,Alta intencao,Sul,Desktop,3841,236,34,9,5,675.41,7837.25,952.56
2025-06-09,GGL-002,Pesquisa Generica,Google Ads,Conversoes,Intencao ampla,Centro-Oeste,Mobile,7182,309,39,9,7,1269.25,8380.3,1404.35
2025-06-09,GGL-003,Performance Max,Google Ads,Receita,Multicanal,Sudeste,Mobile,12836,314,35,5,5,1048.12,4629.32,1114.07
2025-06-09,MET-001,Remarketing Social,Meta Ads,Conversoes,Visitantes do site,Sul,Mobile,20769,663,82,22,9,1161.22,17352.26,1041.39
2025-06-09,MET-002,Prospeccao Interesses,Meta Ads,Leads,Interesses,Sudeste,Desktop,27354,490,46,14,14,1125.06,9719.95,965.95
2025-06-09,MET-003,Publico Lookalike,Meta Ads,Leads,Semelhantes,Nordeste,Mobile,24293,493,44,6,4,980.18,4023.17,974.16
2025-06-09,LNK-001,Demo B2B,LinkedIn Ads,Leads,Decisores B2B,Nordeste,Desktop,7128,49,6,2,2,487.8,5472.19,714.42
2025-06-09,LNK-002,Webinar Executivo,LinkedIn Ads,Leads,Liderancas,Sudeste,Mobile,6308,82,12,0,0,676.67,0.0,658.89
2025-06-09,TTK-001,Video Descoberta,TikTok Ads,Alcance,Publico jovem,Nordeste,Mobile,45010,841,33,4,3,1030.58,1645.61,991.12
2025-06-09,TTK-002,Criadores e Reviews,TikTok Ads,Conversoes,Engajados,Sudeste,Mobile,37722,889,57,7,6,1310.6,3317.25,1349.24
2025-06-09,EML-001,Oferta Base Ativa,Email Marketing,Receita,Clientes ativos,Centro-Oeste,Tablet,23753,2765,513,65,11,851.56,46452.15,883.2
2025-06-09,EML-002,Nutricao de Leads,Email Marketing,Conversoes,Leads em nutricao,Norte,Mobile,17148,1389,160,7,2,581.86,4631.23,627.6
2025-06-10,GGL-001,Pesquisa Marca,Google Ads,Conversoes,Alta intencao,Sul,Mobile,4166,286,54,21,12,761.46,21872.09,952.56
2025-06-10,GGL-002,Pesquisa Generica,Google Ads,Conversoes,Intencao ampla,Sudeste,Desktop,8107,349,28,10,9,1503.62,10739.81,1404.35
2025-06-10,GGL-003,Performance Max,Google Ads,Receita,Multicanal,Sudeste,Mobile,9940,234,21,3,2,802.03,2556.8,1114.07
2025-06-10,MET-001,Remarketing Social,Meta Ads,Conversoes,Visitantes do site,Sudeste,Mobile,21591,581,75,22,9,1028.23,16104.71,1041.39
2025-06-10,MET-002,Prospeccao Interesses,Meta Ads,Leads,Interesses,Nordeste,Mobile,27120,474,29,7,6,1139.23,5797.95,965.95
2025-06-10,MET-003,Publico Lookalike,Meta Ads,Leads,Semelhantes,Sul,Mobile,16023,308,21,4,3,659.75,2645.44,974.16
2025-06-10,LNK-001,Demo B2B,LinkedIn Ads,Leads,Decisores B2B,Sudeste,Desktop,7425,72,3,1,1,693.86,3343.28,714.42
2025-06-10,LNK-002,Webinar Executivo,LinkedIn Ads,Leads,Liderancas,Sudeste,Desktop,5054,53,10,0,0,400.24,0.0,658.89
2025-06-10,TTK-001,Video Descoberta,TikTok Ads,Alcance,Publico jovem,Sul,Mobile,53693,1005,39,3,2,1058.49,1726.31,991.12
2025-06-10,TTK-002,Criadores e Reviews,TikTok Ads,Conversoes,Engajados,Sudeste,Desktop,40545,1052,62,10,8,1645.76,5377.04,1349.24
2025-06-10,EML-001,Oferta Base Ativa,Email Marketing,Receita,Clientes ativos,Sul,Mobile,27821,2930,491,55,5,949.42,35640.96,883.2
2025-06-10,EML-002,Nutricao de Leads,Email Marketing,Conversoes,Leads em nutricao,Nordeste,Mobile,17193,1363,165,17,7,580.16,9288.57,627.6
2025-06-11,GGL-001,Pesquisa Marca,Google Ads,Conversoes,Alta intencao,Sul,Mobile,4268,278,49,17,9,832.57,14432.57,952.56
2025-06-11,GGL-002,Pesquisa Generica,Google Ads,Conversoes,Intencao ampla,Sudeste,Tablet,6951,264,30,4,4,1098.94,3851.65,1404.35
2025-06-11,GGL-003,Performance Max,Google Ads,Receita,Multicanal,Centro-Oeste,Mobile,13550,330,24,4,4,1025.62,3312.62,1114.07
2025-06-11,MET-001,Remarketing Social,Meta Ads,Conversoes,Visitantes do site,Sul,Mobile,20258,555,62,18,5,950.49,10108.8,1041.39
2025-06-11,MET-002,Prospeccao Interesses,Meta Ads,Leads,Interesses,Nordeste,Desktop,24883,414,38,4,4,888.71,2462.28,965.95
2025-06-11,MET-003,Publico Lookalike,Meta Ads,Leads,Semelhantes,Sudeste,Mobile,18778,380,36,10,9,779.19,7344.61,974.16
2025-06-11,LNK-001,Demo B2B,LinkedIn Ads,Leads,Decisores B2B,Sudeste,Desktop,6389,58,4,1,1,586.2,3181.3,714.42
2025-06-11,LNK-002,Webinar Executivo,LinkedIn Ads,Leads,Liderancas,Centro-Oeste,Mobile,7065,95,14,2,1,881.56,5572.56,658.89
2025-06-11,TTK-001,Video Descoberta,TikTok Ads,Alcance,Publico jovem,Sudeste,Mobile,42270,1034,41,5,4,1205.1,2456.56,991.12
2025-06-11,TTK-002,Criadores e Reviews,TikTok Ads,Conversoes,Engajados,Centro-Oeste,Mobile,27993,672,38,4,2,1011.37,2072.22,1349.24
2025-06-11,EML-001,Oferta Base Ativa,Email Marketing,Receita,Clientes ativos,Nordeste,Mobile,28597,3522,711,75,5,1024.14,46156.4,883.2
2025-06-11,EML-002,Nutricao de Leads,Email Marketing,Conversoes,Leads em nutricao,Sul,Desktop,17967,1163,113,8,3,575.64,5589.98,627.6
2025-06-12,GGL-001,Pesquisa Marca,Google Ads,Conversoes,Alta intencao,Sul,Mobile,3832,245,34,9,7,687.19,7769.96,952.56
2025-06-12,GGL-002,Pesquisa Generica,Google Ads,Conversoes,Intencao ampla,Sudeste,Mobile,8058,363,35,4,3,1718.26,3149.28,1404.35
2025-06-12,GGL-003,Performance Max,Google Ads,Receita,Multicanal,Sudeste,Mobile,11806,331,32,8,5,1012.78,8234.63,1114.07
2025-06-12,MET-001,Remarketing Social,Meta Ads,Conversoes,Visitantes do site,Nordeste,Desktop,17173,454,30,8,4,770.33,5225.96,1041.39
2025-06-12,MET-002,Prospeccao Interesses,Meta Ads,Leads,Interesses,Nordeste,Mobile,27190,490,38,11,11,981.14,7654.87,965.95
2025-06-12,MET-003,Publico Lookalike,Meta Ads,Leads,Semelhantes,Norte,Desktop,24647,564,60,19,18,1186.99,10640.07,974.16
2025-06-12,LNK-001,Demo B2B,LinkedIn Ads,Leads,Decisores B2B,Sudeste,Desktop,6983,81,7,0,0,829.01,0.0,714.42
2025-06-12,LNK-002,Webinar Executivo,LinkedIn Ads,Leads,Liderancas,Nordeste,Mobile,6763,98,21,4,3,815.44,9300.72,658.89
2025-06-12,TTK-001,Video Descoberta,TikTok Ads,Alcance,Publico jovem,Norte,Mobile,36202,746,23,4,3,902.02,1675.95,991.12
2025-06-12,TTK-002,Criadores e Reviews,TikTok Ads,Conversoes,Engajados,Nordeste,Mobile,33667,746,43,4,2,1093.92,2331.73,1349.24
2025-06-12,EML-001,Oferta Base Ativa,Email Marketing,Receita,Clientes ativos,Sudeste,Mobile,23299,2237,337,42,5,789.68,29466.11,883.2
2025-06-12,EML-002,Nutricao de Leads,Email Marketing,Conversoes,Leads em nutricao,Sudeste,Desktop,15926,1404,173,12,3,558.92,7057.57,627.6
2025-06-13,GGL-001,Pesquisa Marca,Google Ads,Conversoes,Alta intencao,Sul,Mobile,4914,338,52,10,4,956.16,10176.44,952.56
2025-06-13,GGL-002,Pesquisa Generica,Google Ads,Conversoes,Intencao ampla,Sul,Mobile,7181,308,24,2,1,1139.91,1864.07,1404.35
2025-06-13,GGL-003,Performance Max,Google Ads,Receita,Multicanal,Sudeste,Mobile,9912,288,12,3,2,896.04,2914.05,1114.07
2025-06-13,MET-001,Remarketing Social,Meta Ads,Conversoes,Visitantes do site,Sul,Mobile,17436,579,71,10,4,1003.54,5616.0,1041.39
2025-06-13,MET-002,Prospeccao Interesses,Meta Ads,Leads,Interesses,Sudeste,Mobile,25758,426,44,10,8,938.44,6121.49,965.95
2025-06-13,MET-003,Publico Lookalike,Meta Ads,Leads,Semelhantes,Sudeste,Desktop,21527,413,28,11,9,816.0,6804.5,974.16
2025-06-13,LNK-001,Demo B2B,LinkedIn Ads,Leads,Decisores B2B,Sudeste,Mobile,6899,61,5,0,0,595.14,0.0,714.42
2025-06-13,LNK-002,Webinar Executivo,LinkedIn Ads,Leads,Liderancas,Sul,Mobile,6190,70,9,0,0,541.93,0.0,658.89
2025-06-13,TTK-001,Video Descoberta,TikTok Ads,Alcance,Publico jovem,Nordeste,Desktop,35647,639,21,4,3,735.47,1644.28,991.12
2025-06-13,TTK-002,Criadores e Reviews,TikTok Ads,Conversoes,Engajados,Sudeste,Mobile,30570,823,48,7,7,1207.52,3693.38,1349.24
2025-06-13,EML-001,Oferta Base Ativa,Email Marketing,Receita,Clientes ativos,Nordeste,Mobile,24008,2832,478,62,4,863.36,31601.91,883.2
2025-06-13,EML-002,Nutricao de Leads,Email Marketing,Conversoes,Leads em nutricao,Nordeste,Mobile,18181,1560,219,17,4,619.62,9579.44,627.6
2025-06-14,GGL-001,Pesquisa Marca,Google Ads,Conversoes,Alta intencao,Sudeste,Mobile,2973,214,38,11,10,573.85,9312.41,952.56
2025-06-14,GGL-002,Pesquisa Generica,Google Ads,Conversoes,Intencao ampla,Sul,Mobile,5858,248,23,5,5,1127.89,4054.41,1404.35
2025-06-14,GGL-003,Performance Max,Google Ads,Receita,Multicanal,Sudeste,Desktop,8982,235,24,7,5,810.06,5379.4,1114.07
2025-06-14,MET-001,Remarketing Social,Meta Ads,Conversoes,Visitantes do site,Sudeste,Desktop,12331,380,44,15,6,697.17,10572.23,1041.39
2025-06-14,MET-002,Prospeccao Interesses,Meta Ads,Leads,Interesses,Sul,Mobile,23522,357,22,2,2,786.51,1109.05,965.95
2025-06-14,MET-003,Publico Lookalike,Meta Ads,Leads,Semelhantes,Norte,Mobile,14687,281,30,9,7,565.03,6453.17,974.16
2025-06-14,LNK-001,Demo B2B,LinkedIn Ads,Leads,Decisores B2B,Sul,Mobile,5603,56,6,2,2,517.79,5794.49,714.42
2025-06-14,LNK-002,Webinar Executivo,LinkedIn Ads,Leads,Liderancas,Sudeste,Mobile,5487,78,8,1,1,634.21,2524.04,658.89
2025-06-14,TTK-001,Video Descoberta,TikTok Ads,Alcance,Publico jovem,Sudeste,Mobile,30616,714,31,3,3,886.24,1442.98,991.12
2025-06-14,TTK-002,Criadores e Reviews,TikTok Ads,Conversoes,Engajados,Sul,Mobile,29754,803,33,4,4,1189.15,2242.38,1349.24
2025-06-14,EML-001,Oferta Base Ativa,Email Marketing,Receita,Clientes ativos,Sudeste,Tablet,17691,2140,371,35,5,667.82,20265.49,883.2
2025-06-14,EML-002,Nutricao de Leads,Email Marketing,Conversoes,Leads em nutricao,Centro-Oeste,Desktop,13528,1050,138,16,4,475.56,7987.2,627.6
2025-06-15,GGL-001,Pesquisa Marca,Google Ads,Conversoes,Alta intencao,Sudeste,Mobile,3362,231,38,12,5,712.09,9061.18,952.56
2025-06-15,GGL-002,Pesquisa Generica,Google Ads,Conversoes,Intencao ampla,Sudeste,Mobile,6492,295,29,5,3,1280.23,4753.71,1404.35
2025-06-15,GGL-003,Performance Max,Google Ads,Receita,Multicanal,Sudeste,Mobile,9641,228,13,4,4,793.95,4515.96,1114.07
2025-06-15,MET-001,Remarketing Social,Meta Ads,Conversoes,Visitantes do site,Norte,Desktop,17390,489,57,8,2,773.52,5207.28,1041.39
2025-06-15,MET-002,Prospeccao Interesses,Meta Ads,Leads,Interesses,Sul,Mobile,27168,414,29,3,2,939.11,1901.64,965.95
2025-06-15,MET-003,Publico Lookalike,Meta Ads,Leads,Semelhantes,Nordeste,Mobile,19966,380,29,5,5,876.86,3376.58,974.16
2025-06-15,LNK-001,Demo B2B,LinkedIn Ads,Leads,Decisores B2B,Nordeste,Desktop,5806,46,3,1,1,515.44,2619.26,714.42
2025-06-15,LNK-002,Webinar Executivo,LinkedIn Ads,Leads,Liderancas,Norte,Mobile,4192,51,11,2,2,433.67,6168.5,658.89
2025-06-15,TTK-001,Video Descoberta,TikTok Ads,Alcance,Publico jovem,Sul,Mobile,30657,591,28,5,5,651.24,2018.74,991.12
2025-06-15,TTK-002,Criadores e Reviews,TikTok Ads,Conversoes,Engajados,Nordeste,Tablet,23948,615,29,4,3,879.72,1769.82,1349.24
2025-06-15,EML-001,Oferta Base Ativa,Email Marketing,Receita,Clientes ativos,Sudeste,Desktop,19950,2344,370,42,5,733.4,21957.28,883.2
2025-06-15,EML-002,Nutricao de Leads,Email Marketing,Conversoes,Leads em nutricao,Centro-Oeste,Desktop,13764,1299,154,17,6,505.18,10802.82,627.6
2025-06-16,GGL-001,Pesquisa Marca,Google Ads,Conversoes,Alta intencao,Sudeste,Mobile,4228,320,47,9,5,932.37,6951.74,952.56
2025-06-16,GGL-002,Pesquisa Generica,Google Ads,Conversoes,Intencao ampla,Sudeste,Tablet,8175,428,52,11,8,1995.88,13548.6,1404.35
2025-06-16,GGL-003,Performance Max,Google Ads,Receita,Multicanal,Centro-Oeste,Mobile,12541,276,28,7,7,962.82,6288.83,1114.07
2025-06-16,MET-001,Remarketing Social,Meta Ads,Conversoes,Visitantes do site,Sudeste,Desktop,18203,567,63,15,6,1051.48,11811.81,1041.39
2025-06-16,MET-002,Prospeccao Interesses,Meta Ads,Leads,Interesses,Centro-Oeste,Mobile,26304,355,33,9,9,673.38,6219.57,965.95
2025-06-16,MET-003,Publico Lookalike,Meta Ads,Leads,Semelhantes,Sudeste,Mobile,23801,515,53,11,10,1071.17,7216.74,974.16
2025-06-16,LNK-001,Demo B2B,LinkedIn Ads,Leads,Decisores B2B,Sul,Mobile,8625,72,7,2,2,711.45,6599.07,714.42
2025-06-16,LNK-002,Webinar Executivo,LinkedIn Ads,Leads,Liderancas,Norte,Mobile,6870,93,8,2,1,790.56,4592.78,658.89
2025-06-16,TTK-001,Video Descoberta,TikTok Ads,Alcance,Publico jovem,Nordeste,Mobile,38985,790,32,4,3,869.39,1758.67,991.12
2025-06-16,TTK-002,Criadores e Reviews,TikTok Ads,Conversoes,Engajados,Sudeste,Mobile,36903,1067,66,5,3,1448.42,2699.74,1349.24
2025-06-16,EML-001,Oferta Base Ativa,Email Marketing,Receita,Clientes ativos,Centro-Oeste,Mobile,24419,2999,526,60,3,888.28,34732.43,883.2
2025-06-16,EML-002,Nutricao de Leads,Email Marketing,Conversoes,Leads em nutricao,Sudeste,Desktop,17344,1408,184,13,7,587.68,7803.04,627.6
2025-06-17,GGL-001,Pesquisa Marca,Google Ads,Conversoes,Alta intencao,Sudeste,Mobile,3814,262,34,11,7,721.67,8833.01,952.56
2025-06-17,GGL-002,Pesquisa Generica,Google Ads,Conversoes,Intencao ampla,Nordeste,Mobile,8276,332,38,17,16,1306.35,17916.66,1404.35
2025-06-17,GGL-003,Performance Max,Google Ads,Receita,Multicanal,Sul,Tablet,11843,282,26,7,5,847.49,6764.13,1114.07
2025-06-17,MET-001,Remarketing Social,Meta Ads,Conversoes,Visitantes do site,Sudeste,Mobile,19044,501,47,9,6,866.33,6894.96,1041.39
2025-06-17,MET-002,Prospeccao Interesses,Meta Ads,Leads,Interesses,Sudeste,Mobile,28812,408,27,9,8,809.88,6963.45,965.95
2025-06-17,MET-003,Publico Lookalike,Meta Ads,Leads,Semelhantes,Nordeste,Desktop,24864,464,46,8,6,979.96,5339.96,974.16
2025-06-17,LNK-001,Demo B2B,LinkedIn Ads,Leads,Decisores B2B,Nordeste,Mobile,6920,58,8,2,2,564.84,6386.43,714.42
2025-06-17,LNK-002,Webinar Executivo,LinkedIn Ads,Leads,Liderancas,Sul,Mobile,6188,59,13,3,3,452.19,6149.42,658.89
2025-06-17,TTK-001,Video Descoberta,TikTok Ads,Alcance,Publico jovem,Nordeste,Mobile,43437,984,45,7,6,1140.34,4208.62,991.12
2025-06-17,TTK-002,Criadores e Reviews,TikTok Ads,Conversoes,Engajados,Centro-Oeste,Mobile,30656,702,34,8,6,1003.15,3998.62,1349.24
2025-06-17,EML-001,Oferta Base Ativa,Email Marketing,Receita,Clientes ativos,Centro-Oeste,Tablet,24709,2581,465,46,3,852.28,29018.29,883.2
2025-06-17,EML-002,Nutricao de Leads,Email Marketing,Conversoes,Leads em nutricao,Nordeste,Mobile,21156,1562,158,8,7,679.32,4535.32,627.6
2025-06-18,GGL-001,Pesquisa Marca,Google Ads,Conversoes,Alta intencao,Sudeste,Desktop,4529,384,62,27,13,922.24,25832.25,952.56
2025-06-18,GGL-002,Pesquisa Generica,Google Ads,Conversoes,Intencao ampla,Norte,Mobile,6166,276,33,7,6,1064.15,5350.8,1404.35
2025-06-18,GGL-003,Performance Max,Google Ads,Receita,Multicanal,Sul,Mobile,13014,362,40,8,7,1247.83,7343.81,1114.07
2025-06-18,MET-001,Remarketing Social,Meta Ads,Conversoes,Visitantes do site,Sudeste,Mobile,21847,660,65,16,7,1130.71,12453.16,1041.39
2025-06-18,MET-002,Prospeccao Interesses,Meta Ads,Leads,Interesses,Norte,Desktop,25841,435,30,4,3,883.21,2279.39,965.95
2025-06-18,MET-003,Publico Lookalike,Meta Ads,Leads,Semelhantes,Nordeste,Desktop,19605,470,33,12,10,960.93,11440.02,974.16
2025-06-18,LNK-001,Demo B2B,LinkedIn Ads,Leads,Decisores B2B,Centro-Oeste,Mobile,7243,64,3,0,0,630.64,0.0,714.42
2025-06-18,LNK-002,Webinar Executivo,LinkedIn Ads,Leads,Liderancas,Nordeste,Mobile,7619,75,10,0,0,641.39,0.0,658.89
2025-06-18,TTK-001,Video Descoberta,TikTok Ads,Alcance,Publico jovem,Sudeste,Desktop,28510,687,20,2,2,777.88,1022.8,991.12
2025-06-18,TTK-002,Criadores e Reviews,TikTok Ads,Conversoes,Engajados,Nordeste,Mobile,37177,1035,36,7,7,1610.97,3886.71,1349.24
2025-06-18,EML-001,Oferta Base Ativa,Email Marketing,Receita,Clientes ativos,Sul,Tablet,23880,2924,575,57,1,870.0,43737.54,883.2
2025-06-18,EML-002,Nutricao de Leads,Email Marketing,Conversoes,Leads em nutricao,Sudeste,Mobile,17166,1491,178,14,4,592.42,7689.68,627.6
2025-06-19,GGL-001,Pesquisa Marca,Google Ads,Conversoes,Alta intencao,Nordeste,Mobile,4961,319,63,28,17,904.14,24962.41,952.56
2025-06-19,GGL-002,Pesquisa Generica,Google Ads,Conversoes,Intencao ampla,Sul,Mobile,7853,346,27,8,8,1363.08,7579.67,1404.35
2025-06-19,GGL-003,Performance Max,Google Ads,Receita,Multicanal,Sudeste,Mobile,10517,272,26,6,5,938.22,6252.69,1114.07
2025-06-19,MET-001,Remarketing Social,Meta Ads,Conversoes,Visitantes do site,Sul,Mobile,22385,653,70,22,11,1115.9,13286.61,1041.39
2025-06-19,MET-002,Prospeccao Interesses,Meta Ads,Leads,Interesses,Nordeste,Mobile,27815,410,27,4,4,917.1,2827.13,965.95
2025-06-19,MET-003,Publico Lookalike,Meta Ads,Leads,Semelhantes,Nordeste,Mobile,21841,443,52,8,5,942.42,4929.9,974.16
2025-06-19,LNK-001,Demo B2B,LinkedIn Ads,Leads,Decisores B2B,Centro-Oeste,Mobile,8515,69,5,1,1,679.47,2846.37,714.42
2025-06-19,LNK-002,Webinar Executivo,LinkedIn Ads,Leads,Liderancas,Sul,Desktop,5276,63,12,3,3,521.01,6646.37,658.89
2025-06-19,TTK-001,Video Descoberta,TikTok Ads,Alcance,Publico jovem,Centro-Oeste,Desktop,38534,797,32,2,2,832.52,962.02,991.12
2025-06-19,TTK-002,Criadores e Reviews,TikTok Ads,Conversoes,Engajados,Norte,Mobile,33102,847,48,3,2,1359.84,1897.72,1349.24
2025-06-19,EML-001,Oferta Base Ativa,Email Marketing,Receita,Clientes ativos,Nordeste,Desktop,24182,2877,550,63,7,871.34,34237.7,883.2
2025-06-19,EML-002,Nutricao de Leads,Email Marketing,Conversoes,Leads em nutricao,Nordeste,Mobile,19388,1676,173,12,5,655.36,7394.88,627.6
2025-06-20,GGL-001,Pesquisa Marca,Google Ads,Conversoes,Alta intencao,Sul,Mobile,4969,353,51,21,12,945.6,19617.36,952.56
2025-06-20,GGL-002,Pesquisa Generica,Google Ads,Conversoes,Intencao ampla,Sudeste,Mobile,8219,347,28,6,3,1390.35,5658.17,1404.35
2025-06-20,GGL-003,Performance Max,Google Ads,Receita,Multicanal,Nordeste,Mobile,11242,315,26,5,3,1024.66,4828.02,1114.07
2025-06-20,MET-001,Remarketing Social,Meta Ads,Conversoes,Visitantes do site,Sudeste,Mobile,18155,386,39,10,5,619.61,8182.56,1041.39
2025-06-20,MET-002,Prospeccao Interesses,Meta Ads,Leads,Interesses,Nordeste,Mobile,27835,417,23,5,4,853.54,3253.86,965.95
2025-06-20,MET-003,Publico Lookalike,Meta Ads,Leads,Semelhantes,Sul,Mobile,19663,422,31,3,2,831.91,1676.03,974.16
2025-06-20,LNK-001,Demo B2B,LinkedIn Ads,Leads,Decisores B2B,Sul,Mobile,7096,48,1,0,0,499.58,0.0,714.42
2025-06-20,LNK-002,Webinar Executivo,LinkedIn Ads,Leads,Liderancas,Sudeste,Desktop,6520,76,11,1,1,685.05,3303.65,658.89
2025-06-20,TTK-001,Video Descoberta,TikTok Ads,Alcance,Publico jovem,Nordeste,Mobile,38174,953,31,2,2,1076.4,826.1,991.12
2025-06-20,TTK-002,Criadores e Reviews,TikTok Ads,Conversoes,Engajados,Sudeste,Mobile,27542,677,31,6,4,924.39,2919.97,1349.24
2025-06-20,EML-001,Oferta Base Ativa,Email Marketing,Receita,Clientes ativos,Sul,Mobile,22965,2425,477,72,15,801.8,40695.09,883.2
2025-06-20,EML-002,Nutricao de Leads,Email Marketing,Conversoes,Leads em nutricao,Sudeste,Mobile,16627,1377,150,18,7,570.24,10581.94,627.6
2025-06-21,GGL-001,Pesquisa Marca,Google Ads,Conversoes,Alta intencao,Sudeste,Mobile,3876,256,33,8,4,709.8,8336.57,952.56
2025-06-21,GGL-002,Pesquisa Generica,Google Ads,Conversoes,Intencao ampla,Sudeste,Mobile,6708,258,18,2,1,888.55,1660.35,1404.35
2025-06-21,GGL-003,Performance Max,Google Ads,Receita,Multicanal,Sul,Desktop,6705,182,19,3,2,588.25,3235.63,1114.07
2025-06-21,MET-001,Remarketing Social,Meta Ads,Conversoes,Visitantes do site,Sudeste,Mobile,15885,518,45,11,4,948.12,7371.93,1041.39
2025-06-21,MET-002,Prospeccao Interesses,Meta Ads,Leads,Interesses,Sudeste,Desktop,19493,271,16,1,1,569.71,619.97,965.95
2025-06-21,MET-003,Publico Lookalike,Meta Ads,Leads,Semelhantes,Sudeste,Mobile,19635,468,36,7,7,970.57,4909.46,974.16
2025-06-21,LNK-001,Demo B2B,LinkedIn Ads,Leads,Decisores B2B,Nordeste,Mobile,4744,45,6,1,1,426.99,3533.07,714.42
2025-06-21,LNK-002,Webinar Executivo,LinkedIn Ads,Leads,Liderancas,Sudeste,Mobile,6252,81,14,2,1,731.25,4742.85,658.89
2025-06-21,TTK-001,Video Descoberta,TikTok Ads,Alcance,Publico jovem,Nordeste,Mobile,29395,606,20,1,1,757.53,479.05,991.12
2025-06-21,TTK-002,Criadores e Reviews,TikTok Ads,Conversoes,Engajados,Sudeste,Mobile,25348,645,30,4,3,940.62,1983.69,1349.24
2025-06-21,EML-001,Oferta Base Ativa,Email Marketing,Receita,Clientes ativos,Norte,Desktop,18451,2058,411,50,4,674.82,34695.84,883.2
2025-06-21,EML-002,Nutricao de Leads,Email Marketing,Conversoes,Leads em nutricao,Sudeste,Mobile,15050,1103,118,9,3,511.3,5410.48,627.6
2025-06-22,GGL-001,Pesquisa Marca,Google Ads,Conversoes,Alta intencao,Sudeste,Mobile,3809,221,39,13,10,612.96,11917.79,952.56
2025-06-22,GGL-002,Pesquisa Generica,Google Ads,Conversoes,Intencao ampla,Sudeste,Mobile,5864,263,31,7,6,999.67,7990.45,1404.35
2025-06-22,GGL-003,Performance Max,Google Ads,Receita,Multicanal,Sudeste,Desktop,9148,230,26,9,9,801.82,9698.48,1114.07
2025-06-22,MET-001,Remarketing Social,Meta Ads,Conversoes,Visitantes do site,Sul,Mobile,12683,400,40,13,9,715.75,11703.39,1041.39
2025-06-22,MET-002,Prospeccao Interesses,Meta Ads,Leads,Interesses,Sudeste,Mobile,21099,369,31,7,6,718.93,3950.53,965.95
2025-06-22,MET-003,Publico Lookalike,Meta Ads,Leads,Semelhantes,Sudeste,Mobile,17860,299,21,3,3,560.25,2362.56,974.16
2025-06-22,LNK-001,Demo B2B,LinkedIn Ads,Leads,Decisores B2B,Sul,Mobile,5869,61,5,1,1,541.54,2529.31,714.42
2025-06-22,LNK-002,Webinar Executivo,LinkedIn Ads,Leads,Liderancas,Sudeste,Tablet,5161,61,8,1,1,500.12,2553.26,658.89
2025-06-22,TTK-001,Video Descoberta,TikTok Ads,Alcance,Publico jovem,Sudeste,Mobile,32904,611,26,4,3,797.89,1833.21,991.12
2025-06-22,TTK-002,Criadores e Reviews,TikTok Ads,Conversoes,Engajados,Nordeste,Mobile,23300,655,26,4,2,980.07,2428.04,1349.24
2025-06-22,EML-001,Oferta Base Ativa,Email Marketing,Receita,Clientes ativos,Sul,Desktop,20851,2283,430,45,4,745.32,31412.49,883.2
2025-06-22,EML-002,Nutricao de Leads,Email Marketing,Conversoes,Leads em nutricao,Centro-Oeste,Mobile,16083,1304,165,13,6,552.06,7378.31,627.6
2025-06-23,GGL-001,Pesquisa Marca,Google Ads,Conversoes,Alta intencao,Nordeste,Desktop,5159,301,48,10,8,851.89,8574.81,952.56
2025-06-23,GGL-002,Pesquisa Generica,Google Ads,Conversoes,Intencao ampla,Sul,Desktop,7950,357,44,8,8,1490.07,8662.21,1404.35
2025-06-23,GGL-003,Performance Max,Google Ads,Receita,Multicanal,Centro-Oeste,Desktop,14119,366,37,5,3,1342.62,4414.26,1114.07
2025-06-23,MET-001,Remarketing Social,Meta Ads,Conversoes,Visitantes do site,Norte,Mobile,20862,587,68,22,7,1148.84,18545.84,1041.39
2025-06-23,MET-002,Prospeccao Interesses,Meta Ads,Leads,Interesses,Sudeste,Mobile,30555,498,41,7,6,971.39,5141.07,965.95
2025-06-23,MET-003,Publico Lookalike,Meta Ads,Leads,Semelhantes,Sudeste,Mobile,19460,401,32,5,3,884.64,3105.57,974.16
2025-06-23,LNK-001,Demo B2B,LinkedIn Ads,Leads,Decisores B2B,Sul,Mobile,8260,67,2,1,1,634.57,3182.84,714.42
2025-06-23,LNK-002,Webinar Executivo,LinkedIn Ads,Leads,Liderancas,Sudeste,Desktop,7006,91,6,1,1,744.2,3001.5,658.89
2025-06-23,TTK-001,Video Descoberta,TikTok Ads,Alcance,Publico jovem,Sudeste,Mobile,38453,835,41,4,4,1068.22,2146.82,991.12
2025-06-23,TTK-002,Criadores e Reviews,TikTok Ads,Conversoes,Engajados,Sudeste,Desktop,32572,967,51,10,8,1494.63,5137.98,1349.24
2025-06-23,EML-001,Oferta Base Ativa,Email Marketing,Receita,Clientes ativos,Nordeste,Mobile,28169,3521,598,65,7,1015.48,36393.47,883.2
2025-06-23,EML-002,Nutricao de Leads,Email Marketing,Conversoes,Leads em nutricao,Sudeste,Mobile,17641,1317,128,9,1,584.52,4596.53,627.6
2025-06-24,GGL-001,Pesquisa Marca,Google Ads,Conversoes,Alta intencao,Sudeste,Desktop,5226,382,61,18,12,1095.69,17605.62,952.56
2025-06-24,GGL-002,Pesquisa Generica,Google Ads,Conversoes,Intencao ampla,Centro-Oeste,Mobile,9376,406,43,9,6,1603.67,8891.24,1404.35
2025-06-24,GGL-003,Performance Max,Google Ads,Receita,Multicanal,Nordeste,Mobile,9369,256,17,2,1,857.58,1773.04,1114.07
2025-06-24,MET-001,Remarketing Social,Meta Ads,Conversoes,Visitantes do site,Centro-Oeste,Mobile,17020,498,58,14,4,878.67,9347.92,1041.39
2025-06-24,MET-002,Prospeccao Interesses,Meta Ads,Leads,Interesses,Centro-Oeste,Desktop,23950,329,36,7,7,721.11,3950.12,965.95
2025-06-24,MET-003,Publico Lookalike,Meta Ads,Leads,Semelhantes,Sudeste,Mobile,23998,458,30,9,8,958.19,6265.92,974.16
2025-06-24,LNK-001,Demo B2B,LinkedIn Ads,Leads,Decisores B2B,Centro-Oeste,Mobile,8653,69,3,1,1,638.32,3024.36,714.42
2025-06-24,LNK-002,Webinar Executivo,LinkedIn Ads,Leads,Liderancas,Sul,Mobile,6680,72,10,2,2,550.54,4910.75,658.89
2025-06-24,TTK-001,Video Descoberta,TikTok Ads,Alcance,Publico jovem,Sudeste,Tablet,36395,634,30,4,4,802.23,1599.26,991.12
2025-06-24,TTK-002,Criadores e Reviews,TikTok Ads,Conversoes,Engajados,Sul,Mobile,27979,757,41,6,6,1105.09,3379.77,1349.24
2025-06-24,EML-001,Oferta Base Ativa,Email Marketing,Receita,Clientes ativos,Sudeste,Desktop,24450,3244,553,67,12,913.4,32832.09,883.2
2025-06-24,EML-002,Nutricao de Leads,Email Marketing,Conversoes,Leads em nutricao,Norte,Desktop,19735,1572,189,17,5,651.9,8861.71,627.6
2025-06-25,GGL-001,Pesquisa Marca,Google Ads,Conversoes,Alta intencao,Sudeste,Mobile,5264,419,88,30,21,1153.15,21164.42,952.56
2025-06-25,GGL-002,Pesquisa Generica,Google Ads,Conversoes,Intencao ampla,Sudeste,Desktop,6340,240,23,4,4,959.18,3057.6,1404.35
2025-06-25,GGL-003,Performance Max,Google Ads,Receita,Multicanal,Sul,Mobile,11345,299,24,9,4,961.98,8488.57,1114.07
2025-06-25,MET-001,Remarketing Social,Meta Ads,Conversoes,Visitantes do site,Centro-Oeste,Tablet,24594,780,108,25,9,1371.85,17438.04,1041.39
2025-06-25,MET-002,Prospeccao Interesses,Meta Ads,Leads,Interesses,Centro-Oeste,Tablet,22433,353,26,4,3,795.54,2478.34,965.95
2025-06-25,MET-003,Publico Lookalike,Meta Ads,Leads,Semelhantes,Nordeste,Mobile,18753,361,37,5,5,744.1,2952.79,974.16
2025-06-25,LNK-001,Demo B2B,LinkedIn Ads,Leads,Decisores B2B,Sudeste,Mobile,7370,57,4,2,2,542.03,4992.0,714.42
2025-06-25,LNK-002,Webinar Executivo,LinkedIn Ads,Leads,Liderancas,Sul,Mobile,6479,65,13,2,2,567.98,5829.74,658.89
2025-06-25,TTK-001,Video Descoberta,TikTok Ads,Alcance,Publico jovem,Nordeste,Mobile,25115,539,22,2,2,530.02,864.38,991.12
2025-06-25,TTK-002,Criadores e Reviews,TikTok Ads,Conversoes,Engajados,Sudeste,Mobile,28980,826,40,5,5,1167.11,2973.0,1349.24
2025-06-25,EML-001,Oferta Base Ativa,Email Marketing,Receita,Clientes ativos,Norte,Mobile,25010,2416,392,41,2,841.8,23077.43,883.2
2025-06-25,EML-002,Nutricao de Leads,Email Marketing,Conversoes,Leads em nutricao,Sudeste,Mobile,15414,1221,143,13,4,530.38,7903.17,627.6
2025-06-26,GGL-001,Pesquisa Marca,Google Ads,Conversoes,Alta intencao,Sudeste,Mobile,5634,410,68,20,11,1083.4,14253.27,952.56
2025-06-26,GGL-002,Pesquisa Generica,Google Ads,Conversoes,Intencao ampla,Centro-Oeste,Mobile,7780,378,51,7,5,1617.63,7762.22,1404.35
2025-06-26,GGL-003,Performance Max,Google Ads,Receita,Multicanal,Sudeste,Mobile,13199,308,26,5,5,1032.4,4989.01,1114.07
2025-06-26,MET-001,Remarketing Social,Meta Ads,Conversoes,Visitantes do site,Norte,Mobile,23616,775,62,21,7,1376.12,16670.09,1041.39
2025-06-26,MET-002,Prospeccao Interesses,Meta Ads,Leads,Interesses,Centro-Oeste,Mobile,27856,312,17,4,3,675.01,3294.73,965.95
2025-06-26,MET-003,Publico Lookalike,Meta Ads,Leads,Semelhantes,Sul,Mobile,22081,493,26,4,3,1024.59,2489.9,974.16
2025-06-26,LNK-001,Demo B2B,LinkedIn Ads,Leads,Decisores B2B,Sudeste,Tablet,8918,83,8,1,1,742.45,3893.61,714.42
2025-06-26,LNK-002,Webinar Executivo,LinkedIn Ads,Leads,Liderancas,Sudeste,Desktop,6762,89,13,3,3,745.56,9345.32,658.89
2025-06-26,TTK-001,Video Descoberta,TikTok Ads,Alcance,Publico jovem,Norte,Mobile,40994,864,28,0,0,915.58,0.0,991.12
2025-06-26,TTK-002,Criadores e Reviews,TikTok Ads,Conversoes,Engajados,Norte,Mobile,32627,903,45,3,2,1458.45,1542.1,1349.24
2025-06-26,EML-001,Oferta Base Ativa,Email Marketing,Receita,Clientes ativos,Nordeste,Mobile,22180,2431,461,57,7,786.7,37357.55,883.2
2025-06-26,EML-002,Nutricao de Leads,Email Marketing,Conversoes,Leads em nutricao,Sudeste,Mobile,19017,1410,155,13,4,621.34,10808.61,627.6
2025-06-27,GGL-001,Pesquisa Marca,Google Ads,Conversoes,Alta intencao,Nordeste,Desktop,4912,338,43,10,2,1068.32,7613.77,952.56
2025-06-27,GGL-002,Pesquisa Generica,Google Ads,Conversoes,Intencao ampla,Sul,Mobile,7686,336,48,17,16,1326.56,16231.53,1404.35
2025-06-27,GGL-003,Performance Max,Google Ads,Receita,Multicanal,Sul,Mobile,12527,355,36,7,5,1316.7,7269.5,1114.07
2025-06-27,MET-001,Remarketing Social,Meta Ads,Conversoes,Visitantes do site,Sudeste,Mobile,19728,559,77,23,9,1012.96,17913.12,1041.39
2025-06-27,MET-002,Prospeccao Interesses,Meta Ads,Leads,Interesses,Sudeste,Desktop,18343,331,32,7,6,704.24,4893.6,965.95
2025-06-27,MET-003,Publico Lookalike,Meta Ads,Leads,Semelhantes,Nordeste,Mobile,22879,477,40,4,4,1073.33,2932.33,974.16
2025-06-27,LNK-001,Demo B2B,LinkedIn Ads,Leads,Decisores B2B,Sudeste,Desktop,7941,84,10,0,0,765.92,0.0,714.42
2025-06-27,LNK-002,Webinar Executivo,LinkedIn Ads,Leads,Liderancas,Nordeste,Desktop,7733,97,11,1,1,833.07,2438.97,658.89
2025-06-27,TTK-001,Video Descoberta,TikTok Ads,Alcance,Publico jovem,Nordeste,Mobile,32181,687,24,3,3,742.29,1612.72,991.12
2025-06-27,TTK-002,Criadores e Reviews,TikTok Ads,Conversoes,Engajados,Sul,Desktop,36256,832,47,8,7,1385.06,4486.03,1349.24
2025-06-27,EML-001,Oferta Base Ativa,Email Marketing,Receita,Clientes ativos,Nordeste,Mobile,24116,2954,526,73,10,877.72,36403.26,883.2
2025-06-27,EML-002,Nutricao de Leads,Email Marketing,Conversoes,Leads em nutricao,Sudeste,Mobile,17688,1390,196,12,4,592.76,7221.1,627.6
2025-06-28,GGL-001,Pesquisa Marca,Google Ads,Conversoes,Alta intencao,Nordeste,Mobile,3124,227,36,15,10,632.56,12927.63,952.56
2025-06-28,GGL-002,Pesquisa Generica,Google Ads,Conversoes,Intencao ampla,Nordeste,Mobile,6473,288,17,6,4,1206.46,4981.59,1404.35
2025-06-28,GGL-003,Performance Max,Google Ads,Receita,Multicanal,Sudeste,Mobile,8709,236,18,1,1,791.98,1222.46,1114.07
2025-06-28,MET-001,Remarketing Social,Meta Ads,Conversoes,Visitantes do site,Sudeste,Desktop,15270,478,51,21,7,877.51,13406.43,1041.39
2025-06-28,MET-002,Prospeccao Interesses,Meta Ads,Leads,Interesses,Nordeste,Mobile,22354,336,12,2,2,724.11,1421.87,965.95
2025-06-28,MET-003,Publico Lookalike,Meta Ads,Leads,Semelhantes,Nordeste,Desktop,18452,448,40,7,5,893.29,5094.93,974.16
2025-06-28,LNK-001,Demo B2B,LinkedIn Ads,Leads,Decisores B2B,Sudeste,Mobile,5033,42,3,0,0,421.09,0.0,714.42
2025-06-28,LNK-002,Webinar Executivo,LinkedIn Ads,Leads,Liderancas,Nordeste,Desktop,4895,54,6,1,1,458.63,2403.36,658.89
2025-06-28,TTK-001,Video Descoberta,TikTok Ads,Alcance,Publico jovem,Centro-Oeste,Desktop,27296,499,21,1,1,542.35,358.8,991.12
2025-06-28,TTK-002,Criadores e Reviews,TikTok Ads,Conversoes,Engajados,Sul,Mobile,20566,580,33,5,4,908.69,3412.18,1349.24
2025-06-28,EML-001,Oferta Base Ativa,Email Marketing,Receita,Clientes ativos,Centro-Oeste,Desktop,16373,1952,354,40,6,622.66,21311.71,883.2
2025-06-28,EML-002,Nutricao de Leads,Email Marketing,Conversoes,Leads em nutricao,Nordeste,Mobile,13415,1083,140,12,5,476.6,9240.97,627.6
2025-06-29,GGL-001,Pesquisa Marca,Google Ads,Conversoes,Alta intencao,Sudeste,Desktop,3981,293,42,13,11,902.64,11455.29,952.56
2025-06-29,GGL-002,Pesquisa Generica,Google Ads,Conversoes,Intencao ampla,Sudeste,Desktop,5396,229,21,6,5,1023.31,5190.09,1404.35
2025-06-29,GGL-003,Performance Max,Google Ads,Receita,Multicanal,Sudeste,Mobile,8967,206,24,7,5,699.73,7704.57,1114.07
2025-06-29,MET-001,Remarketing Social,Meta Ads,Conversoes,Visitantes do site,Sudeste,Mobile,12843,317,25,6,4,554.33,3583.33,1041.39
2025-06-29,MET-002,Prospeccao Interesses,Meta Ads,Leads,Interesses,Centro-Oeste,Mobile,23096,409,25,4,3,918.88,2250.14,965.95
2025-06-29,MET-003,Publico Lookalike,Meta Ads,Leads,Semelhantes,Sudeste,Mobile,18004,434,39,6,5,867.24,4018.06,974.16
2025-06-29,LNK-001,Demo B2B,LinkedIn Ads,Leads,Decisores B2B,Norte,Mobile,5777,38,3,1,1,320.51,2944.87,714.42
2025-06-29,LNK-002,Webinar Executivo,LinkedIn Ads,Leads,Liderancas,Sudeste,Desktop,3959,51,8,1,1,388.85,2904.63,658.89
2025-06-29,TTK-001,Video Descoberta,TikTok Ads,Alcance,Publico jovem,Nordeste,Tablet,23119,435,24,3,3,561.49,1368.24,991.12
2025-06-29,TTK-002,Criadores e Reviews,TikTok Ads,Conversoes,Engajados,Norte,Desktop,30007,759,37,9,9,1155.05,4444.62,1349.24
2025-06-29,EML-001,Oferta Base Ativa,Email Marketing,Receita,Clientes ativos,Nordeste,Desktop,20452,2070,359,33,2,716.04,20550.01,883.2
2025-06-29,EML-002,Nutricao de Leads,Email Marketing,Conversoes,Leads em nutricao,Nordeste,Desktop,14921,1195,155,12,7,517.92,6066.69,627.6
2025-06-30,GGL-001,Pesquisa Marca,Google Ads,Conversoes,Alta intencao,Nordeste,Desktop,3883,247,50,15,12,783.17,10749.48,952.56
2025-06-30,GGL-002,Pesquisa Generica,Google Ads,Conversoes,Intencao ampla,Sudeste,Desktop,6777,308,39,9,9,1160.14,8541.34,1404.35
2025-06-30,GGL-003,Performance Max,Google Ads,Receita,Multicanal,Sudeste,Desktop,11276,297,22,4,4,1023.84,3467.57,1114.07
2025-06-30,MET-001,Remarketing Social,Meta Ads,Conversoes,Visitantes do site,Sudeste,Desktop,17981,585,66,30,14,998.06,18052.21,1041.39
2025-06-30,MET-002,Prospeccao Interesses,Meta Ads,Leads,Interesses,Sudeste,Mobile,31497,474,37,3,2,1053.69,2082.93,965.95
2025-06-30,MET-003,Publico Lookalike,Meta Ads,Leads,Semelhantes,Nordeste,Desktop,23584,404,38,7,6,847.69,4609.78,974.16
2025-06-30,LNK-001,Demo B2B,LinkedIn Ads,Leads,Decisores B2B,Centro-Oeste,Mobile,7598,72,15,4,4,705.63,15544.15,714.42
2025-06-30,LNK-002,Webinar Executivo,LinkedIn Ads,Leads,Liderancas,Sul,Mobile,6303,88,18,4,4,706.31,8185.82,658.89
2025-06-30,TTK-001,Video Descoberta,TikTok Ads,Alcance,Publico jovem,Sudeste,Mobile,38038,868,34,6,6,887.76,2700.7,991.12
2025-06-30,TTK-002,Criadores e Reviews,TikTok Ads,Conversoes,Engajados,Centro-Oeste,Desktop,32915,972,56,5,4,1473.98,2773.52,1349.24
2025-06-30,EML-001,Oferta Base Ativa,Email Marketing,Receita,Clientes ativos,Sudeste,Mobile,21657,2878,579,47,8,820.94,26074.19,883.2
2025-06-30,EML-002,Nutricao de Leads,Email Marketing,Conversoes,Leads em nutricao,Nordeste,Mobile,18282,1353,159,12,6,600.94,5990.4,627.6
2025-07-01,GGL-001,Pesquisa Marca,Google Ads,Conversoes,Alta intencao,Nordeste,Mobile,4234,274,40,12,8,650.82,7956.0,952.56
2025-07-01,GGL-002,Pesquisa Generica,Google Ads,Conversoes,Intencao ampla,Nordeste,Mobile,5486,287,21,6,5,1113.7,4840.19,1404.35
2025-07-01,GGL-003,Performance Max,Google Ads,Receita,Multicanal,Nordeste,Mobile,9220,255,21,2,2,947.92,1771.45,1114.07
2025-07-01,MET-001,Remarketing Social,Meta Ads,Conversoes,Visitantes do site,Sul,Mobile,14512,472,28,8,5,794.34,6592.45,1041.39
2025-07-01,MET-002,Prospeccao Interesses,Meta Ads,Leads,Interesses,Sul,Desktop,21872,342,23,3,1,758.11,2220.76,965.95
2025-07-01,MET-003,Publico Lookalike,Meta Ads,Leads,Semelhantes,Sudeste,Mobile,22838,414,47,13,12,922.73,10693.42,974.16
2025-07-01,LNK-001,Demo B2B,LinkedIn Ads,Leads,Decisores B2B,Sudeste,Mobile,6856,65,5,0,0,657.29,0.0,714.42
2025-07-01,LNK-002,Webinar Executivo,LinkedIn Ads,Leads,Liderancas,Sul,Mobile,6097,58,7,0,0,453.56,0.0,658.89
2025-07-01,TTK-001,Video Descoberta,TikTok Ads,Alcance,Publico jovem,Norte,Mobile,42751,714,30,2,2,765.17,955.22,991.12
2025-07-01,TTK-002,Criadores e Reviews,TikTok Ads,Conversoes,Engajados,Nordeste,Desktop,23958,581,36,6,5,972.95,3505.82,1349.24
2025-07-01,EML-001,Oferta Base Ativa,Email Marketing,Receita,Clientes ativos,Nordeste,Desktop,27632,3079,538,88,12,960.54,58537.8,883.2
2025-07-01,EML-002,Nutricao de Leads,Email Marketing,Conversoes,Leads em nutricao,Sudeste,Mobile,15944,1314,151,15,6,550.28,10085.12,627.6
2025-07-02,GGL-001,Pesquisa Marca,Google Ads,Conversoes,Alta intencao,Nordeste,Mobile,4964,365,65,12,10,1042.69,9067.64,952.56
2025-07-02,GGL-002,Pesquisa Generica,Google Ads,Conversoes,Intencao ampla,Sudeste,Mobile,6986,314,40,11,10,1348.13,12691.2,1404.35
2025-07-02,GGL-003,Performance Max,Google Ads,Receita,Multicanal,Sudeste,Mobile,9702,273,21,4,4,953.62,3687.29,1114.07
2025-07-02,MET-001,Remarketing Social,Meta Ads,Conversoes,Visitantes do site,Sul,Mobile,18109,467,55,16,8,796.69,11122.77,1041.39
2025-07-02,MET-002,Prospeccao Interesses,Meta Ads,Leads,Interesses,Centro-Oeste,Mobile,27687,454,48,7,7,1033.13,4278.57,965.95
2025-07-02,MET-003,Publico Lookalike,Meta Ads,Leads,Semelhantes,Sudeste,Desktop,19581,365,39,6,4,724.91,5178.05,974.16
2025-07-02,LNK-001,Demo B2B,LinkedIn Ads,Leads,Decisores B2B,Nordeste,Mobile,6378,66,5,1,1,645.88,3869.5,714.42
2025-07-02,LNK-002,Webinar Executivo,LinkedIn Ads,Leads,Liderancas,Sul,Desktop,6663,64,9,0,0,553.4,0.0,658.89
2025-07-02,TTK-001,Video Descoberta,TikTok Ads,Alcance,Publico jovem,Sudeste,Mobile,38634,732,27,2,2,835.68,889.33,991.12
2025-07-02,TTK-002,Criadores e Reviews,TikTok Ads,Conversoes,Engajados,Nordeste,Mobile,34836,729,35,7,6,1121.69,4112.58,1349.24
2025-07-02,EML-001,Oferta Base Ativa,Email Marketing,Receita,Clientes ativos,Nordeste,Desktop,27381,3247,605,73,9,972.32,43670.34,883.2
2025-07-02,EML-002,Nutricao de Leads,Email Marketing,Conversoes,Leads em nutricao,Sudeste,Mobile,17611,1559,197,18,7,608.12,12344.82,627.6
2025-07-03,GGL-001,Pesquisa Marca,Google Ads,Conversoes,Alta intencao,Nordeste,Desktop,4008,271,47,15,9,756.16,9945.0,952.56
2025-07-03,GGL-002,Pesquisa Generica,Google Ads,Conversoes,Intencao ampla,Nordeste,Mobile,6499,312,29,9,7,1256.0,9218.91,1404.35
2025-07-03,GGL-003,Performance Max,Google Ads,Receita,Multicanal,Sul,Mobile,7937,242,25,6,6,806.81,4520.9,1114.07
2025-07-03,MET-001,Remarketing Social,Meta Ads,Conversoes,Visitantes do site,Centro-Oeste,Mobile,19181,583,62,16,9,1114.75,9975.93,1041.39
2025-07-03,MET-002,Prospeccao Interesses,Meta Ads,Leads,Interesses,Nordeste,Desktop,24521,383,21,2,2,786.23,1176.1,965.95
2025-07-03,MET-003,Publico Lookalike,Meta Ads,Leads,Semelhantes,Centro-Oeste,Desktop,20268,378,29,6,4,759.91,4120.14,974.16
2025-07-03,LNK-001,Demo B2B,LinkedIn Ads,Leads,Decisores B2B,Centro-Oeste,Mobile,8398,86,12,4,4,816.01,15225.64,714.42
2025-07-03,LNK-002,Webinar Executivo,LinkedIn Ads,Leads,Liderancas,Sudeste,Desktop,4965,61,8,0,0,447.82,0.0,658.89
2025-07-03,TTK-001,Video Descoberta,TikTok Ads,Alcance,Publico jovem,Nordeste,Mobile,36094,643,33,3,2,691.87,1076.4,991.12
2025-07-03,TTK-002,Criadores e Reviews,TikTok Ads,Conversoes,Engajados,Sudeste,Mobile,35125,890,45,7,7,1450.07,3888.6,1349.24
2025-07-03,EML-001,Oferta Base Ativa,Email Marketing,Receita,Clientes ativos,Norte,Mobile,25424,3011,449,60,8,909.58,37850.04,883.2
2025-07-03,EML-002,Nutricao de Leads,Email Marketing,Conversoes,Leads em nutricao,Sudeste,Desktop,18107,1484,154,9,1,610.54,4759.07,627.6
2025-07-04,GGL-001,Pesquisa Marca,Google Ads,Conversoes,Alta intencao,Nordeste,Mobile,3735,316,55,21,14,835.64,13923.0,952.56
2025-07-04,GGL-002,Pesquisa Generica,Google Ads,Conversoes,Intencao ampla,Sudeste,Mobile,5919,221,23,2,2,900.01,1591.98,1404.35
2025-07-04,GGL-003,Performance Max,Google Ads,Receita,Multicanal,Nordeste,Desktop,12788,322,27,5,5,1099.73,5083.33,1114.07
2025-07-04,MET-001,Remarketing Social,Meta Ads,Conversoes,Visitantes do site,Norte,Desktop,14723,495,47,14,8,776.13,11227.14,1041.39
2025-07-04,MET-002,Prospeccao Interesses,Meta Ads,Leads,Interesses,Nordeste,Mobile,22159,367,17,0,0,873.56,0.0,965.95
2025-07-04,MET-003,Publico Lookalike,Meta Ads,Leads,Semelhantes,Sudeste,Mobile,24498,485,42,9,7,951.31,4984.2,974.16
2025-07-04,LNK-001,Demo B2B,LinkedIn Ads,Leads,Decisores B2B,Centro-Oeste,Mobile,6986,77,6,1,1,732.35,3269.82,714.42
2025-07-04,LNK-002,Webinar Executivo,LinkedIn Ads,Leads,Liderancas,Sul,Mobile,6349,85,17,0,0,713.18,0.0,658.89
2025-07-04,TTK-001,Video Descoberta,TikTok Ads,Alcance,Publico jovem,Nordeste,Desktop,35253,772,29,1,1,870.49,575.82,991.12
2025-07-04,TTK-002,Criadores e Reviews,TikTok Ads,Conversoes,Engajados,Sudeste,Tablet,25137,642,37,3,3,990.99,1309.11,1349.24
2025-07-04,EML-001,Oferta Base Ativa,Email Marketing,Receita,Clientes ativos,Sul,Mobile,25230,3150,759,76,13,919.6,38695.76,883.2
2025-07-04,EML-002,Nutricao de Leads,Email Marketing,Conversoes,Leads em nutricao,Nordeste,Mobile,17774,1317,156,19,9,587.18,11124.61,627.6
2025-07-05,GGL-001,Pesquisa Marca,Google Ads,Conversoes,Alta intencao,Sudeste,Mobile,3542,245,35,10,6,692.75,8292.04,952.56
2025-07-05,GGL-002,Pesquisa Generica,Google Ads,Conversoes,Intencao ampla,Centro-Oeste,Desktop,5660,276,37,8,6,1219.62,8262.64,1404.35
2025-07-05,GGL-003,Performance Max,Google Ads,Receita,Multicanal,Nordeste,Desktop,8464,209,23,5,5,748.41,4420.42,1114.07
2025-07-05,MET-001,Remarketing Social,Meta Ads,Conversoes,Visitantes do site,Sudeste,Tablet,13265,362,44,6,2,631.62,3850.35,1041.39
2025-07-05,MET-002,Prospeccao Interesses,Meta Ads,Leads,Interesses,Sudeste,Mobile,16646,259,15,4,3,547.51,2158.34,965.95
2025-07-05,MET-003,Publico Lookalike,Meta Ads,Leads,Semelhantes,Centro-Oeste,Desktop,17611,380,24,3,1,722.97,2070.45,974.16
2025-07-05,LNK-001,Demo B2B,LinkedIn Ads,Leads,Decisores B2B,Sudeste,Mobile,6038,63,7,1,1,591.72,2496.0,714.42
2025-07-05,LNK-002,Webinar Executivo,LinkedIn Ads,Leads,Liderancas,Nordeste,Desktop,4541,42,7,1,1,361.04,2764.91,658.89
2025-07-05,TTK-001,Video Descoberta,TikTok Ads,Alcance,Publico jovem,Sul,Desktop,31997,629,22,4,4,713.51,1605.44,991.12
2025-07-05,TTK-002,Criadores e Reviews,TikTok Ads,Conversoes,Engajados,Sudeste,Desktop,24801,631,27,5,5,1055.56,2590.15,1349.24
2025-07-05,EML-001,Oferta Base Ativa,Email Marketing,Receita,Clientes ativos,Sul,Mobile,13722,1573,250,26,2,531.74,13944.28,883.2
2025-07-05,EML-002,Nutricao de Leads,Email Marketing,Conversoes,Leads em nutricao,Sudeste,Mobile,12621,1090,138,6,1,461.42,3971.64,627.6
2025-07-06,GGL-001,Pesquisa Marca,Google Ads,Conversoes,Alta intencao,Sudeste,Tablet,3191,221,40,12,8,627.86,9707.18,952.56
2025-07-06,GGL-002,Pesquisa Generica,Google Ads,Conversoes,Intencao ampla,Sudeste,Mobile,5869,250,23,4,3,1130.05,4367.5,1404.35
2025-07-06,GGL-003,Performance Max,Google Ads,Receita,Multicanal,Sudeste,Desktop,10661,329,20,1,0,1113.76,846.08,1114.07
2025-07-06,MET-001,Remarketing Social,Meta Ads,Conversoes,Visitantes do site,Nordeste,Mobile,13991,307,29,6,4,459.48,4983.58,1041.39
2025-07-06,MET-002,Prospeccao Interesses,Meta Ads,Leads,Interesses,Sudeste,Mobile,21669,329,23,3,2,702.91,2194.28,965.95
2025-07-06,MET-003,Publico Lookalike,Meta Ads,Leads,Semelhantes,Centro-Oeste,Mobile,17260,354,32,8,6,702.48,5290.88,974.16
2025-07-06,LNK-001,Demo B2B,LinkedIn Ads,Leads,Decisores B2B,Sudeste,Mobile,6108,58,4,2,1,618.15,7230.04,714.42
2025-07-06,LNK-002,Webinar Executivo,LinkedIn Ads,Leads,Liderancas,Nordeste,Mobile,4336,54,9,1,1,481.86,2028.0,658.89
2025-07-06,TTK-001,Video Descoberta,TikTok Ads,Alcance,Publico jovem,Sul,Mobile,29412,598,22,1,1,787.5,432.83,991.12
2025-07-06,TTK-002,Criadores e Reviews,TikTok Ads,Conversoes,Engajados,Nordeste,Mobile,24005,667,39,7,5,928.94,4266.61,1349.24
2025-07-06,EML-001,Oferta Base Ativa,Email Marketing,Receita,Clientes ativos,Sul,Desktop,20158,2399,384,51,6,743.06,32516.38,883.2
2025-07-06,EML-002,Nutricao de Leads,Email Marketing,Conversoes,Leads em nutricao,Sul,Mobile,17288,1170,131,14,4,562.76,8955.83,627.6
2025-07-07,GGL-001,Pesquisa Marca,Google Ads,Conversoes,Alta intencao,Sudeste,Mobile,4730,278,33,8,5,762.56,6143.01,952.56
2025-07-07,GGL-002,Pesquisa Generica,Google Ads,Conversoes,Intencao ampla,Sudeste,Mobile,7204,346,33,12,12,1550.16,12300.38,1404.35
2025-07-07,GGL-003,Performance Max,Google Ads,Receita,Multicanal,Sul,Mobile,10627,316,19,1,1,1128.65,918.07,1114.07
2025-07-07,MET-001,Remarketing Social,Meta Ads,Conversoes,Visitantes do site,Nordeste,Mobile,21067,625,58,14,7,1090.5,9750.35,1041.39
2025-07-07,MET-002,Prospeccao Interesses,Meta Ads,Leads,Interesses,Nordeste,Mobile,29750,412,33,4,4,918.1,2903.64,965.95
2025-07-07,MET-003,Publico Lookalike,Meta Ads,Leads,Semelhantes,Nordeste,Mobile,19607,415,40,7,5,854.78,3881.36,974.16
2025-07-07,LNK-001,Demo B2B,LinkedIn Ads,Leads,Decisores B2B,Sudeste,Tablet,6680,67,3,0,0,626.33,0.0,714.42
2025-07-07,LNK-002,Webinar Executivo,LinkedIn Ads,Leads,Liderancas,Sul,Desktop,5827,79,15,1,1,650.42,2501.51,658.89
2025-07-07,TTK-001,Video Descoberta,TikTok Ads,Alcance,Publico jovem,Sudeste,Mobile,34211,750,32,4,3,990.98,1950.35,991.12
2025-07-07,TTK-002,Criadores e Reviews,TikTok Ads,Conversoes,Engajados,Sudeste,Desktop,21526,626,35,2,1,965.66,993.16,1349.24
2025-07-07,EML-001,Oferta Base Ativa,Email Marketing,Receita,Clientes ativos,Norte,Desktop,25195,3075,536,39,6,911.4,24168.0,883.2
2025-07-07,EML-002,Nutricao de Leads,Email Marketing,Conversoes,Leads em nutricao,Norte,Mobile,15896,1444,190,16,2,562.32,9123.71,627.6
2025-07-08,GGL-001,Pesquisa Marca,Google Ads,Conversoes,Alta intencao,Centro-Oeste,Tablet,4942,366,44,14,10,886.62,9347.14,952.56
2025-07-08,GGL-002,Pesquisa Generica,Google Ads,Conversoes,Intencao ampla,Sul,Mobile,6061,278,25,9,8,1097.34,7646.74,1404.35
2025-07-08,GGL-003,Performance Max,Google Ads,Receita,Multicanal,Nordeste,Mobile,11197,304,24,4,2,975.6,3796.66,1114.07
2025-07-08,MET-001,Remarketing Social,Meta Ads,Conversoes,Visitantes do site,Sudeste,Mobile,21002,684,78,15,5,1290.46,8795.09,1041.39
2025-07-08,MET-002,Prospeccao Interesses,Meta Ads,Leads,Interesses,Sudeste,Mobile,32242,534,26,5,4,1164.22,3124.24,965.95
2025-07-08,MET-003,Publico Lookalike,Meta Ads,Leads,Semelhantes,Norte,Mobile,18556,383,36,6,5,888.14,3974.46,974.16
2025-07-08,LNK-001,Demo B2B,LinkedIn Ads,Leads,Decisores B2B,Norte,Desktop,7339,57,8,2,2,550.25,6136.66,714.42
2025-07-08,LNK-002,Webinar Executivo,LinkedIn Ads,Leads,Liderancas,Nordeste,Mobile,6754,119,18,2,2,967.89,5139.86,658.89
2025-07-08,TTK-001,Video Descoberta,TikTok Ads,Alcance,Publico jovem,Nordeste,Mobile,35537,770,40,0,0,906.6,0.0,991.12
2025-07-08,TTK-002,Criadores e Reviews,TikTok Ads,Conversoes,Engajados,Centro-Oeste,Mobile,29840,643,27,2,2,1064.7,1103.11,1349.24
2025-07-08,EML-001,Oferta Base Ativa,Email Marketing,Receita,Clientes ativos,Sudeste,Desktop,24435,2845,434,44,4,873.2,24963.23,883.2
2025-07-08,EML-002,Nutricao de Leads,Email Marketing,Conversoes,Leads em nutricao,Sudeste,Mobile,15057,1232,154,13,7,524.34,8244.13,627.6
2025-07-09,GGL-001,Pesquisa Marca,Google Ads,Conversoes,Alta intencao,Norte,Mobile,4478,313,53,11,8,802.06,7666.5,952.56
2025-07-09,GGL-002,Pesquisa Generica,Google Ads,Conversoes,Intencao ampla,Centro-Oeste,Mobile,7911,339,22,9,9,1306.59,10236.3,1404.35
2025-07-09,GGL-003,Performance Max,Google Ads,Receita,Multicanal,Nordeste,Desktop,9531,220,22,5,4,808.26,4175.29,1114.07
2025-07-09,MET-001,Remarketing Social,Meta Ads,Conversoes,Visitantes do site,Sul,Mobile,17489,560,61,19,9,1013.36,14194.31,1041.39
2025-07-09,MET-002,Prospeccao Interesses,Meta Ads,Leads,Interesses,Centro-Oeste,Desktop,27209,419,34,5,4,1039.4,3954.0,965.95
2025-07-09,MET-003,Publico Lookalike,Meta Ads,Leads,Semelhantes,Centro-Oeste,Mobile,21312,460,48,7,5,949.41,5121.16,974.16
2025-07-09,LNK-001,Demo B2B,LinkedIn Ads,Leads,Decisores B2B,Sudeste,Desktop,7599,64,11,1,1,651.75,3112.13,714.42
2025-07-09,LNK-002,Webinar Executivo,LinkedIn Ads,Leads,Liderancas,Sudeste,Mobile,5306,67,5,0,0,612.7,0.0,658.89
2025-07-09,TTK-001,Video Descoberta,TikTok Ads,Alcance,Publico jovem,Sudeste,Mobile,26782,631,23,1,1,783.11,522.2,991.12
2025-07-09,TTK-002,Criadores e Reviews,TikTok Ads,Conversoes,Engajados,Nordeste,Mobile,30781,717,30,2,1,1177.11,932.19,1349.24
2025-07-09,EML-001,Oferta Base Ativa,Email Marketing,Receita,Clientes ativos,Sudeste,Mobile,20365,2538,480,44,5,761.1,21764.61,883.2
2025-07-09,EML-002,Nutricao de Leads,Email Marketing,Conversoes,Leads em nutricao,Sudeste,Desktop,15682,1394,171,18,7,553.04,12559.39,627.6
2025-07-10,GGL-001,Pesquisa Marca,Google Ads,Conversoes,Alta intencao,Sul,Desktop,3708,237,38,7,4,692.05,5494.01,952.56
2025-07-10,GGL-002,Pesquisa Generica,Google Ads,Conversoes,Intencao ampla,Sudeste,Mobile,5804,305,27,6,4,1151.65,6795.57,1404.35
2025-07-10,GGL-003,Performance Max,Google Ads,Receita,Multicanal,Sudeste,Tablet,10387,297,23,8,6,1057.18,8240.39,1114.07
2025-07-10,MET-001,Remarketing Social,Meta Ads,Conversoes,Visitantes do site,Sudeste,Mobile,21277,547,67,11,7,977.07,8491.72,1041.39
2025-07-10,MET-002,Prospeccao Interesses,Meta Ads,Leads,Interesses,Sudeste,Mobile,26909,466,32,4,3,918.72,2698.53,965.95
2025-07-10,MET-003,Publico Lookalike,Meta Ads,Leads,Semelhantes,Sudeste,Mobile,22291,500,45,7,7,1104.22,3876.6,974.16
2025-07-10,LNK-001,Demo B2B,LinkedIn Ads,Leads,Decisores B2B,Sudeste,Mobile,7705,89,11,1,1,807.9,3512.59,714.42
2025-07-10,LNK-002,Webinar Executivo,LinkedIn Ads,Leads,Liderancas,Nordeste,Mobile,6784,66,12,0,0,538.63,0.0,658.89
2025-07-10,TTK-001,Video Descoberta,TikTok Ads,Alcance,Publico jovem,Sudeste,Mobile,28518,690,21,4,3,782.24,2000.75,991.12
2025-07-10,TTK-002,Criadores e Reviews,TikTok Ads,Conversoes,Engajados,Sudeste,Desktop,31796,835,36,3,3,1317.03,1682.31,1349.24
2025-07-10,EML-001,Oferta Base Ativa,Email Marketing,Receita,Clientes ativos,Nordeste,Mobile,23190,3120,559,73,10,875.8,36853.09,883.2
2025-07-10,EML-002,Nutricao de Leads,Email Marketing,Conversoes,Leads em nutricao,Nordeste,Mobile,17336,1303,166,13,6,577.02,6855.46,627.6
2025-07-11,GGL-001,Pesquisa Marca,Google Ads,Conversoes,Alta intencao,Nordeste,Mobile,4513,351,46,11,5,1083.27,9519.15,952.56
2025-07-11,GGL-002,Pesquisa Generica,Google Ads,Conversoes,Intencao ampla,Sudeste,Desktop,6139,246,18,7,5,1041.92,7220.51,1404.35
2025-07-11,GGL-003,Performance Max,Google Ads,Receita,Multicanal,Nordeste,Mobile,12531,340,33,7,5,1128.01,5643.7,1114.07
2025-07-11,MET-001,Remarketing Social,Meta Ads,Conversoes,Visitantes do site,Sul,Mobile,18044,472,59,19,8,897.65,12880.42,1041.39
2025-07-11,MET-002,Prospeccao Interesses,Meta Ads,Leads,Interesses,Nordeste,Mobile,23423,409,17,3,2,927.66,1856.18,965.95
2025-07-11,MET-003,Publico Lookalike,Meta Ads,Leads,Semelhantes,Sudeste,Mobile,22180,437,25,4,4,890.21,3052.93,974.16
2025-07-11,LNK-001,Demo B2B,LinkedIn Ads,Leads,Decisores B2B,Sudeste,Mobile,8892,61,2,1,1,574.16,3359.07,714.42
2025-07-11,LNK-002,Webinar Executivo,LinkedIn Ads,Leads,Liderancas,Nordeste,Mobile,6896,79,13,3,2,630.35,6361.53,658.89
2025-07-11,TTK-001,Video Descoberta,TikTok Ads,Alcance,Publico jovem,Norte,Mobile,42313,855,25,3,3,939.64,1435.06,991.12
2025-07-11,TTK-002,Criadores e Reviews,TikTok Ads,Conversoes,Engajados,Norte,Mobile,30271,798,45,4,4,1212.05,2626.87,1349.24
2025-07-11,EML-001,Oferta Base Ativa,Email Marketing,Receita,Clientes ativos,Sudeste,Mobile,21253,2531,402,62,8,778.16,37383.52,883.2
2025-07-11,EML-002,Nutricao de Leads,Email Marketing,Conversoes,Leads em nutricao,Sul,Mobile,17553,1417,163,16,4,592.76,9452.7,627.6
2025-07-12,GGL-001,Pesquisa Marca,Google Ads,Conversoes,Alta intencao,Centro-Oeste,Desktop,3063,228,36,16,7,628.16,10802.16,952.56
2025-07-12,GGL-002,Pesquisa Generica,Google Ads,Conversoes,Intencao ampla,Nordeste,Tablet,5089,246,34,9,8,951.47,8089.65,1404.35
2025-07-12,GGL-003,Performance Max,Google Ads,Receita,Multicanal,Nordeste,Desktop,7702,185,15,4,3,676.16,2870.4,1114.07
2025-07-12,MET-001,Remarketing Social,Meta Ads,Conversoes,Visitantes do site,Sudeste,Mobile,12962,423,44,10,3,760.37,7341.51,1041.39
2025-07-12,MET-002,Prospeccao Interesses,Meta Ads,Leads,Interesses,Sul,Desktop,17298,295,15,1,1,582.4,624.85,965.95
2025-07-12,MET-003,Publico Lookalike,Meta Ads,Leads,Semelhantes,Sul,Desktop,16963,345,32,8,6,779.39,5416.26,974.16
2025-07-12,LNK-001,Demo B2B,LinkedIn Ads,Leads,Decisores B2B,Norte,Desktop,5903,56,10,2,2,517.5,7392.92,714.42
2025-07-12,LNK-002,Webinar Executivo,LinkedIn Ads,Leads,Liderancas,Sul,Desktop,4772,54,6,0,0,461.79,0.0,658.89
2025-07-12,TTK-001,Video Descoberta,TikTok Ads,Alcance,Publico jovem,Sul,Tablet,35232,633,29,2,2,752.77,800.58,991.12
2025-07-12,TTK-002,Criadores e Reviews,TikTok Ads,Conversoes,Engajados,Nordeste,Mobile,22129,580,29,4,4,848.22,2579.79,1349.24
2025-07-12,EML-001,Oferta Base Ativa,Email Marketing,Receita,Clientes ativos,Sul,Desktop,14331,1495,255,28,2,536.12,15674.19,883.2
2025-07-12,EML-002,Nutricao de Leads,Email Marketing,Conversoes,Leads em nutricao,Centro-Oeste,Mobile,14832,1130,133,10,1,509.64,6169.41,627.6
2025-07-13,GGL-001,Pesquisa Marca,Google Ads,Conversoes,Alta intencao,Sul,Mobile,3231,245,40,14,8,691.35,10721.4,952.56
2025-07-13,GGL-002,Pesquisa Generica,Google Ads,Conversoes,Intencao ampla,Sudeste,Mobile,5171,183,20,5,3,713.26,3822.0,1404.35
2025-07-13,GGL-003,Performance Max,Google Ads,Receita,Multicanal,Nordeste,Mobile,8837,215,13,4,2,717.52,3355.31,1114.07
2025-07-13,MET-001,Remarketing Social,Meta Ads,Conversoes,Visitantes do site,Sul,Mobile,14527,439,51,9,5,787.61,7140.71,1041.39
2025-07-13,MET-002,Prospeccao Interesses,Meta Ads,Leads,Interesses,Nordeste,Desktop,20308,285,20,2,2,603.47,1343.27,965.95
2025-07-13,MET-003,Publico Lookalike,Meta Ads,Leads,Semelhantes,Nordeste,Desktop,19018,376,29,6,3,754.27,4662.15,974.16
2025-07-13,LNK-001,Demo B2B,LinkedIn Ads,Leads,Decisores B2B,Sul,Desktop,5452,41,4,2,2,434.1,7202.02,714.42
2025-07-13,LNK-002,Webinar Executivo,LinkedIn Ads,Leads,Liderancas,Nordeste,Mobile,5145,53,5,0,0,435.64,0.0,658.89
2025-07-13,TTK-001,Video Descoberta,TikTok Ads,Alcance,Publico jovem,Sudeste,Desktop,24842,507,22,3,3,562.5,1076.4,991.12
2025-07-13,TTK-002,Criadores e Reviews,TikTok Ads,Conversoes,Engajados,Nordeste,Mobile,24101,580,41,3,3,869.24,1577.43,1349.24
2025-07-13,EML-001,Oferta Base Ativa,Email Marketing,Receita,Clientes ativos,Centro-Oeste,Tablet,16898,2136,354,45,5,651.56,21411.0,883.2
2025-07-13,EML-002,Nutricao de Leads,Email Marketing,Conversoes,Leads em nutricao,Sudeste,Mobile,13214,1145,169,12,4,478.78,7680.93,627.6
2025-07-14,GGL-001,Pesquisa Marca,Google Ads,Conversoes,Alta intencao,Sudeste,Mobile,3586,234,37,12,10,637.37,11476.7,952.56
2025-07-14,GGL-002,Pesquisa Generica,Google Ads,Conversoes,Intencao ampla,Centro-Oeste,Mobile,6234,266,30,8,8,1169.42,6456.3,1404.35
2025-07-14,GGL-003,Performance Max,Google Ads,Receita,Multicanal,Norte,Mobile,13372,363,31,7,6,1163.86,7164.33,1114.07
2025-07-14,MET-001,Remarketing Social,Meta Ads,Conversoes,Visitantes do site,Sudeste,Mobile,17933,473,50,6,2,830.41,4597.82,1041.39
2025-07-14,MET-002,Prospeccao Interesses,Meta Ads,Leads,Interesses,Sul,Mobile,17736,337,25,3,3,719.05,1614.6,965.95
2025-07-14,MET-003,Publico Lookalike,Meta Ads,Leads,Semelhantes,Nordeste,Mobile,25278,379,30,4,3,849.27,2941.33,974.16
2025-07-14,LNK-001,Demo B2B,LinkedIn Ads,Leads,Decisores B2B,Nordeste,Mobile,6631,67,6,0,0,674.69,0.0,714.42
2025-07-14,LNK-002,Webinar Executivo,LinkedIn Ads,Leads,Liderancas,Sudeste,Mobile,5852,64,9,1,1,535.85,2260.38,658.89
2025-07-14,TTK-001,Video Descoberta,TikTok Ads,Alcance,Publico jovem,Nordeste,Mobile,34422,762,25,1,1,821.99,434.14,991.12
2025-07-14,TTK-002,Criadores e Reviews,TikTok Ads,Conversoes,Engajados,Nordeste,Mobile,34087,945,44,4,3,1484.79,2333.32,1349.24
2025-07-14,EML-001,Oferta Base Ativa,Email Marketing,Receita,Clientes ativos,Nordeste,Desktop,27933,2516,486,49,6,910.26,31249.68,883.2
2025-07-14,EML-002,Nutricao de Leads,Email Marketing,Conversoes,Leads em nutricao,Sudeste,Desktop,15254,1516,207,13,5,556.68,8258.81,627.6
2025-07-15,GGL-001,Pesquisa Marca,Google Ads,Conversoes,Alta intencao,Norte,Desktop,4205,267,54,10,6,722.12,7430.85,952.56
2025-07-15,GGL-002,Pesquisa Generica,Google Ads,Conversoes,Intencao ampla,Sudeste,Desktop,5362,255,25,7,6,990.15,6066.62,1404.35
2025-07-15,GGL-003,Performance Max,Google Ads,Receita,Multicanal,Centro-Oeste,Mobile,10704,319,23,5,4,1013.18,4823.85,1114.07
2025-07-15,MET-001,Remarketing Social,Meta Ads,Conversoes,Visitantes do site,Sul,Mobile,16265,548,57,19,6,1052.05,11869.55,1041.39
2025-07-15,MET-002,Prospeccao Interesses,Meta Ads,Leads,Interesses,Sudeste,Mobile,24732,486,31,10,8,941.44,7128.61,965.95
2025-07-15,MET-003,Publico Lookalike,Meta Ads,Leads,Semelhantes,Norte,Mobile,18373,384,28,5,4,750.2,3285.58,974.16
2025-07-15,LNK-001,Demo B2B,LinkedIn Ads,Leads,Decisores B2B,Sudeste,Mobile,6745,64,3,1,1,604.09,3069.35,714.42
2025-07-15,LNK-002,Webinar Executivo,LinkedIn Ads,Leads,Liderancas,Sul,Mobile,6381,98,13,2,2,753.79,5860.36,658.89
2025-07-15,TTK-001,Video Descoberta,TikTok Ads,Alcance,Publico jovem,Sudeste,Mobile,32560,707,25,4,4,787.78,1894.03,991.12
2025-07-15,TTK-002,Criadores e Reviews,TikTok Ads,Conversoes,Engajados,Sul,Desktop,28109,652,34,8,8,1066.92,4292.24,1349.24
2025-07-15,EML-001,Oferta Base Ativa,Email Marketing,Receita,Clientes ativos,Sudeste,Desktop,26201,2785,548,46,3,902.52,25959.8,883.2
2025-07-15,EML-002,Nutricao de Leads,Email Marketing,Conversoes,Leads em nutricao,Nordeste,Mobile,15303,1221,112,10,6,528.16,6312.6,627.6
2025-07-16,GGL-001,Pesquisa Marca,Google Ads,Conversoes,Alta intencao,Sudeste,Mobile,4030,277,52,15,9,719.29,9945.0,952.56
2025-07-16,GGL-002,Pesquisa Generica,Google Ads,Conversoes,Intencao ampla,Nordeste,Mobile,6454,302,32,10,8,1272.74,9726.66,1404.35
2025-07-16,GGL-003,Performance Max,Google Ads,Receita,Multicanal,Sudeste,Desktop,12401,325,29,10,8,1066.3,8460.08,1114.07
2025-07-16,MET-001,Remarketing Social,Meta Ads,Conversoes,Visitantes do site,Sudeste,Mobile,16980,502,53,17,8,899.31,9560.82,1041.39
2025-07-16,MET-002,Prospeccao Interesses,Meta Ads,Leads,Interesses,Centro-Oeste,Desktop,14976,238,16,2,2,467.88,1681.65,965.95
2025-07-16,MET-003,Publico Lookalike,Meta Ads,Leads,Semelhantes,Nordeste,Mobile,14552,324,33,10,8,703.18,6696.26,974.16
2025-07-16,LNK-001,Demo B2B,LinkedIn Ads,Leads,Decisores B2B,Sudeste,Mobile,6842,60,8,0,0,553.34,0.0,714.42
2025-07-16,LNK-002,Webinar Executivo,LinkedIn Ads,Leads,Liderancas,Sudeste,Mobile,5762,73,13,3,3,555.42,7626.36,658.89
2025-07-16,TTK-001,Video Descoberta,TikTok Ads,Alcance,Publico jovem,Sul,Mobile,34262,705,16,1,1,774.49,409.95,991.12
2025-07-16,TTK-002,Criadores e Reviews,TikTok Ads,Conversoes,Engajados,Sudeste,Desktop,29924,797,29,3,3,1407.13,2006.46,1349.24
2025-07-16,EML-001,Oferta Base Ativa,Email Marketing,Receita,Clientes ativos,Sudeste,Mobile,20004,2738,507,44,3,773.88,30058.48,883.2
2025-07-16,EML-002,Nutricao de Leads,Email Marketing,Conversoes,Leads em nutricao,Sul,Mobile,18160,1461,151,12,7,609.3,8522.27,627.6
2025-07-17,GGL-001,Pesquisa Marca,Google Ads,Conversoes,Alta intencao,Sudeste,Mobile,4128,265,45,10,8,723.75,9313.95,952.56
2025-07-17,GGL-002,Pesquisa Generica,Google Ads,Conversoes,Intencao ampla,Sudeste,Desktop,5483,226,20,2,2,971.44,1529.11,1404.35
2025-07-17,GGL-003,Performance Max,Google Ads,Receita,Multicanal,Sudeste,Mobile,12279,308,24,6,6,1177.65,5129.26,1114.07
2025-07-17,MET-001,Remarketing Social,Meta Ads,Conversoes,Visitantes do site,Sul,Mobile,15551,458,60,15,10,797.9,8424.0,1041.39
2025-07-17,MET-002,Prospeccao Interesses,Meta Ads,Leads,Interesses,Sudeste,Mobile,23076,344,24,5,5,727.5,3364.19,965.95
2025-07-17,MET-003,Publico Lookalike,Meta Ads,Leads,Semelhantes,Sudeste,Desktop,24776,516,40,7,5,1094.83,4798.97,974.16
2025-07-17,LNK-001,Demo B2B,LinkedIn Ads,Leads,Decisores B2B,Centro-Oeste,Desktop,7983,53,8,1,1,541.79,3365.23,714.42
2025-07-17,LNK-002,Webinar Executivo,LinkedIn Ads,Leads,Liderancas,Centro-Oeste,Mobile,6237,70,5,0,0,578.94,0.0,658.89
2025-07-17,TTK-001,Video Descoberta,TikTok Ads,Alcance,Publico jovem,Sul,Mobile,37708,799,28,2,2,888.35,825.91,991.12
2025-07-17,TTK-002,Criadores e Reviews,TikTok Ads,Conversoes,Engajados,Nordeste,Mobile,31383,738,30,6,5,1177.37,3156.93,1349.24
2025-07-17,EML-001,Oferta Base Ativa,Email Marketing,Receita,Clientes ativos,Sudeste,Mobile,23246,2746,480,55,5,839.52,27370.68,883.2
2025-07-17,EML-002,Nutricao de Leads,Email Marketing,Conversoes,Leads em nutricao,Nordeste,Mobile,18179,1737,202,20,5,637.28,9984.0,627.6
2025-07-18,GGL-001,Pesquisa Marca,Google Ads,Conversoes,Alta intencao,Sudeste,Mobile,4144,289,45,12,8,844.3,7956.0,952.56
2025-07-18,GGL-002,Pesquisa Generica,Google Ads,Conversoes,Intencao ampla,Sul,Mobile,8460,275,28,10,8,1213.18,13500.92,1404.35
2025-07-18,GGL-003,Performance Max,Google Ads,Receita,Multicanal,Sudeste,Desktop,10471,254,19,6,5,839.02,5567.68,1114.07
2025-07-18,MET-001,Remarketing Social,Meta Ads,Conversoes,Visitantes do site,Nordeste,Mobile,18055,487,59,11,4,838.36,9590.45,1041.39
2025-07-18,MET-002,Prospeccao Interesses,Meta Ads,Leads,Interesses,Centro-Oeste,Mobile,24833,392,28,7,6,887.97,4566.43,965.95
2025-07-18,MET-003,Publico Lookalike,Meta Ads,Leads,Semelhantes,Nordeste,Desktop,25502,463,39,5,4,956.99,3997.15,974.16
2025-07-18,LNK-001,Demo B2B,LinkedIn Ads,Leads,Decisores B2B,Sudeste,Desktop,8284,54,3,0,0,533.01,0.0,714.42
2025-07-18,LNK-002,Webinar Executivo,LinkedIn Ads,Leads,Liderancas,Sul,Desktop,7157,59,7,1,1,514.84,2313.58,658.89
2025-07-18,TTK-001,Video Descoberta,TikTok Ads,Alcance,Publico jovem,Sudeste,Mobile,38509,770,27,2,2,837.15,1039.62,991.12
2025-07-18,TTK-002,Criadores e Reviews,TikTok Ads,Conversoes,Engajados,Centro-Oeste,Desktop,28517,649,37,3,2,938.57,1658.94,1349.24
2025-07-18,EML-001,Oferta Base Ativa,Email Marketing,Receita,Clientes ativos,Centro-Oeste,Mobile,19947,2177,403,31,4,716.64,20319.82,883.2
2025-07-18,EML-002,Nutricao de Leads,Email Marketing,Conversoes,Leads em nutricao,Sul,Desktop,18768,1538,228,23,10,629.16,13250.2,627.6
2025-07-19,GGL-001,Pesquisa Marca,Google Ads,Conversoes,Alta intencao,Sul,Mobile,3300,193,35,11,9,503.66,10868.34,952.56
2025-07-19,GGL-002,Pesquisa Generica,Google Ads,Conversoes,Intencao ampla,Sudeste,Mobile,5158,233,22,5,4,956.65,5823.86,1404.35
2025-07-19,GGL-003,Performance Max,Google Ads,Receita,Multicanal,Sul,Mobile,7993,244,16,2,2,842.39,1766.52,1114.07
2025-07-19,MET-001,Remarketing Social,Meta Ads,Conversoes,Visitantes do site,Sudeste,Mobile,13250,327,33,8,2,593.15,5507.8,1041.39
2025-07-19,MET-002,Prospeccao Interesses,Meta Ads,Leads,Interesses,Sul,Desktop,15708,266,22,3,3,629.24,1770.36,965.95
2025-07-19,MET-003,Publico Lookalike,Meta Ads,Leads,Semelhantes,Sudeste,Mobile,14815,350,35,11,10,725.62,8576.79,974.16
2025-07-19,LNK-001,Demo B2B,LinkedIn Ads,Leads,Decisores B2B,Sudeste,Mobile,4946,38,5,0,0,370.05,0.0,714.42
2025-07-19,LNK-002,Webinar Executivo,LinkedIn Ads,Leads,Liderancas,Centro-Oeste,Mobile,4281,50,6,2,2,415.98,5173.08,658.89
2025-07-19,TTK-001,Video Descoberta,TikTok Ads,Alcance,Publico jovem,Sudeste,Mobile,17073,348,15,1,1,379.84,505.42,991.12
2025-07-19,TTK-002,Criadores e Reviews,TikTok Ads,Conversoes,Engajados,Nordeste,Desktop,24199,609,42,5,5,899.82,2839.92,1349.24
2025-07-19,EML-001,Oferta Base Ativa,Email Marketing,Receita,Clientes ativos,Sudeste,Mobile,17994,2191,374,43,7,678.98,20880.02,883.2
2025-07-19,EML-002,Nutricao de Leads,Email Marketing,Conversoes,Leads em nutricao,Nordeste,Mobile,14718,1150,164,12,5,509.36,8662.06,627.6
2025-07-20,GGL-001,Pesquisa Marca,Google Ads,Conversoes,Alta intencao,Nordeste,Mobile,4021,294,35,12,10,822.79,10230.76,952.56
2025-07-20,GGL-002,Pesquisa Generica,Google Ads,Conversoes,Intencao ampla,Sudeste,Mobile,6259,283,29,9,9,1200.55,9609.39,1404.35
2025-07-20,GGL-003,Performance Max,Google Ads,Receita,Multicanal,Sudeste,Mobile,7167,133,15,3,3,413.01,2152.8,1114.07
2025-07-20,MET-001,Remarketing Social,Meta Ads,Conversoes,Visitantes do site,Sul,Desktop,13642,422,51,12,5,747.26,10769.2,1041.39
2025-07-20,MET-002,Prospeccao Interesses,Meta Ads,Leads,Interesses,Sudeste,Desktop,20628,385,31,4,4,840.01,2888.12,965.95
2025-07-20,MET-003,Publico Lookalike,Meta Ads,Leads,Semelhantes,Sudeste,Mobile,14398,316,18,1,1,612.89,812.4,974.16
2025-07-20,LNK-001,Demo B2B,LinkedIn Ads,Leads,Decisores B2B,Sul,Mobile,6292,53,5,2,2,552.93,7030.21,714.42
2025-07-20,LNK-002,Webinar Executivo,LinkedIn Ads,Leads,Liderancas,Sul,Mobile,3900,56,11,2,2,474.61,5177.49,658.89
2025-07-20,TTK-001,Video Descoberta,TikTok Ads,Alcance,Publico jovem,Nordeste,Mobile,21262,384,16,1,1,479.19,524.5,991.12
2025-07-20,TTK-002,Criadores e Reviews,TikTok Ads,Conversoes,Engajados,Nordeste,Mobile,23031,572,23,4,3,950.19,2087.11,1349.24
2025-07-20,EML-001,Oferta Base Ativa,Email Marketing,Receita,Clientes ativos,Sul,Desktop,17605,2317,378,50,5,683.8,25643.34,883.2
2025-07-20,EML-002,Nutricao de Leads,Email Marketing,Conversoes,Leads em nutricao,Nordeste,Mobile,15833,1199,204,14,8,536.56,7459.57,627.6
2025-07-21,GGL-001,Pesquisa Marca,Google Ads,Conversoes,Alta intencao,Sul,Desktop,3473,289,46,15,9,852.18,12116.13,952.56
2025-07-21,GGL-002,Pesquisa Generica,Google Ads,Conversoes,Intencao ampla,Sul,Mobile,7934,330,37,8,7,1478.94,6115.2,1404.35
2025-07-21,GGL-003,Performance Max,Google Ads,Receita,Multicanal,Sudeste,Desktop,9295,228,16,6,4,798.24,5746.81,1114.07
2025-07-21,MET-001,Remarketing Social,Meta Ads,Conversoes,Visitantes do site,Sudeste,Desktop,16276,446,53,8,4,764.57,5626.21,1041.39
2025-07-21,MET-002,Prospeccao Interesses,Meta Ads,Leads,Interesses,Centro-Oeste,Mobile,22851,371,35,5,5,801.99,3532.69,965.95
2025-07-21,MET-003,Publico Lookalike,Meta Ads,Leads,Semelhantes,Nordeste,Tablet,17866,379,35,7,5,783.92,5608.54,974.16
2025-07-21,LNK-001,Demo B2B,LinkedIn Ads,Leads,Decisores B2B,Nordeste,Mobile,7453,60,9,2,1,552.55,7601.15,714.42
2025-07-21,LNK-002,Webinar Executivo,LinkedIn Ads,Leads,Liderancas,Sudeste,Mobile,6463,80,14,1,1,613.77,2215.81,658.89
2025-07-21,TTK-001,Video Descoberta,TikTok Ads,Alcance,Publico jovem,Nordeste,Mobile,32120,773,33,6,6,831.96,2152.8,991.12
2025-07-21,TTK-002,Criadores e Reviews,TikTok Ads,Conversoes,Engajados,Centro-Oeste,Mobile,26111,561,27,4,4,757.78,1926.36,1349.24
2025-07-21,EML-001,Oferta Base Ativa,Email Marketing,Receita,Clientes ativos,Centro-Oeste,Desktop,19746,2642,453,61,9,759.12,35706.78,883.2
2025-07-21,EML-002,Nutricao de Leads,Email Marketing,Conversoes,Leads em nutricao,Sudeste,Mobile,14125,1218,158,15,6,504.3,8112.36,627.6
2025-07-22,GGL-001,Pesquisa Marca,Google Ads,Conversoes,Alta intencao,Centro-Oeste,Mobile,5654,403,69,24,13,1063.98,21695.91,952.56
2025-07-22,GGL-002,Pesquisa Generica,Google Ads,Conversoes,Intencao ampla,Sul,Mobile,7205,317,29,3,3,1329.01,2702.39,1404.35
2025-07-22,GGL-003,Performance Max,Google Ads,Receita,Multicanal,Sudeste,Mobile,10512,255,18,2,1,870.33,1990.63,1114.07
2025-07-22,MET-001,Remarketing Social,Meta Ads,Conversoes,Visitantes do site,Centro-Oeste,Mobile,12055,295,25,4,0,511.45,3037.87,1041.39
2025-07-22,MET-002,Prospeccao Interesses,Meta Ads,Leads,Interesses,Sudeste,Mobile,20527,311,23,4,3,646.44,3054.79,965.95
2025-07-22,MET-003,Publico Lookalike,Meta Ads,Leads,Semelhantes,Sul,Mobile,19093,339,34,3,3,672.21,2011.19,974.16
2025-07-22,LNK-001,Demo B2B,LinkedIn Ads,Leads,Decisores B2B,Sul,Desktop,7837,61,11,0,0,592.03,0.0,714.42
2025-07-22,LNK-002,Webinar Executivo,LinkedIn Ads,Leads,Liderancas,Sul,Mobile,5537,63,9,0,0,512.18,0.0,658.89
2025-07-22,TTK-001,Video Descoberta,TikTok Ads,Alcance,Publico jovem,Norte,Mobile,37427,756,26,2,2,941.98,1157.26,991.12
2025-07-22,TTK-002,Criadores e Reviews,TikTok Ads,Conversoes,Engajados,Nordeste,Mobile,30231,806,52,6,5,1178.98,3528.39,1349.24
2025-07-22,EML-001,Oferta Base Ativa,Email Marketing,Receita,Clientes ativos,Sul,Mobile,25804,2566,505,68,9,872.68,46473.99,883.2
2025-07-22,EML-002,Nutricao de Leads,Email Marketing,Conversoes,Leads em nutricao,Centro-Oeste,Desktop,14528,1234,97,5,4,513.96,3643.95,627.6
2025-07-23,GGL-001,Pesquisa Marca,Google Ads,Conversoes,Alta intencao,Sul,Desktop,4028,261,50,21,11,700.99,19532.17,952.56
2025-07-23,GGL-002,Pesquisa Generica,Google Ads,Conversoes,Intencao ampla,Sudeste,Desktop,7339,343,33,8,7,1478.86,8567.65,1404.35
2025-07-23,GGL-003,Performance Max,Google Ads,Receita,Multicanal,Sul,Mobile,11604,270,22,3,2,863.53,2853.32,1114.07
2025-07-23,MET-001,Remarketing Social,Meta Ads,Conversoes,Visitantes do site,Sul,Mobile,19125,492,63,25,11,885.41,18656.22,1041.39
2025-07-23,MET-002,Prospeccao Interesses,Meta Ads,Leads,Interesses,Nordeste,Desktop,22249,366,34,4,4,846.25,2925.01,965.95
2025-07-23,MET-003,Publico Lookalike,Meta Ads,Leads,Semelhantes,Nordeste,Tablet,19115,419,39,6,5,864.93,4346.66,974.16
2025-07-23,LNK-001,Demo B2B,LinkedIn Ads,Leads,Decisores B2B,Norte,Mobile,9134,75,4,0,0,753.92,0.0,714.42
2025-07-23,LNK-002,Webinar Executivo,LinkedIn Ads,Leads,Liderancas,Sul,Mobile,6117,80,11,1,1,628.31,2234.25,658.89
2025-07-23,TTK-001,Video Descoberta,TikTok Ads,Alcance,Publico jovem,Sudeste,Mobile,42764,762,28,4,3,813.82,1480.8,991.12
2025-07-23,TTK-002,Criadores e Reviews,TikTok Ads,Conversoes,Engajados,Nordeste,Desktop,26704,623,35,2,1,857.17,1023.45,1349.24
2025-07-23,EML-001,Oferta Base Ativa,Email Marketing,Receita,Clientes ativos,Nordeste,Mobile,18961,2370,388,55,3,716.22,33284.08,883.2
2025-07-23,EML-002,Nutricao de Leads,Email Marketing,Conversoes,Leads em nutricao,Sul,Mobile,20956,1629,188,12,2,682.02,7967.97,627.6
2025-07-24,GGL-001,Pesquisa Marca,Google Ads,Conversoes,Alta intencao,Centro-Oeste,Desktop,3747,287,41,16,10,904.98,14398.93,952.56
2025-07-24,GGL-002,Pesquisa Generica,Google Ads,Conversoes,Intencao ampla,Centro-Oeste,Mobile,7037,301,23,4,2,1147.82,4297.68,1404.35
2025-07-24,GGL-003,Performance Max,Google Ads,Receita,Multicanal,Sudeste,Desktop,11096,247,19,10,10,793.24,9267.44,1114.07
2025-07-24,MET-001,Remarketing Social,Meta Ads,Conversoes,Visitantes do site,Nordeste,Mobile,17309,524,43,9,5,994.86,6087.84,1041.39
2025-07-24,MET-002,Prospeccao Interesses,Meta Ads,Leads,Interesses,Sudeste,Mobile,24973,324,29,5,3,738.4,3314.03,965.95
2025-07-24,MET-003,Publico Lookalike,Meta Ads,Leads,Semelhantes,Sudeste,Mobile,18338,358,35,6,5,823.47,4083.76,974.16
2025-07-24,LNK-001,Demo B2B,LinkedIn Ads,Leads,Decisores B2B,Nordeste,Mobile,8560,84,10,1,0,907.81,2876.18,714.42
2025-07-24,LNK-002,Webinar Executivo,LinkedIn Ads,Leads,Liderancas,Nordeste,Desktop,5055,57,7,2,2,479.67,5303.17,658.89
2025-07-24,TTK-001,Video Descoberta,TikTok Ads,Alcance,Publico jovem,Centro-Oeste,Mobile,34149,722,10,0,0,791.93,0.0,991.12
2025-07-24,TTK-002,Criadores e Reviews,TikTok Ads,Conversoes,Engajados,Nordeste,Mobile,33606,996,48,7,7,1485.65,3733.12,1349.24
2025-07-24,EML-001,Oferta Base Ativa,Email Marketing,Receita,Clientes ativos,Sudeste,Mobile,22779,2593,393,55,4,814.88,29623.37,883.2
2025-07-24,EML-002,Nutricao de Leads,Email Marketing,Conversoes,Leads em nutricao,Sudeste,Mobile,16786,1641,202,16,6,599.82,7987.2,627.6
2025-07-25,GGL-001,Pesquisa Marca,Google Ads,Conversoes,Alta intencao,Sul,Mobile,4110,273,59,19,13,775.32,17816.85,952.56
2025-07-25,GGL-002,Pesquisa Generica,Google Ads,Conversoes,Intencao ampla,Sul,Desktop,6853,287,28,8,5,1167.47,7905.26,1404.35
2025-07-25,GGL-003,Performance Max,Google Ads,Receita,Multicanal,Sul,Desktop,10478,240,24,4,4,820.57,4235.81,1114.07
2025-07-25,MET-001,Remarketing Social,Meta Ads,Conversoes,Visitantes do site,Nordeste,Mobile,18186,446,56,15,11,779.01,11264.51,1041.39
2025-07-25,MET-002,Prospeccao Interesses,Meta Ads,Leads,Interesses,Sul,Mobile,22212,352,25,6,6,748.6,3817.52,965.95
2025-07-25,MET-003,Publico Lookalike,Meta Ads,Leads,Semelhantes,Sudeste,Mobile,21532,391,27,4,4,882.49,3289.32,974.16
2025-07-25,LNK-001,Demo B2B,LinkedIn Ads,Leads,Decisores B2B,Sudeste,Mobile,7163,84,7,1,1,899.33,2852.46,714.42
2025-07-25,LNK-002,Webinar Executivo,LinkedIn Ads,Leads,Liderancas,Norte,Mobile,6372,89,16,2,2,735.0,4946.63,658.89
2025-07-25,TTK-001,Video Descoberta,TikTok Ads,Alcance,Publico jovem,Sudeste,Mobile,42588,939,32,5,5,1092.07,2298.62,991.12
2025-07-25,TTK-002,Criadores e Reviews,TikTok Ads,Conversoes,Engajados,Nordeste,Desktop,26657,684,28,0,0,988.88,0.0,1349.24
2025-07-25,EML-001,Oferta Base Ativa,Email Marketing,Receita,Clientes ativos,Nordeste,Mobile,21267,1986,328,51,6,723.94,33666.67,883.2
2025-07-25,EML-002,Nutricao de Leads,Email Marketing,Conversoes,Leads em nutricao,Sudeste,Mobile,15250,1136,100,9,5,518.6,4810.46,627.6
2025-07-26,GGL-001,Pesquisa Marca,Google Ads,Conversoes,Alta intencao,Nordeste,Desktop,3144,258,41,16,14,764.18,13155.08,952.56
2025-07-26,GGL-002,Pesquisa Generica,Google Ads,Conversoes,Intencao ampla,Sudeste,Mobile,5518,238,31,7,7,992.74,7347.86,1404.35
2025-07-26,GGL-003,Performance Max,Google Ads,Receita,Multicanal,Nordeste,Mobile,10363,327,24,2,2,1068.12,1762.79,1114.07
2025-07-26,MET-001,Remarketing Social,Meta Ads,Conversoes,Visitantes do site,Nordeste,Desktop,14520,433,44,18,8,722.41,12525.61,1041.39
2025-07-26,MET-002,Prospeccao Interesses,Meta Ads,Leads,Interesses,Sudeste,Desktop,19867,300,17,1,1,674.68,639.07,965.95
2025-07-26,MET-003,Publico Lookalike,Meta Ads,Leads,Semelhantes,Sudeste,Desktop,15517,262,18,4,3,536.75,2419.06,974.16
2025-07-26,LNK-001,Demo B2B,LinkedIn Ads,Leads,Decisores B2B,Sudeste,Mobile,6343,52,7,1,1,525.97,3605.29,714.42
2025-07-26,LNK-002,Webinar Executivo,LinkedIn Ads,Leads,Liderancas,Sudeste,Desktop,4678,47,8,0,0,373.57,0.0,658.89
2025-07-26,TTK-001,Video Descoberta,TikTok Ads,Alcance,Publico jovem,Centro-Oeste,Mobile,27249,579,23,2,2,730.13,838.63,991.12
2025-07-26,TTK-002,Criadores e Reviews,TikTok Ads,Conversoes,Engajados,Sudeste,Mobile,24541,609,27,3,1,911.54,1925.77,1349.24
2025-07-26,EML-001,Oferta Base Ativa,Email Marketing,Receita,Clientes ativos,Sudeste,Mobile,17079,2102,334,35,5,651.78,25368.81,883.2
2025-07-26,EML-002,Nutricao de Leads,Email Marketing,Conversoes,Leads em nutricao,Sudeste,Desktop,10549,844,118,10,4,395.38,7194.27,627.6
2025-07-27,GGL-001,Pesquisa Marca,Google Ads,Conversoes,Alta intencao,Nordeste,Mobile,3102,246,33,10,5,668.52,8087.1,952.56
2025-07-27,GGL-002,Pesquisa Generica,Google Ads,Conversoes,Intencao ampla,Sudeste,Mobile,4491,230,28,7,5,941.65,7139.42,1404.35
2025-07-27,GGL-003,Performance Max,Google Ads,Receita,Multicanal,Sul,Tablet,7377,194,4,0,0,596.31,0.0,1114.07
2025-07-27,MET-001,Remarketing Social,Meta Ads,Conversoes,Visitantes do site,Sudeste,Desktop,14238,407,42,14,7,594.02,8316.54,1041.39
2025-07-27,MET-002,Prospeccao Interesses,Meta Ads,Leads,Interesses,Sul,Mobile,22737,390,33,6,5,819.41,3742.95,965.95
2025-07-27,MET-003,Publico Lookalike,Meta Ads,Leads,Semelhantes,Nordeste,Mobile,14908,256,24,6,6,504.49,3322.8,974.16
2025-07-27,LNK-001,Demo B2B,LinkedIn Ads,Leads,Decisores B2B,Nordeste,Desktop,5612,36,3,2,2,349.02,5261.23,714.42
2025-07-27,LNK-002,Webinar Executivo,LinkedIn Ads,Leads,Liderancas,Nordeste,Desktop,6001,71,10,2,2,696.76,5593.2,658.89
2025-07-27,TTK-001,Video Descoberta,TikTok Ads,Alcance,Publico jovem,Sul,Desktop,27993,583,24,0,0,658.65,0.0,991.12
2025-07-27,TTK-002,Criadores e Reviews,TikTok Ads,Conversoes,Engajados,Sudeste,Mobile,21168,651,39,4,3,1072.6,1944.3,1349.24
2025-07-27,EML-001,Oferta Base Ativa,Email Marketing,Receita,Clientes ativos,Sul,Mobile,21600,2646,511,68,13,796.6,40617.1,883.2
2025-07-27,EML-002,Nutricao de Leads,Email Marketing,Conversoes,Leads em nutricao,Sul,Mobile,15046,1135,171,16,9,514.42,11042.99,627.6
2025-07-28,GGL-001,Pesquisa Marca,Google Ads,Conversoes,Alta intencao,Sudeste,Desktop,4202,281,37,13,10,775.68,12099.07,952.56
2025-07-28,GGL-002,Pesquisa Generica,Google Ads,Conversoes,Intencao ampla,Sudeste,Desktop,6530,276,24,6,5,1313.3,4832.15,1404.35
2025-07-28,GGL-003,Performance Max,Google Ads,Receita,Multicanal,Nordeste,Desktop,10599,275,25,8,7,834.32,6533.38,1114.07
2025-07-28,MET-001,Remarketing Social,Meta Ads,Conversoes,Visitantes do site,Sul,Desktop,17566,554,56,15,7,988.63,8424.0,1041.39
2025-07-28,MET-002,Prospeccao Interesses,Meta Ads,Leads,Interesses,Nordeste,Mobile,24043,374,25,7,6,779.69,5302.32,965.95
2025-07-28,MET-003,Publico Lookalike,Meta Ads,Leads,Semelhantes,Nordeste,Mobile,16511,310,39,6,4,624.69,4698.87,974.16
2025-07-28,LNK-001,Demo B2B,LinkedIn Ads,Leads,Decisores B2B,Sudeste,Mobile,7862,82,8,1,1,756.8,3660.77,714.42
2025-07-28,LNK-002,Webinar Executivo,LinkedIn Ads,Leads,Liderancas,Nordeste,Desktop,6044,54,5,0,0,405.1,0.0,658.89
2025-07-28,TTK-001,Video Descoberta,TikTok Ads,Alcance,Publico jovem,Sudeste,Mobile,33405,813,36,4,4,841.66,1795.46,991.12
2025-07-28,TTK-002,Criadores e Reviews,TikTok Ads,Conversoes,Engajados,Norte,Mobile,30319,765,36,5,4,1162.99,2850.73,1349.24
2025-07-28,EML-001,Oferta Base Ativa,Email Marketing,Receita,Clientes ativos,Sudeste,Mobile,26791,2459,422,59,4,881.72,28072.2,883.2
2025-07-28,EML-002,Nutricao de Leads,Email Marketing,Conversoes,Leads em nutricao,Sudeste,Mobile,17336,1381,163,15,8,584.82,9803.4,627.6
2025-07-29,GGL-001,Pesquisa Marca,Google Ads,Conversoes,Alta intencao,Nordeste,Mobile,3649,256,47,16,13,724.31,14037.26,952.56
2025-07-29,GGL-002,Pesquisa Generica,Google Ads,Conversoes,Intencao ampla,Sudeste,Mobile,5189,224,32,9,7,945.7,10451.21,1404.35
2025-07-29,GGL-003,Performance Max,Google Ads,Receita,Multicanal,Sudeste,Desktop,11617,323,34,5,5,1095.82,4244.28,1114.07
2025-07-29,MET-001,Remarketing Social,Meta Ads,Conversoes,Visitantes do site,Centro-Oeste,Mobile,19205,512,53,21,12,869.3,14579.23,1041.39
2025-07-29,MET-002,Prospeccao Interesses,Meta Ads,Leads,Interesses,Sudeste,Mobile,27567,445,26,5,4,1074.99,2908.59,965.95
2025-07-29,MET-003,Publico Lookalike,Meta Ads,Leads,Semelhantes,Sudeste,Mobile,22860,492,58,9,8,1037.33,5435.02,974.16
2025-07-29,LNK-001,Demo B2B,LinkedIn Ads,Leads,Decisores B2B,Centro-Oeste,Mobile,8475,76,8,2,2,792.47,7342.77,714.42
2025-07-29,LNK-002,Webinar Executivo,LinkedIn Ads,Leads,Liderancas,Sudeste,Mobile,6334,88,15,0,0,736.08,0.0,658.89
2025-07-29,TTK-001,Video Descoberta,TikTok Ads,Alcance,Publico jovem,Sudeste,Desktop,34832,899,33,4,4,1108.22,1868.06,991.12
2025-07-29,TTK-002,Criadores e Reviews,TikTok Ads,Conversoes,Engajados,Nordeste,Mobile,33048,764,41,7,7,1150.97,4187.92,1349.24
2025-07-29,EML-001,Oferta Base Ativa,Email Marketing,Receita,Clientes ativos,Sudeste,Mobile,21946,2677,477,65,8,806.62,31838.99,883.2
2025-07-29,EML-002,Nutricao de Leads,Email Marketing,Conversoes,Leads em nutricao,Sudeste,Mobile,16787,1519,172,11,5,587.64,5877.62,627.6
2025-07-30,GGL-001,Pesquisa Marca,Google Ads,Conversoes,Alta intencao,Sudeste,Mobile,4437,277,44,16,13,711.05,13539.08,952.56
2025-07-30,GGL-002,Pesquisa Generica,Google Ads,Conversoes,Intencao ampla,Sudeste,Desktop,6797,290,27,5,4,1189.22,4148.27,1404.35
2025-07-30,GGL-003,Performance Max,Google Ads,Receita,Multicanal,Sul,Mobile,9676,254,24,3,3,910.42,2590.83,1114.07
2025-07-30,MET-001,Remarketing Social,Meta Ads,Conversoes,Visitantes do site,Sul,Mobile,19508,628,68,21,9,1043.66,14500.54,1041.39
2025-07-30,MET-002,Prospeccao Interesses,Meta Ads,Leads,Interesses,Sudeste,Desktop,27870,473,32,4,3,1033.64,3120.61,965.95
2025-07-30,MET-003,Publico Lookalike,Meta Ads,Leads,Semelhantes,Sudeste,Mobile,21480,389,37,13,11,815.28,8918.17,974.16
2025-07-30,LNK-001,Demo B2B,LinkedIn Ads,Leads,Decisores B2B,Sudeste,Mobile,7416,65,10,2,2,632.27,7388.64,714.42
2025-07-30,LNK-002,Webinar Executivo,LinkedIn Ads,Leads,Liderancas,Sudeste,Mobile,5942,68,9,2,2,544.76,5531.04,658.89
2025-07-30,TTK-001,Video Descoberta,TikTok Ads,Alcance,Publico jovem,Sul,Mobile,39921,774,23,2,2,1016.82,922.45,991.12
2025-07-30,TTK-002,Criadores e Reviews,TikTok Ads,Conversoes,Engajados,Sudeste,Mobile,34928,899,49,3,3,1334.6,1680.58,1349.24
2025-07-30,EML-001,Oferta Base Ativa,Email Marketing,Receita,Clientes ativos,Sudeste,Mobile,24388,2869,458,43,9,874.66,31727.22,883.2
2025-07-30,EML-002,Nutricao de Leads,Email Marketing,Conversoes,Leads em nutricao,Sudeste,Desktop,19946,1340,178,16,8,632.92,12276.8,627.6
2025-07-31,GGL-001,Pesquisa Marca,Google Ads,Conversoes,Alta intencao,Nordeste,Mobile,4956,310,43,12,8,876.7,10194.64,952.56
2025-07-31,GGL-002,Pesquisa Generica,Google Ads,Conversoes,Intencao ampla,Sudeste,Mobile,6306,283,41,6,5,981.42,6543.6,1404.35
2025-07-31,GGL-003,Performance Max,Google Ads,Receita,Multicanal,Nordeste,Desktop,12848,290,22,2,0,924.76,1998.72,1114.07
2025-07-31,MET-001,Remarketing Social,Meta Ads,Conversoes,Visitantes do site,Sudeste,Desktop,15178,456,51,7,2,697.79,5402.92,1041.39
2025-07-31,MET-002,Prospeccao Interesses,Meta Ads,Leads,Interesses,Sudeste,Mobile,25687,438,31,5,5,918.39,3684.58,965.95
2025-07-31,MET-003,Publico Lookalike,Meta Ads,Leads,Semelhantes,Sul,Mobile,21907,422,46,13,12,899.66,9328.27,974.16
2025-07-31,LNK-001,Demo B2B,LinkedIn Ads,Leads,Decisores B2B,Sudeste,Mobile,7221,67,5,3,3,679.17,9224.52,714.42
2025-07-31,LNK-002,Webinar Executivo,LinkedIn Ads,Leads,Liderancas,Nordeste,Desktop,5578,47,9,1,1,344.2,2722.58,658.89
2025-07-31,TTK-001,Video Descoberta,TikTok Ads,Alcance,Publico jovem,Norte,Mobile,33892,734,24,5,4,954.69,2391.43,991.12
2025-07-31,TTK-002,Criadores e Reviews,TikTok Ads,Conversoes,Engajados,Sul,Desktop,27641,724,29,2,2,1189.63,1221.82,1349.24
2025-07-31,EML-001,Oferta Base Ativa,Email Marketing,Receita,Clientes ativos,Sudeste,Mobile,20532,2771,473,48,2,787.74,30902.18,883.2
2025-07-31,EML-002,Nutricao de Leads,Email Marketing,Conversoes,Leads em nutricao,Sul,Mobile,17737,1388,165,20,6,593.54,12168.04,627.6
2025-08-01,GGL-001,Pesquisa Marca,Google Ads,Conversoes,Alta intencao,Sudeste,Mobile,4217,284,24,7,5,829.97,6348.87,952.56
2025-08-01,GGL-002,Pesquisa Generica,Google Ads,Conversoes,Intencao ampla,Centro-Oeste,Desktop,6471,307,41,13,10,1249.62,11563.5,1404.35
2025-08-01,GGL-003,Performance Max,Google Ads,Receita,Multicanal,Sul,Mobile,11138,307,27,7,6,1070.74,6722.09,1114.07
2025-08-01,MET-001,Remarketing Social,Meta Ads,Conversoes,Visitantes do site,Sudeste,Mobile,18412,468,60,18,7,782.53,14420.71,1041.39
2025-08-01,MET-002,Prospeccao Interesses,Meta Ads,Leads,Interesses,Norte,Mobile,33004,548,37,4,4,1217.85,2914.78,965.95
2025-08-01,MET-003,Publico Lookalike,Meta Ads,Leads,Semelhantes,Sudeste,Mobile,21491,399,50,9,7,817.98,6070.17,974.16
2025-08-01,LNK-001,Demo B2B,LinkedIn Ads,Leads,Decisores B2B,Nordeste,Desktop,6940,63,10,1,1,562.68,3478.97,714.42
2025-08-01,LNK-002,Webinar Executivo,LinkedIn Ads,Leads,Liderancas,Nordeste,Desktop,6524,86,19,0,0,727.49,0.0,658.89
2025-08-01,TTK-001,Video Descoberta,TikTok Ads,Alcance,Publico jovem,Sudeste,Mobile,40744,806,35,4,4,790.49,2316.62,991.12
2025-08-01,TTK-002,Criadores e Reviews,TikTok Ads,Conversoes,Engajados,Nordeste,Mobile,29605,774,39,3,3,1243.06,1595.59,1349.24
2025-08-01,EML-001,Oferta Base Ativa,Email Marketing,Receita,Clientes ativos,Sul,Desktop,21384,2750,501,63,7,802.68,39211.93,883.2
2025-08-01,EML-002,Nutricao de Leads,Email Marketing,Conversoes,Leads em nutricao,Nordeste,Mobile,21810,1787,183,17,7,714.9,10801.1,627.6
2025-08-02,GGL-001,Pesquisa Marca,Google Ads,Conversoes,Alta intencao,Sul,Mobile,3234,205,41,11,7,563.16,9155.72,952.56
2025-08-02,GGL-002,Pesquisa Generica,Google Ads,Conversoes,Intencao ampla,Sudeste,Desktop,5530,224,15,3,2,1013.18,3370.14,1404.35
2025-08-02,GGL-003,Performance Max,Google Ads,Receita,Multicanal,Sudeste,Mobile,8688,217,7,0,0,699.37,0.0,1114.07
2025-08-02,MET-001,Remarketing Social,Meta Ads,Conversoes,Visitantes do site,Sul,Mobile,14890,395,51,19,10,726.5,12805.25,1041.39
2025-08-02,MET-002,Prospeccao Interesses,Meta Ads,Leads,Interesses,Nordeste,Mobile,16716,250,19,1,1,555.84,839.2,965.95
2025-08-02,MET-003,Publico Lookalike,Meta Ads,Leads,Semelhantes,Nordeste,Desktop,17045,365,33,11,8,721.58,6091.8,974.16
2025-08-02,LNK-001,Demo B2B,LinkedIn Ads,Leads,Decisores B2B,Sul,Desktop,5523,42,4,1,1,431.9,3608.61,714.42
2025-08-02,LNK-002,Webinar Executivo,LinkedIn Ads,Leads,Liderancas,Sudeste,Mobile,4855,61,11,1,0,487.71,2286.16,658.89
2025-08-02,TTK-001,Video Descoberta,TikTok Ads,Alcance,Publico jovem,Sudeste,Desktop,33558,733,25,3,3,909.42,1475.59,991.12
2025-08-02,TTK-002,Criadores e Reviews,TikTok Ads,Conversoes,Engajados,Nordeste,Desktop,20818,520,11,3,3,730.42,1947.9,1349.24
2025-08-02,EML-001,Oferta Base Ativa,Email Marketing,Receita,Clientes ativos,Norte,Mobile,21569,2576,489,60,6,788.98,44137.93,883.2
2025-08-02,EML-002,Nutricao de Leads,Email Marketing,Conversoes,Leads em nutricao,Sudeste,Desktop,11993,954,114,6,2,435.26,3061.7,627.6
2025-08-03,GGL-001,Pesquisa Marca,Google Ads,Conversoes,Alta intencao,Nordeste,Desktop,3663,321,62,18,15,867.7,18120.03,952.56
2025-08-03,GGL-002,Pesquisa Generica,Google Ads,Conversoes,Intencao ampla,Norte,Mobile,4930,208,27,7,6,923.39,7469.46,1404.35
2025-08-03,GGL-003,Performance Max,Google Ads,Receita,Multicanal,Centro-Oeste,Mobile,11232,317,18,4,3,945.12,3025.7,1114.07
2025-08-03,MET-001,Remarketing Social,Meta Ads,Conversoes,Visitantes do site,Sudeste,Mobile,10764,281,27,8,1,501.6,5503.56,1041.39
2025-08-03,MET-002,Prospeccao Interesses,Meta Ads,Leads,Interesses,Sudeste,Mobile,19960,403,31,6,6,972.99,3681.78,965.95
2025-08-03,MET-003,Publico Lookalike,Meta Ads,Leads,Semelhantes,Nordeste,Mobile,18134,409,36,7,6,780.97,4364.22,974.16
2025-08-03,LNK-001,Demo B2B,LinkedIn Ads,Leads,Decisores B2B,Sudeste,Desktop,5822,39,4,3,3,370.71,11157.09,714.42
2025-08-03,LNK-002,Webinar Executivo,LinkedIn Ads,Leads,Liderancas,Norte,Mobile,4050,30,5,2,2,234.91,5145.6,658.89
2025-08-03,TTK-001,Video Descoberta,TikTok Ads,Alcance,Publico jovem,Nordeste,Mobile,26917,609,29,6,5,629.66,3126.3,991.12
2025-08-03,TTK-002,Criadores e Reviews,TikTok Ads,Conversoes,Engajados,Sudeste,Desktop,26454,633,26,2,2,1059.96,868.58,1349.24
2025-08-03,EML-001,Oferta Base Ativa,Email Marketing,Receita,Clientes ativos,Sudeste,Mobile,19265,2338,466,58,9,719.1,29880.26,883.2
2025-08-03,EML-002,Nutricao de Leads,Email Marketing,Conversoes,Leads em nutricao,Nordeste,Desktop,15041,1184,175,9,2,519.22,4899.42,627.6
2025-08-04,GGL-001,Pesquisa Marca,Google Ads,Conversoes,Alta intencao,Nordeste,Mobile,4565,305,48,18,12,859.22,14262.82,952.56
2025-08-04,GGL-002,Pesquisa Generica,Google Ads,Conversoes,Intencao ampla,Sul,Desktop,6860,275,20,5,3,1162.97,4602.56,1404.35
2025-08-04,GGL-003,Performance Max,Google Ads,Receita,Multicanal,Sudeste,Mobile,9797,287,23,6,4,1040.74,5831.64,1114.07
2025-08-04,MET-001,Remarketing Social,Meta Ads,Conversoes,Visitantes do site,Sudeste,Tablet,21361,624,83,20,11,1175.52,14504.73,1041.39
2025-08-04,MET-002,Prospeccao Interesses,Meta Ads,Leads,Interesses,Nordeste,Mobile,29261,442,30,5,4,982.2,3796.92,965.95
2025-08-04,MET-003,Publico Lookalike,Meta Ads,Leads,Semelhantes,Sudeste,Mobile,23791,396,37,6,5,788.65,3542.81,974.16
2025-08-04,LNK-001,Demo B2B,LinkedIn Ads,Leads,Decisores B2B,Norte,Mobile,7259,46,6,1,1,424.4,3517.37,714.42
2025-08-04,LNK-002,Webinar Executivo,LinkedIn Ads,Leads,Liderancas,Sudeste,Desktop,6516,66,7,2,2,555.41,5495.14,658.89
2025-08-04,TTK-001,Video Descoberta,TikTok Ads,Alcance,Publico jovem,Sul,Mobile,45913,872,37,4,4,1034.5,1763.47,991.12
2025-08-04,TTK-002,Criadores e Reviews,TikTok Ads,Conversoes,Engajados,Sul,Desktop,32765,938,55,7,7,1417.59,3640.79,1349.24
2025-08-04,EML-001,Oferta Base Ativa,Email Marketing,Receita,Clientes ativos,Sudeste,Desktop,28569,2716,455,45,7,942.98,27736.44,883.2
2025-08-04,EML-002,Nutricao de Leads,Email Marketing,Conversoes,Leads em nutricao,Sul,Desktop,16787,1196,131,8,3,555.34,4439.78,627.6
2025-08-05,GGL-001,Pesquisa Marca,Google Ads,Conversoes,Alta intencao,Centro-Oeste,Mobile,4034,296,43,15,12,790.54,14206.61,952.56
2025-08-05,GGL-002,Pesquisa Generica,Google Ads,Conversoes,Intencao ampla,Sudeste,Mobile,7022,326,45,3,2,1388.98,3182.42,1404.35
2025-08-05,GGL-003,Performance Max,Google Ads,Receita,Multicanal,Nordeste,Mobile,13727,315,20,2,1,1060.25,1435.2,1114.07
2025-08-05,MET-001,Remarketing Social,Meta Ads,Conversoes,Visitantes do site,Sudeste,Mobile,19599,498,57,17,4,780.36,13521.39,1041.39
2025-08-05,MET-002,Prospeccao Interesses,Meta Ads,Leads,Interesses,Sul,Mobile,24694,396,30,3,3,889.47,1999.55,965.95
2025-08-05,MET-003,Publico Lookalike,Meta Ads,Leads,Semelhantes,Sudeste,Desktop,18427,405,39,8,4,749.1,4916.4,974.16
2025-08-05,LNK-001,Demo B2B,LinkedIn Ads,Leads,Decisores B2B,Nordeste,Mobile,7453,77,7,3,3,795.55,9413.51,714.42
2025-08-05,LNK-002,Webinar Executivo,LinkedIn Ads,Leads,Liderancas,Nordeste,Mobile,7040,80,5,1,1,601.67,2410.76,658.89
2025-08-05,TTK-001,Video Descoberta,TikTok Ads,Alcance,Publico jovem,Nordeste,Tablet,37981,731,28,3,3,894.76,1336.6,991.12
2025-08-05,TTK-002,Criadores e Reviews,TikTok Ads,Conversoes,Engajados,Sul,Mobile,34558,810,40,8,8,1303.03,3861.15,1349.24
2025-08-05,EML-001,Oferta Base Ativa,Email Marketing,Receita,Clientes ativos,Sudeste,Mobile,23736,3391,586,75,8,913.82,36037.84,883.2
2025-08-05,EML-002,Nutricao de Leads,Email Marketing,Conversoes,Leads em nutricao,Sudeste,Desktop,18518,1326,156,21,10,602.96,14037.25,627.6
2025-08-06,GGL-001,Pesquisa Marca,Google Ads,Conversoes,Alta intencao,Sudeste,Mobile,5535,409,52,22,14,1034.34,19637.85,952.56
2025-08-06,GGL-002,Pesquisa Generica,Google Ads,Conversoes,Intencao ampla,Sudeste,Mobile,7857,346,41,4,3,1543.05,4473.18,1404.35
2025-08-06,GGL-003,Performance Max,Google Ads,Receita,Multicanal,Sudeste,Mobile,12409,295,23,5,3,1051.98,3875.05,1114.07
2025-08-06,MET-001,Remarketing Social,Meta Ads,Conversoes,Visitantes do site,Sudeste,Mobile,20749,619,68,14,9,1095.17,9100.61,1041.39
2025-08-06,MET-002,Prospeccao Interesses,Meta Ads,Leads,Interesses,Sudeste,Mobile,26865,376,31,2,2,745.68,1434.33,965.95
2025-08-06,MET-003,Publico Lookalike,Meta Ads,Leads,Semelhantes,Sudeste,Desktop,22628,487,36,7,5,1059.79,4830.97,974.16
2025-08-06,LNK-001,Demo B2B,LinkedIn Ads,Leads,Decisores B2B,Nordeste,Mobile,7644,74,4,0,0,733.45,0.0,714.42
2025-08-06,LNK-002,Webinar Executivo,LinkedIn Ads,Leads,Liderancas,Nordeste,Desktop,7199,86,16,2,2,693.46,5919.27,658.89
2025-08-06,TTK-001,Video Descoberta,TikTok Ads,Alcance,Publico jovem,Sudeste,Mobile,43384,804,28,4,4,1017.32,1892.75,991.12
2025-08-06,TTK-002,Criadores e Reviews,TikTok Ads,Conversoes,Engajados,Nordeste,Mobile,35646,871,48,6,5,1342.07,2764.95,1349.24
2025-08-06,EML-001,Oferta Base Ativa,Email Marketing,Receita,Clientes ativos,Sudeste,Mobile,25323,3281,610,63,7,934.56,36694.27,883.2
2025-08-06,EML-002,Nutricao de Leads,Email Marketing,Conversoes,Leads em nutricao,Centro-Oeste,Mobile,21336,1817,241,28,12,708.42,16180.02,627.6
2025-08-07,GGL-001,Pesquisa Marca,Google Ads,Conversoes,Alta intencao,Sul,Desktop,4852,312,60,26,20,923.6,22631.99,952.56
2025-08-07,GGL-002,Pesquisa Generica,Google Ads,Conversoes,Intencao ampla,Centro-Oeste,Mobile,7892,327,30,7,6,1424.13,6453.98,1404.35
2025-08-07,GGL-003,Performance Max,Google Ads,Receita,Multicanal,Sul,Mobile,11674,361,35,5,4,1302.12,4850.07,1114.07
2025-08-07,MET-001,Remarketing Social,Meta Ads,Conversoes,Visitantes do site,Sudeste,Mobile,17480,466,36,10,5,734.9,7083.36,1041.39
2025-08-07,MET-002,Prospeccao Interesses,Meta Ads,Leads,Interesses,Sudeste,Mobile,25844,414,31,4,4,920.38,2563.74,965.95
2025-08-07,MET-003,Publico Lookalike,Meta Ads,Leads,Semelhantes,Centro-Oeste,Mobile,22402,454,53,9,7,932.85,8608.34,974.16
2025-08-07,LNK-001,Demo B2B,LinkedIn Ads,Leads,Decisores B2B,Sudeste,Mobile,7727,73,6,2,2,779.48,7474.08,714.42
2025-08-07,LNK-002,Webinar Executivo,LinkedIn Ads,Leads,Liderancas,Nordeste,Tablet,5598,87,9,0,0,765.46,0.0,658.89
2025-08-07,TTK-001,Video Descoberta,TikTok Ads,Alcance,Publico jovem,Sudeste,Mobile,34940,793,44,4,3,901.17,1686.97,991.12
2025-08-07,TTK-002,Criadores e Reviews,TikTok Ads,Conversoes,Engajados,Sudeste,Mobile,37457,927,57,9,8,1507.04,5910.34,1349.24
2025-08-07,EML-001,Oferta Base Ativa,Email Marketing,Receita,Clientes ativos,Norte,Mobile,31322,3543,613,60,11,1080.74,30215.56,883.2
2025-08-07,EML-002,Nutricao de Leads,Email Marketing,Conversoes,Leads em nutricao,Sudeste,Desktop,17801,1236,138,10,4,579.62,6690.87,627.6
2025-08-08,GGL-001,Pesquisa Marca,Google Ads,Conversoes,Alta intencao,Sul,Desktop,4862,385,62,21,14,1172.89,17907.28,952.56
2025-08-08,GGL-002,Pesquisa Generica,Google Ads,Conversoes,Intencao ampla,Sudeste,Mobile,6704,339,41,11,8,1339.23,10327.27,1404.35
2025-08-08,GGL-003,Performance Max,Google Ads,Receita,Multicanal,Sudeste,Mobile,12859,335,27,5,5,1236.87,4884.88,1114.07
2025-08-08,MET-001,Remarketing Social,Meta Ads,Conversoes,Visitantes do site,Nordeste,Mobile,24400,589,68,22,6,1056.95,16491.43,1041.39
2025-08-08,MET-002,Prospeccao Interesses,Meta Ads,Leads,Interesses,Sudeste,Desktop,28906,471,26,2,1,1051.55,1171.64,965.95
2025-08-08,MET-003,Publico Lookalike,Meta Ads,Leads,Semelhantes,Sudeste,Mobile,17096,314,28,6,6,660.49,3685.63,974.16
2025-08-08,LNK-001,Demo B2B,LinkedIn Ads,Leads,Decisores B2B,Nordeste,Desktop,9405,86,11,1,1,796.23,2973.61,714.42
2025-08-08,LNK-002,Webinar Executivo,LinkedIn Ads,Leads,Liderancas,Sul,Desktop,6887,81,8,2,2,670.1,5374.37,658.89
2025-08-08,TTK-001,Video Descoberta,TikTok Ads,Alcance,Publico jovem,Sudeste,Desktop,39400,873,24,4,4,969.61,2122.07,991.12
2025-08-08,TTK-002,Criadores e Reviews,TikTok Ads,Conversoes,Engajados,Sudeste,Mobile,31147,785,29,4,4,1216.27,2206.85,1349.24
2025-08-08,EML-001,Oferta Base Ativa,Email Marketing,Receita,Clientes ativos,Sul,Desktop,20658,2206,360,37,5,733.76,25449.43,883.2
2025-08-08,EML-002,Nutricao de Leads,Email Marketing,Conversoes,Leads em nutricao,Nordeste,Desktop,19068,1357,181,16,6,617.06,13317.3,627.6
2025-08-09,GGL-001,Pesquisa Marca,Google Ads,Conversoes,Alta intencao,Nordeste,Desktop,3836,278,37,10,6,727.69,7168.32,952.56
2025-08-09,GGL-002,Pesquisa Generica,Google Ads,Conversoes,Intencao ampla,Sul,Mobile,6225,260,34,7,5,1182.3,7873.33,1404.35
2025-08-09,GGL-003,Performance Max,Google Ads,Receita,Multicanal,Sudeste,Mobile,8427,216,17,4,2,721.92,3263.45,1114.07
2025-08-09,MET-001,Remarketing Social,Meta Ads,Conversoes,Visitantes do site,Sudeste,Desktop,14861,525,59,13,4,978.68,9641.03,1041.39
2025-08-09,MET-002,Prospeccao Interesses,Meta Ads,Leads,Interesses,Sudeste,Desktop,22996,354,27,3,3,763.09,1925.33,965.95
2025-08-09,MET-003,Publico Lookalike,Meta Ads,Leads,Semelhantes,Sudeste,Desktop,17551,339,32,6,5,770.14,3441.9,974.16
2025-08-09,LNK-001,Demo B2B,LinkedIn Ads,Leads,Decisores B2B,Nordeste,Desktop,5253,39,4,0,0,366.32,0.0,714.42
2025-08-09,LNK-002,Webinar Executivo,LinkedIn Ads,Leads,Liderancas,Nordeste,Desktop,4347,58,9,2,2,497.17,5088.67,658.89
2025-08-09,TTK-001,Video Descoberta,TikTok Ads,Alcance,Publico jovem,Nordeste,Desktop,31797,666,28,2,2,757.11,737.28,991.12
2025-08-09,TTK-002,Criadores e Reviews,TikTok Ads,Conversoes,Engajados,Sudeste,Mobile,25384,629,24,1,1,1038.23,421.2,1349.24
2025-08-09,EML-001,Oferta Base Ativa,Email Marketing,Receita,Clientes ativos,Norte,Mobile,18517,2433,434,36,6,713.64,17760.15,883.2
2025-08-09,EML-002,Nutricao de Leads,Email Marketing,Conversoes,Leads em nutricao,Sul,Mobile,15847,1209,153,16,5,537.84,7987.2,627.6
2025-08-10,GGL-001,Pesquisa Marca,Google Ads,Conversoes,Alta intencao,Sudeste,Mobile,3194,255,37,10,7,673.88,9531.72,952.56
2025-08-10,GGL-002,Pesquisa Generica,Google Ads,Conversoes,Intencao ampla,Sudeste,Desktop,6021,264,20,6,6,1144.12,6405.1,1404.35
2025-08-10,GGL-003,Performance Max,Google Ads,Receita,Multicanal,Sudeste,Mobile,8883,238,15,4,3,831.87,3819.16,1114.07
2025-08-10,MET-001,Remarketing Social,Meta Ads,Conversoes,Visitantes do site,Nordeste,Tablet,13509,355,46,12,5,585.91,7443.77,1041.39
2025-08-10,MET-002,Prospeccao Interesses,Meta Ads,Leads,Interesses,Sudeste,Mobile,19044,255,20,3,3,575.73,2570.39,965.95
2025-08-10,MET-003,Publico Lookalike,Meta Ads,Leads,Semelhantes,Nordeste,Mobile,20294,392,31,5,4,740.18,3385.45,974.16
2025-08-10,LNK-001,Demo B2B,LinkedIn Ads,Leads,Decisores B2B,Sudeste,Desktop,5670,46,2,1,0,457.08,3298.25,714.42
2025-08-10,LNK-002,Webinar Executivo,LinkedIn Ads,Leads,Liderancas,Sudeste,Desktop,6521,77,9,2,2,679.73,5971.32,658.89
2025-08-10,TTK-001,Video Descoberta,TikTok Ads,Alcance,Publico jovem,Sudeste,Mobile,27337,563,16,3,3,700.9,1133.39,991.12
2025-08-10,TTK-002,Criadores e Reviews,TikTok Ads,Conversoes,Engajados,Sudeste,Desktop,23230,621,21,1,1,868.65,575.83,1349.24
2025-08-10,EML-001,Oferta Base Ativa,Email Marketing,Receita,Clientes ativos,Sudeste,Mobile,14455,1941,373,38,4,583.2,23094.95,883.2
2025-08-10,EML-002,Nutricao de Leads,Email Marketing,Conversoes,Leads em nutricao,Norte,Mobile,15384,1249,125,12,7,532.58,7351.6,627.6
2025-08-11,GGL-001,Pesquisa Marca,Google Ads,Conversoes,Alta intencao,Sul,Mobile,4032,236,39,9,6,734.82,7810.23,952.56
2025-08-11,GGL-002,Pesquisa Generica,Google Ads,Conversoes,Intencao ampla,Nordeste,Mobile,9302,403,44,14,11,1665.14,12732.38,1404.35
2025-08-11,GGL-003,Performance Max,Google Ads,Receita,Multicanal,Sudeste,Mobile,10051,244,19,5,4,958.53,5072.74,1114.07
2025-08-11,MET-001,Remarketing Social,Meta Ads,Conversoes,Visitantes do site,Centro-Oeste,Desktop,18651,477,67,20,6,841.97,16150.54,1041.39
2025-08-11,MET-002,Prospeccao Interesses,Meta Ads,Leads,Interesses,Centro-Oeste,Mobile,28284,465,31,3,3,950.71,2075.62,965.95
2025-08-11,MET-003,Publico Lookalike,Meta Ads,Leads,Semelhantes,Nordeste,Mobile,22752,493,39,4,4,1032.6,2215.2,974.16
2025-08-11,LNK-001,Demo B2B,LinkedIn Ads,Leads,Decisores B2B,Sudeste,Mobile,7713,68,5,1,1,701.39,3095.15,714.42
2025-08-11,LNK-002,Webinar Executivo,LinkedIn Ads,Leads,Liderancas,Sudeste,Mobile,6380,87,8,2,2,734.38,6798.27,658.89
2025-08-11,TTK-001,Video Descoberta,TikTok Ads,Alcance,Publico jovem,Nordeste,Desktop,31175,571,27,2,2,710.06,851.34,991.12
2025-08-11,TTK-002,Criadores e Reviews,TikTok Ads,Conversoes,Engajados,Centro-Oeste,Mobile,24323,558,22,4,4,907.22,1808.5,1349.24
2025-08-11,EML-001,Oferta Base Ativa,Email Marketing,Receita,Clientes ativos,Sudeste,Mobile,22686,2511,476,49,2,804.82,24533.83,883.2
2025-08-11,EML-002,Nutricao de Leads,Email Marketing,Conversoes,Leads em nutricao,Sudeste,Desktop,14258,1248,148,12,5,509.96,8420.87,627.6
2025-08-12,GGL-001,Pesquisa Marca,Google Ads,Conversoes,Alta intencao,Nordeste,Mobile,5731,356,53,11,5,967.58,10922.45,952.56
2025-08-12,GGL-002,Pesquisa Generica,Google Ads,Conversoes,Intencao ampla,Sul,Desktop,7176,368,48,13,11,1567.39,14282.32,1404.35
2025-08-12,GGL-003,Performance Max,Google Ads,Receita,Multicanal,Sudeste,Desktop,9590,272,25,5,4,963.29,3844.63,1114.07
2025-08-12,MET-001,Remarketing Social,Meta Ads,Conversoes,Visitantes do site,Sudeste,Desktop,19435,560,77,20,10,964.13,13384.67,1041.39
2025-08-12,MET-002,Prospeccao Interesses,Meta Ads,Leads,Interesses,Sudeste,Desktop,26987,345,20,4,4,727.67,2589.22,965.95
2025-08-12,MET-003,Publico Lookalike,Meta Ads,Leads,Semelhantes,Sudeste,Mobile,21755,472,35,4,3,986.54,2215.2,974.16
2025-08-12,LNK-001,Demo B2B,LinkedIn Ads,Leads,Decisores B2B,Sudeste,Mobile,8879,85,6,2,2,808.03,6842.75,714.42
2025-08-12,LNK-002,Webinar Executivo,LinkedIn Ads,Leads,Liderancas,Sudeste,Desktop,7025,106,25,3,2,845.35,6340.22,658.89
2025-08-12,TTK-001,Video Descoberta,TikTok Ads,Alcance,Publico jovem,Sudeste,Mobile,39404,947,46,6,6,992.23,3030.85,991.12
2025-08-12,TTK-002,Criadores e Reviews,TikTok Ads,Conversoes,Engajados,Sul,Mobile,29563,907,47,5,4,1355.14,2969.89,1349.24
2025-08-12,EML-001,Oferta Base Ativa,Email Marketing,Receita,Clientes ativos,Centro-Oeste,Mobile,16217,1838,445,70,9,608.14,35726.77,883.2
2025-08-12,EML-002,Nutricao de Leads,Email Marketing,Conversoes,Leads em nutricao,Sudeste,Mobile,18893,1704,222,21,9,648.26,10931.79,627.6
2025-08-13,GGL-001,Pesquisa Marca,Google Ads,Conversoes,Alta intencao,Centro-Oeste,Desktop,4279,312,43,12,10,934.07,9018.49,952.56
2025-08-13,GGL-002,Pesquisa Generica,Google Ads,Conversoes,Intencao ampla,Nordeste,Mobile,9223,467,64,12,10,2086.29,10781.37,1404.35
2025-08-13,GGL-003,Performance Max,Google Ads,Receita,Multicanal,Sudeste,Mobile,10310,235,12,1,1,865.13,1025.68,1114.07
2025-08-13,MET-001,Remarketing Social,Meta Ads,Conversoes,Visitantes do site,Nordeste,Mobile,25158,778,74,21,5,1306.31,19948.66,1041.39
2025-08-13,MET-002,Prospeccao Interesses,Meta Ads,Leads,Interesses,Sul,Mobile,28167,413,25,3,2,901.39,1959.01,965.95
2025-08-13,MET-003,Publico Lookalike,Meta Ads,Leads,Semelhantes,Nordeste,Mobile,25104,499,40,7,6,977.7,5284.41,974.16
2025-08-13,LNK-001,Demo B2B,LinkedIn Ads,Leads,Decisores B2B,Nordeste,Mobile,6027,59,2,0,0,585.03,0.0,714.42
2025-08-13,LNK-002,Webinar Executivo,LinkedIn Ads,Leads,Liderancas,Sudeste,Mobile,6815,68,12,1,1,557.1,2463.33,658.89
2025-08-13,TTK-001,Video Descoberta,TikTok Ads,Alcance,Publico jovem,Nordeste,Mobile,41999,935,30,4,4,1114.81,2122.51,991.12
2025-08-13,TTK-002,Criadores e Reviews,TikTok Ads,Conversoes,Engajados,Centro-Oeste,Mobile,28091,672,37,6,6,1034.48,3668.47,1349.24
2025-08-13,EML-001,Oferta Base Ativa,Email Marketing,Receita,Clientes ativos,Sul,Mobile,21257,2454,510,65,7,770.54,43769.77,883.2
2025-08-13,EML-002,Nutricao de Leads,Email Marketing,Conversoes,Leads em nutricao,Sul,Mobile,18380,1479,194,13,7,615.5,6812.08,627.6
2025-08-14,GGL-001,Pesquisa Marca,Google Ads,Conversoes,Alta intencao,Sul,Desktop,5073,344,75,32,25,885.14,27183.75,952.56
2025-08-14,GGL-002,Pesquisa Generica,Google Ads,Conversoes,Intencao ampla,Sudeste,Desktop,7415,333,43,19,17,1526.44,18828.01,1404.35
2025-08-14,GGL-003,Performance Max,Google Ads,Receita,Multicanal,Nordeste,Mobile,11347,342,32,10,6,1229.28,11079.06,1114.07
2025-08-14,MET-001,Remarketing Social,Meta Ads,Conversoes,Visitantes do site,Sul,Desktop,21376,607,65,28,13,1122.75,20375.01,1041.39
2025-08-14,MET-002,Prospeccao Interesses,Meta Ads,Leads,Interesses,Sudeste,Mobile,32111,502,44,3,3,1003.6,2272.9,965.95
2025-08-14,MET-003,Publico Lookalike,Meta Ads,Leads,Semelhantes,Centro-Oeste,Mobile,24446,549,46,7,5,1028.37,3876.6,974.16
2025-08-14,LNK-001,Demo B2B,LinkedIn Ads,Leads,Decisores B2B,Nordeste,Mobile,6881,64,6,1,1,627.03,2755.28,714.42
2025-08-14,LNK-002,Webinar Executivo,LinkedIn Ads,Leads,Liderancas,Norte,Desktop,6341,93,11,0,0,737.9,0.0,658.89
2025-08-14,TTK-001,Video Descoberta,TikTok Ads,Alcance,Publico jovem,Centro-Oeste,Desktop,48029,973,42,4,4,1001.18,1800.9,991.12
2025-08-14,TTK-002,Criadores e Reviews,TikTok Ads,Conversoes,Engajados,Sudeste,Mobile,32274,798,35,5,3,1238.41,2320.96,1349.24
2025-08-14,EML-001,Oferta Base Ativa,Email Marketing,Receita,Clientes ativos,Sudeste,Mobile,23262,2521,450,29,5,817.34,16634.37,883.2
2025-08-14,EML-002,Nutricao de Leads,Email Marketing,Conversoes,Leads em nutricao,Sudeste,Mobile,17093,1634,166,11,5,605.26,6826.5,627.6
2025-08-15,GGL-001,Pesquisa Marca,Google Ads,Conversoes,Alta intencao,Sul,Mobile,4493,288,35,13,9,887.27,11398.4,952.56
2025-08-15,GGL-002,Pesquisa Generica,Google Ads,Conversoes,Intencao ampla,Sul,Mobile,6008,266,36,8,8,1309.3,8084.89,1404.35
2025-08-15,GGL-003,Performance Max,Google Ads,Receita,Multicanal,Nordeste,Desktop,11650,322,29,6,5,1022.73,5254.28,1114.07
2025-08-15,MET-001,Remarketing Social,Meta Ads,Conversoes,Visitantes do site,Sul,Mobile,21126,542,34,13,5,886.92,9919.66,1041.39
2025-08-15,MET-002,Prospeccao Interesses,Meta Ads,Leads,Interesses,Sudeste,Desktop,24589,407,31,3,3,832.96,2191.46,965.95
2025-08-15,MET-003,Publico Lookalike,Meta Ads,Leads,Semelhantes,Sudeste,Desktop,24758,520,43,3,1,1094.51,1718.46,974.16
2025-08-15,LNK-001,Demo B2B,LinkedIn Ads,Leads,Decisores B2B,Sul,Mobile,9200,100,10,2,2,951.05,4992.0,714.42
2025-08-15,LNK-002,Webinar Executivo,LinkedIn Ads,Leads,Liderancas,Sul,Mobile,5944,80,12,3,3,658.08,7600.01,658.89
2025-08-15,TTK-001,Video Descoberta,TikTok Ads,Alcance,Publico jovem,Sul,Mobile,28453,520,16,1,1,525.26,492.46,991.12
2025-08-15,TTK-002,Criadores e Reviews,TikTok Ads,Conversoes,Engajados,Sudeste,Mobile,28381,773,44,3,3,1233.14,1357.07,1349.24
2025-08-15,EML-001,Oferta Base Ativa,Email Marketing,Receita,Clientes ativos,Sudeste,Mobile,30576,3911,723,91,7,1102.62,45920.15,883.2
2025-08-15,EML-002,Nutricao de Leads,Email Marketing,Conversoes,Leads em nutricao,Sudeste,Mobile,17599,1457,143,11,3,597.68,6914.46,627.6
2025-08-16,GGL-001,Pesquisa Marca,Google Ads,Conversoes,Alta intencao,Sudeste,Mobile,3912,338,46,10,7,932.48,8158.8,952.56
2025-08-16,GGL-002,Pesquisa Generica,Google Ads,Conversoes,Intencao ampla,Centro-Oeste,Mobile,5870,262,28,9,6,1185.38,10402.93,1404.35
2025-08-16,GGL-003,Performance Max,Google Ads,Receita,Multicanal,Sul,Mobile,11476,281,21,3,2,959.99,3318.83,1114.07
2025-08-16,MET-001,Remarketing Social,Meta Ads,Conversoes,Visitantes do site,Norte,Mobile,15611,498,51,14,8,808.5,8376.04,1041.39
2025-08-16,MET-002,Prospeccao Interesses,Meta Ads,Leads,Interesses,Sul,Mobile,20400,355,29,3,3,819.46,2269.65,965.95
2025-08-16,MET-003,Publico Lookalike,Meta Ads,Leads,Semelhantes,Sudeste,Mobile,19837,413,33,5,5,755.68,3761.3,974.16
2025-08-16,LNK-001,Demo B2B,LinkedIn Ads,Leads,Decisores B2B,Nordeste,Desktop,5636,47,5,0,0,477.17,0.0,714.42
2025-08-16,LNK-002,Webinar Executivo,LinkedIn Ads,Leads,Liderancas,Sudeste,Tablet,6078,62,10,2,2,509.28,5542.86,658.89
2025-08-16,TTK-001,Video Descoberta,TikTok Ads,Alcance,Publico jovem,Sudeste,Mobile,29458,526,17,3,3,630.04,1385.98,991.12
2025-08-16,TTK-002,Criadores e Reviews,TikTok Ads,Conversoes,Engajados,Norte,Mobile,30304,766,36,3,3,1280.49,1335.63,1349.24
2025-08-16,EML-001,Oferta Base Ativa,Email Marketing,Receita,Clientes ativos,Centro-Oeste,Mobile,20599,2628,493,54,8,774.78,34603.8,883.2
2025-08-16,EML-002,Nutricao de Leads,Email Marketing,Conversoes,Leads em nutricao,Nordeste,Mobile,13799,999,112,8,4,475.88,5542.7,627.6
2025-08-17,GGL-001,Pesquisa Marca,Google Ads,Conversoes,Alta intencao,Sudeste,Mobile,3719,281,69,14,9,794.89,10512.96,952.56
2025-08-17,GGL-002,Pesquisa Generica,Google Ads,Conversoes,Intencao ampla,Nordeste,Mobile,6113,278,36,4,2,1131.01,3903.53,1404.35
2025-08-17,GGL-003,Performance Max,Google Ads,Receita,Multicanal,Sul,Mobile,9797,217,16,3,3,723.34,2152.8,1114.07
2025-08-17,MET-001,Remarketing Social,Meta Ads,Conversoes,Visitantes do site,Sudeste,Desktop,15935,383,45,11,5,647.77,8926.54,1041.39
2025-08-17,MET-002,Prospeccao Interesses,Meta Ads,Leads,Interesses,Sudeste,Desktop,18231,255,11,1,1,542.96,707.96,965.95
2025-08-17,MET-003,Publico Lookalike,Meta Ads,Leads,Semelhantes,Nordeste,Mobile,17213,401,38,6,4,804.43,4467.07,974.16
2025-08-17,LNK-001,Demo B2B,LinkedIn Ads,Leads,Decisores B2B,Sul,Mobile,6691,52,2,0,0,466.24,0.0,714.42
2025-08-17,LNK-002,Webinar Executivo,LinkedIn Ads,Leads,Liderancas,Sudeste,Mobile,4654,69,6,1,1,548.87,2422.53,658.89
2025-08-17,TTK-001,Video Descoberta,TikTok Ads,Alcance,Publico jovem,Sul,Mobile,26561,531,16,4,3,568.52,1629.12,991.12
2025-08-17,TTK-002,Criadores e Reviews,TikTok Ads,Conversoes,Engajados,Nordeste,Mobile,28290,779,42,7,6,1234.64,4283.9,1349.24
2025-08-17,EML-001,Oferta Base Ativa,Email Marketing,Receita,Clientes ativos,Centro-Oeste,Mobile,21328,3004,562,62,7,826.96,34890.48,883.2
2025-08-17,EML-002,Nutricao de Leads,Email Marketing,Conversoes,Leads em nutricao,Sudeste,Desktop,12881,1092,134,6,3,466.82,3687.12,627.6
2025-08-18,GGL-001,Pesquisa Marca,Google Ads,Conversoes,Alta intencao,Sudeste,Desktop,5039,327,51,18,11,832.49,16230.69,952.56
2025-08-18,GGL-002,Pesquisa Generica,Google Ads,Conversoes,Intencao ampla,Sul,Desktop,7072,279,26,11,9,1265.2,11609.74,1404.35
2025-08-18,GGL-003,Performance Max,Google Ads,Receita,Multicanal,Centro-Oeste,Mobile,10037,291,27,6,3,1104.15,4796.65,1114.07
2025-08-18,MET-001,Remarketing Social,Meta Ads,Conversoes,Visitantes do site,Sudeste,Mobile,14798,389,45,17,6,731.96,13509.22,1041.39
2025-08-18,MET-002,Prospeccao Interesses,Meta Ads,Leads,Interesses,Centro-Oeste,Tablet,22167,388,23,3,3,801.13,2001.61,965.95
2025-08-18,MET-003,Publico Lookalike,Meta Ads,Leads,Semelhantes,Sudeste,Mobile,21655,492,43,8,7,940.48,5069.68,974.16
2025-08-18,LNK-001,Demo B2B,LinkedIn Ads,Leads,Decisores B2B,Sudeste,Mobile,7665,77,7,0,0,742.05,0.0,714.42
2025-08-18,LNK-002,Webinar Executivo,LinkedIn Ads,Leads,Liderancas,Sudeste,Desktop,5752,63,11,0,0,561.16,0.0,658.89
2025-08-18,TTK-001,Video Descoberta,TikTok Ads,Alcance,Publico jovem,Nordeste,Tablet,36257,809,30,3,3,898.52,1620.6,991.12
2025-08-18,TTK-002,Criadores e Reviews,TikTok Ads,Conversoes,Engajados,Sudeste,Mobile,36097,1003,64,4,4,1585.55,2097.35,1349.24
2025-08-18,EML-001,Oferta Base Ativa,Email Marketing,Receita,Clientes ativos,Sudeste,Mobile,27505,2998,515,74,7,949.9,46758.69,883.2
2025-08-18,EML-002,Nutricao de Leads,Email Marketing,Conversoes,Leads em nutricao,Nordeste,Desktop,15534,1256,153,10,4,536.28,7452.82,627.6
2025-08-19,GGL-001,Pesquisa Marca,Google Ads,Conversoes,Alta intencao,Sudeste,Mobile,4657,281,39,10,7,879.14,9239.82,952.56
2025-08-19,GGL-002,Pesquisa Generica,Google Ads,Conversoes,Intencao ampla,Sul,Desktop,7479,264,25,2,2,1074.48,1950.15,1404.35
2025-08-19,GGL-003,Performance Max,Google Ads,Receita,Multicanal,Nordeste,Mobile,12997,387,32,10,9,1334.25,7176.0,1114.07
2025-08-19,MET-001,Remarketing Social,Meta Ads,Conversoes,Visitantes do site,Sudeste,Mobile,15633,436,54,14,6,794.7,9634.48,1041.39
2025-08-19,MET-002,Prospeccao Interesses,Meta Ads,Leads,Interesses,Sudeste,Mobile,21695,269,20,3,2,655.33,2170.34,965.95
2025-08-19,MET-003,Publico Lookalike,Meta Ads,Leads,Semelhantes,Nordeste,Tablet,22719,432,41,10,9,820.82,6139.2,974.16
2025-08-19,LNK-001,Demo B2B,LinkedIn Ads,Leads,Decisores B2B,Sul,Mobile,8402,68,6,0,0,622.71,0.0,714.42
2025-08-19,LNK-002,Webinar Executivo,LinkedIn Ads,Leads,Liderancas,Sudeste,Mobile,7092,90,13,0,0,714.82,0.0,658.89
2025-08-19,TTK-001,Video Descoberta,TikTok Ads,Alcance,Publico jovem,Centro-Oeste,Mobile,35969,796,37,4,4,851.66,1614.88,991.12
2025-08-19,TTK-002,Criadores e Reviews,TikTok Ads,Conversoes,Engajados,Nordeste,Mobile,31156,867,38,3,2,1423.79,1673.33,1349.24
2025-08-19,EML-001,Oferta Base Ativa,Email Marketing,Receita,Clientes ativos,Sudeste,Mobile,27977,3232,571,61,5,982.74,37605.37,883.2
2025-08-19,EML-002,Nutricao de Leads,Email Marketing,Conversoes,Leads em nutricao,Sudeste,Mobile,23296,2205,248,16,9,786.42,10510.15,627.6
2025-08-20,GGL-001,Pesquisa Marca,Google Ads,Conversoes,Alta intencao,Nordeste,Mobile,4363,317,39,10,5,790.42,7874.06,952.56
2025-08-20,GGL-002,Pesquisa Generica,Google Ads,Conversoes,Intencao ampla,Sudeste,Desktop,6862,282,33,10,8,1177.74,11370.71,1404.35
2025-08-20,GGL-003,Performance Max,Google Ads,Receita,Multicanal,Nordeste,Mobile,10961,284,26,5,4,976.1,3644.01,1114.07
2025-08-20,MET-001,Remarketing Social,Meta Ads,Conversoes,Visitantes do site,Sudeste,Mobile,18052,593,70,18,8,1080.9,11776.14,1041.39
2025-08-20,MET-002,Prospeccao Interesses,Meta Ads,Leads,Interesses,Sudeste,Desktop,31977,618,47,5,5,1386.57,4581.3,965.95
2025-08-20,MET-003,Publico Lookalike,Meta Ads,Leads,Semelhantes,Sudeste,Mobile,22390,444,37,9,6,985.41,6662.26,974.16
2025-08-20,LNK-001,Demo B2B,LinkedIn Ads,Leads,Decisores B2B,Sul,Desktop,9653,73,12,3,3,690.0,9951.06,714.42
2025-08-20,LNK-002,Webinar Executivo,LinkedIn Ads,Leads,Liderancas,Sul,Mobile,7010,73,13,0,0,571.36,0.0,658.89
2025-08-20,TTK-001,Video Descoberta,TikTok Ads,Alcance,Publico jovem,Nordeste,Mobile,35957,826,26,3,2,984.38,1457.13,991.12
2025-08-20,TTK-002,Criadores e Reviews,TikTok Ads,Conversoes,Engajados,Sudeste,Mobile,33049,957,55,7,7,1599.53,4333.37,1349.24
2025-08-20,EML-001,Oferta Base Ativa,Email Marketing,Receita,Clientes ativos,Nordeste,Desktop,21904,2841,535,54,11,822.18,38213.48,883.2
2025-08-20,EML-002,Nutricao de Leads,Email Marketing,Conversoes,Leads em nutricao,Sudeste,Mobile,15968,1342,166,14,4,553.56,7827.46,627.6
2025-08-21,GGL-001,Pesquisa Marca,Google Ads,Conversoes,Alta intencao,Sudeste,Desktop,4468,315,48,14,7,975.15,9296.49,952.56
2025-08-21,GGL-002,Pesquisa Generica,Google Ads,Conversoes,Intencao ampla,Sudeste,Mobile,6877,300,31,7,5,1186.23,6308.3,1404.35
2025-08-21,GGL-003,Performance Max,Google Ads,Receita,Multicanal,Sudeste,Mobile,12540,400,24,4,3,1500.16,3894.23,1114.07
2025-08-21,MET-001,Remarketing Social,Meta Ads,Conversoes,Visitantes do site,Nordeste,Tablet,14836,377,32,7,3,666.53,4908.66,1041.39
2025-08-21,MET-002,Prospeccao Interesses,Meta Ads,Leads,Interesses,Centro-Oeste,Mobile,28263,518,45,9,9,1085.44,7167.53,965.95
2025-08-21,MET-003,Publico Lookalike,Meta Ads,Leads,Semelhantes,Centro-Oeste,Mobile,21998,482,45,11,8,988.39,6707.65,974.16
2025-08-21,LNK-001,Demo B2B,LinkedIn Ads,Leads,Decisores B2B,Sul,Tablet,7029,64,5,3,2,698.77,8551.55,714.42
2025-08-21,LNK-002,Webinar Executivo,LinkedIn Ads,Leads,Liderancas,Nordeste,Mobile,6291,100,15,2,1,815.38,5725.91,658.89
2025-08-21,TTK-001,Video Descoberta,TikTok Ads,Alcance,Publico jovem,Nordeste,Mobile,47327,970,41,6,6,1206.59,2570.08,991.12
2025-08-21,TTK-002,Criadores e Reviews,TikTok Ads,Conversoes,Engajados,Sudeste,Mobile,32692,753,42,2,1,1151.78,842.4,1349.24
2025-08-21,EML-001,Oferta Base Ativa,Email Marketing,Receita,Clientes ativos,Sul,Mobile,18804,2005,322,32,6,676.58,18475.98,883.2
2025-08-21,EML-002,Nutricao de Leads,Email Marketing,Conversoes,Leads em nutricao,Centro-Oeste,Mobile,19722,1619,158,10,0,656.34,5208.99,627.6
2025-08-22,GGL-001,Pesquisa Marca,Google Ads,Conversoes,Alta intencao,Sul,Desktop,5850,453,72,22,15,1330.04,17260.72,952.56
2025-08-22,GGL-002,Pesquisa Generica,Google Ads,Conversoes,Intencao ampla,Sudeste,Mobile,8718,347,44,10,8,1446.62,10798.79,1404.35
2025-08-22,GGL-003,Performance Max,Google Ads,Receita,Multicanal,Sudeste,Mobile,10480,263,19,1,1,976.52,1224.68,1114.07
2025-08-22,MET-001,Remarketing Social,Meta Ads,Conversoes,Visitantes do site,Sudeste,Desktop,22764,713,76,18,9,1159.62,12675.39,1041.39
2025-08-22,MET-002,Prospeccao Interesses,Meta Ads,Leads,Interesses,Sudeste,Mobile,19321,325,18,4,4,711.11,2378.86,965.95
2025-08-22,MET-003,Publico Lookalike,Meta Ads,Leads,Semelhantes,Sul,Mobile,21914,524,35,9,7,1126.28,5653.74,974.16
2025-08-22,LNK-001,Demo B2B,LinkedIn Ads,Leads,Decisores B2B,Norte,Mobile,9153,60,6,0,0,508.8,0.0,714.42
2025-08-22,LNK-002,Webinar Executivo,LinkedIn Ads,Leads,Liderancas,Nordeste,Desktop,5665,65,9,3,3,502.65,8012.44,658.89
2025-08-22,TTK-001,Video Descoberta,TikTok Ads,Alcance,Publico jovem,Sudeste,Mobile,45813,953,37,4,4,1124.59,2126.27,991.12
2025-08-22,TTK-002,Criadores e Reviews,TikTok Ads,Conversoes,Engajados,Sudeste,Mobile,33548,958,63,3,2,1448.59,1634.31,1349.24
2025-08-22,EML-001,Oferta Base Ativa,Email Marketing,Receita,Clientes ativos,Sudeste,Desktop,22099,2842,537,80,9,826.18,46329.4,883.2
2025-08-22,EML-002,Nutricao de Leads,Email Marketing,Conversoes,Leads em nutricao,Centro-Oeste,Desktop,17098,1645,157,6,3,606.46,3405.24,627.6
2025-08-23,GGL-001,Pesquisa Marca,Google Ads,Conversoes,Alta intencao,Sudeste,Mobile,3551,297,47,16,11,741.93,14607.08,952.56
2025-08-23,GGL-002,Pesquisa Generica,Google Ads,Conversoes,Intencao ampla,Nordeste,Mobile,7192,288,32,7,6,1232.76,5564.29,1404.35
2025-08-23,GGL-003,Performance Max,Google Ads,Receita,Multicanal,Sudeste,Mobile,8955,222,23,10,9,805.06,7784.82,1114.07
2025-08-23,MET-001,Remarketing Social,Meta Ads,Conversoes,Visitantes do site,Norte,Mobile,17473,643,81,18,10,1179.92,14096.91,1041.39
2025-08-23,MET-002,Prospeccao Interesses,Meta Ads,Leads,Interesses,Sul,Tablet,24495,445,23,7,4,885.61,4439.54,965.95
2025-08-23,MET-003,Publico Lookalike,Meta Ads,Leads,Semelhantes,Nordeste,Desktop,18431,406,30,2,1,875.19,1477.24,974.16
2025-08-23,LNK-001,Demo B2B,LinkedIn Ads,Leads,Decisores B2B,Sudeste,Mobile,5665,55,2,0,0,534.45,0.0,714.42
2025-08-23,LNK-002,Webinar Executivo,LinkedIn Ads,Leads,Liderancas,Sul,Mobile,5764,76,17,4,4,614.88,12214.89,658.89
2025-08-23,TTK-001,Video Descoberta,TikTok Ads,Alcance,Publico jovem,Sudeste,Mobile,25256,540,26,4,4,630.73,1853.18,991.12
2025-08-23,TTK-002,Criadores e Reviews,TikTok Ads,Conversoes,Engajados,Sul,Mobile,24273,615,28,2,2,910.91,1166.85,1349.24
2025-08-23,EML-001,Oferta Base Ativa,Email Marketing,Receita,Clientes ativos,Nordeste,Desktop,15141,1612,302,26,3,564.02,16869.92,883.2
2025-08-23,EML-002,Nutricao de Leads,Email Marketing,Conversoes,Leads em nutricao,Sudeste,Mobile,17439,1323,159,11,4,581.08,6295.01,627.6
2025-08-24,GGL-001,Pesquisa Marca,Google Ads,Conversoes,Alta intencao,Nordeste,Mobile,3280,227,26,11,7,567.26,9994.82,952.56
2025-08-24,GGL-002,Pesquisa Generica,Google Ads,Conversoes,Intencao ampla,Sudeste,Mobile,5117,209,17,8,5,819.48,9970.61,1404.35
2025-08-24,GGL-003,Performance Max,Google Ads,Receita,Multicanal,Sudeste,Mobile,10686,292,16,5,1,850.02,3588.0,1114.07
2025-08-24,MET-001,Remarketing Social,Meta Ads,Conversoes,Visitantes do site,Sudeste,Mobile,14809,442,67,15,3,774.22,10929.4,1041.39
2025-08-24,MET-002,Prospeccao Interesses,Meta Ads,Leads,Interesses,Sudeste,Mobile,23689,373,26,4,4,811.51,2645.02,965.95
2025-08-24,MET-003,Publico Lookalike,Meta Ads,Leads,Semelhantes,Nordeste,Desktop,16468,352,31,5,4,805.39,3651.96,974.16
2025-08-24,LNK-001,Demo B2B,LinkedIn Ads,Leads,Decisores B2B,Nordeste,Mobile,5069,53,5,0,0,515.36,0.0,714.42
2025-08-24,LNK-002,Webinar Executivo,LinkedIn Ads,Leads,Liderancas,Sudeste,Mobile,5043,56,9,4,3,430.71,12324.86,658.89
2025-08-24,TTK-001,Video Descoberta,TikTok Ads,Alcance,Publico jovem,Nordeste,Mobile,28047,687,20,4,4,821.09,1889.65,991.12
2025-08-24,TTK-002,Criadores e Reviews,TikTok Ads,Conversoes,Engajados,Sul,Tablet,25494,630,44,9,7,1013.39,4193.79,1349.24
2025-08-24,EML-001,Oferta Base Ativa,Email Marketing,Receita,Clientes ativos,Sudeste,Mobile,16722,2195,341,39,3,653.94,22477.16,883.2
2025-08-24,EML-002,Nutricao de Leads,Email Marketing,Conversoes,Leads em nutricao,Sul,Desktop,18160,1583,203,17,2,621.5,11019.42,627.6
2025-08-25,GGL-001,Pesquisa Marca,Google Ads,Conversoes,Alta intencao,Sul,Desktop,4505,333,59,18,14,1011.59,14002.66,952.56
2025-08-25,GGL-002,Pesquisa Generica,Google Ads,Conversoes,Intencao ampla,Sul,Mobile,7584,353,37,8,4,1516.42,8102.47,1404.35
2025-08-25,GGL-003,Performance Max,Google Ads,Receita,Multicanal,Centro-Oeste,Mobile,14536,370,24,5,2,1332.39,5082.31,1114.07
2025-08-25,MET-001,Remarketing Social,Meta Ads,Conversoes,Visitantes do site,Sul,Mobile,20260,606,71,23,7,1146.18,15566.53,1041.39
2025-08-25,MET-002,Prospeccao Interesses,Meta Ads,Leads,Interesses,Sudeste,Mobile,29753,517,42,8,8,1093.68,6767.44,965.95
2025-08-25,MET-003,Publico Lookalike,Meta Ads,Leads,Semelhantes,Sudeste,Desktop,19308,388,35,10,9,808.7,8170.54,974.16
2025-08-25,LNK-001,Demo B2B,LinkedIn Ads,Leads,Decisores B2B,Nordeste,Mobile,6274,57,8,2,1,574.6,6210.21,714.42
2025-08-25,LNK-002,Webinar Executivo,LinkedIn Ads,Leads,Liderancas,Nordeste,Mobile,6410,72,14,2,1,574.78,5677.92,658.89
2025-08-25,TTK-001,Video Descoberta,TikTok Ads,Alcance,Publico jovem,Sul,Mobile,37270,796,28,2,1,917.2,822.36,991.12
2025-08-25,TTK-002,Criadores e Reviews,TikTok Ads,Conversoes,Engajados,Sul,Mobile,28520,746,42,3,2,1194.07,1511.36,1349.24
2025-08-25,EML-001,Oferta Base Ativa,Email Marketing,Receita,Clientes ativos,Sul,Mobile,25073,2991,579,65,14,900.56,46894.7,883.2
2025-08-25,EML-002,Nutricao de Leads,Email Marketing,Conversoes,Leads em nutricao,Nordeste,Desktop,19760,1568,166,15,2,652.0,8883.65,627.6
2025-08-26,GGL-001,Pesquisa Marca,Google Ads,Conversoes,Alta intencao,Sul,Desktop,4001,265,30,13,4,812.64,9761.2,952.56
2025-08-26,GGL-002,Pesquisa Generica,Google Ads,Conversoes,Intencao ampla,Sudeste,Desktop,7733,313,23,3,1,1309.15,2768.1,1404.35
2025-08-26,GGL-003,Performance Max,Google Ads,Receita,Multicanal,Sul,Mobile,11644,358,25,9,7,1119.91,6848.14,1114.07
2025-08-26,MET-001,Remarketing Social,Meta Ads,Conversoes,Visitantes do site,Sudeste,Desktop,19658,565,63,17,8,907.95,11569.11,1041.39
2025-08-26,MET-002,Prospeccao Interesses,Meta Ads,Leads,Interesses,Nordeste,Mobile,28542,406,34,7,5,868.07,5328.58,965.95
2025-08-26,MET-003,Publico Lookalike,Meta Ads,Leads,Semelhantes,Sudeste,Desktop,19682,322,30,7,7,660.95,3876.6,974.16
2025-08-26,LNK-001,Demo B2B,LinkedIn Ads,Leads,Decisores B2B,Nordeste,Mobile,7612,66,5,0,0,653.93,0.0,714.42
2025-08-26,LNK-002,Webinar Executivo,LinkedIn Ads,Leads,Liderancas,Sudeste,Mobile,5759,65,10,0,0,544.89,0.0,658.89
2025-08-26,TTK-001,Video Descoberta,TikTok Ads,Alcance,Publico jovem,Sul,Mobile,37805,854,39,4,4,937.83,1933.99,991.12
2025-08-26,TTK-002,Criadores e Reviews,TikTok Ads,Conversoes,Engajados,Centro-Oeste,Mobile,31938,752,36,3,2,1125.3,1820.96,1349.24
2025-08-26,EML-001,Oferta Base Ativa,Email Marketing,Receita,Clientes ativos,Sudeste,Desktop,24125,3347,632,82,8,917.2,48798.18,883.2
2025-08-26,EML-002,Nutricao de Leads,Email Marketing,Conversoes,Leads em nutricao,Sudeste,Mobile,22763,2059,281,17,8,761.16,10319.69,627.6
2025-08-27,GGL-001,Pesquisa Marca,Google Ads,Conversoes,Alta intencao,Nordeste,Mobile,4436,255,40,16,8,691.81,15569.4,952.56
2025-08-27,GGL-002,Pesquisa Generica,Google Ads,Conversoes,Intencao ampla,Nordeste,Desktop,8283,352,41,13,9,1473.17,13962.43,1404.35
2025-08-27,GGL-003,Performance Max,Google Ads,Receita,Multicanal,Sul,Mobile,12597,381,34,4,4,1435.45,3725.42,1114.07
2025-08-27,MET-001,Remarketing Social,Meta Ads,Conversoes,Visitantes do site,Centro-Oeste,Mobile,18886,560,80,26,14,935.31,20184.42,1041.39
2025-08-27,MET-002,Prospeccao Interesses,Meta Ads,Leads,Interesses,Nordeste,Mobile,21072,279,19,1,1,575.41,538.2,965.95
2025-08-27,MET-003,Publico Lookalike,Meta Ads,Leads,Semelhantes,Sudeste,Mobile,22624,520,55,11,9,933.79,7914.54,974.16
2025-08-27,LNK-001,Demo B2B,LinkedIn Ads,Leads,Decisores B2B,Sudeste,Mobile,8597,66,8,2,2,636.51,6539.52,714.42
2025-08-27,LNK-002,Webinar Executivo,LinkedIn Ads,Leads,Liderancas,Nordeste,Mobile,6697,61,15,0,0,541.77,0.0,658.89
2025-08-27,TTK-001,Video Descoberta,TikTok Ads,Alcance,Publico jovem,Sudeste,Mobile,43837,945,35,4,4,992.7,1830.28,991.12
2025-08-27,TTK-002,Criadores e Reviews,TikTok Ads,Conversoes,Engajados,Sudeste,Mobile,24627,660,35,5,3,1094.4,2413.41,1349.24
2025-08-27,EML-001,Oferta Base Ativa,Email Marketing,Receita,Clientes ativos,Nordeste,Desktop,21930,2924,567,72,10,831.0,51155.78,883.2
2025-08-27,EML-002,Nutricao de Leads,Email Marketing,Conversoes,Leads em nutricao,Sudeste,Mobile,16988,1264,178,24,9,566.16,14549.44,627.6
2025-08-28,GGL-001,Pesquisa Marca,Google Ads,Conversoes,Alta intencao,Sudeste,Mobile,4416,252,31,12,12,704.59,7956.0,952.56
2025-08-28,GGL-002,Pesquisa Generica,Google Ads,Conversoes,Intencao ampla,Sudeste,Mobile,7382,376,36,5,5,1546.79,5005.2,1404.35
2025-08-28,GGL-003,Performance Max,Google Ads,Receita,Multicanal,Sudeste,Mobile,11787,290,20,2,1,1001.91,1874.04,1114.07
2025-08-28,MET-001,Remarketing Social,Meta Ads,Conversoes,Visitantes do site,Sul,Mobile,23019,637,84,26,10,1106.52,21913.38,1041.39
2025-08-28,MET-002,Prospeccao Interesses,Meta Ads,Leads,Interesses,Nordeste,Mobile,19007,296,35,6,6,595.12,3229.2,965.95
2025-08-28,MET-003,Publico Lookalike,Meta Ads,Leads,Semelhantes,Sudeste,Mobile,23750,421,45,11,7,847.88,9633.61,974.16
2025-08-28,LNK-001,Demo B2B,LinkedIn Ads,Leads,Decisores B2B,Sul,Desktop,8950,86,5,1,1,832.47,2951.51,714.42
2025-08-28,LNK-002,Webinar Executivo,LinkedIn Ads,Leads,Liderancas,Nordeste,Mobile,6120,62,12,2,2,549.18,5315.89,658.89
2025-08-28,TTK-001,Video Descoberta,TikTok Ads,Alcance,Publico jovem,Nordeste,Mobile,35071,731,31,3,3,868.48,1710.51,991.12
2025-08-28,TTK-002,Criadores e Reviews,TikTok Ads,Conversoes,Engajados,Sul,Tablet,36257,867,47,7,6,1554.14,3713.42,1349.24
2025-08-28,EML-001,Oferta Base Ativa,Email Marketing,Receita,Clientes ativos,Nordeste,Mobile,25120,2876,419,54,6,890.0,33365.37,883.2
2025-08-28,EML-002,Nutricao de Leads,Email Marketing,Conversoes,Leads em nutricao,Sudeste,Tablet,15992,1208,155,16,10,540.64,9306.71,627.6
2025-08-29,GGL-001,Pesquisa Marca,Google Ads,Conversoes,Alta intencao,Sudeste,Mobile,5039,372,56,19,14,1067.09,18009.36,952.56
2025-08-29,GGL-002,Pesquisa Generica,Google Ads,Conversoes,Intencao ampla,Centro-Oeste,Desktop,8176,276,28,7,5,1208.91,7532.56,1404.35
2025-08-29,GGL-003,Performance Max,Google Ads,Receita,Multicanal,Nordeste,Desktop,11722,319,26,7,4,1041.88,5979.44,1114.07
2025-08-29,MET-001,Remarketing Social,Meta Ads,Conversoes,Visitantes do site,Nordeste,Mobile,22950,740,73,15,3,1310.58,10581.83,1041.39
2025-08-29,MET-002,Prospeccao Interesses,Meta Ads,Leads,Interesses,Nordeste,Mobile,32060,538,40,9,7,1165.03,5100.23,965.95
2025-08-29,MET-003,Publico Lookalike,Meta Ads,Leads,Semelhantes,Sul,Desktop,25979,538,40,5,5,1067.54,3367.72,974.16
2025-08-29,LNK-001,Demo B2B,LinkedIn Ads,Leads,Decisores B2B,Sudeste,Mobile,8580,87,7,1,1,855.28,2696.9,714.42
2025-08-29,LNK-002,Webinar Executivo,LinkedIn Ads,Leads,Liderancas,Nordeste,Desktop,7265,89,9,0,0,758.12,0.0,658.89
2025-08-29,TTK-001,Video Descoberta,TikTok Ads,Alcance,Publico jovem,Sul,Mobile,32698,767,28,3,2,774.6,1369.94,991.12
2025-08-29,TTK-002,Criadores e Reviews,TikTok Ads,Conversoes,Engajados,Centro-Oeste,Desktop,30925,781,46,8,7,1231.54,4783.53,1349.24
2025-08-29,EML-001,Oferta Base Ativa,Email Marketing,Receita,Clientes ativos,Norte,Mobile,21170,2286,347,36,8,752.0,26447.81,883.2
2025-08-29,EML-002,Nutricao de Leads,Email Marketing,Conversoes,Leads em nutricao,Nordeste,Desktop,19470,1303,129,4,2,619.7,2371.83,627.6
2025-08-30,GGL-001,Pesquisa Marca,Google Ads,Conversoes,Alta intencao,Sudeste,Desktop,3918,308,60,17,12,886.85,14158.19,952.56
2025-08-30,GGL-002,Pesquisa Generica,Google Ads,Conversoes,Intencao ampla,Sul,Mobile,5511,277,30,9,7,1154.53,8677.1,1404.35
2025-08-30,GGL-003,Performance Max,Google Ads,Receita,Multicanal,Sudeste,Mobile,7014,161,12,2,1,511.2,1678.62,1114.07
2025-08-30,MET-001,Remarketing Social,Meta Ads,Conversoes,Visitantes do site,Nordeste,Mobile,14976,457,48,9,3,745.76,7488.68,1041.39
2025-08-30,MET-002,Prospeccao Interesses,Meta Ads,Leads,Interesses,Sudeste,Tablet,20554,387,35,5,4,892.35,3145.09,965.95
2025-08-30,MET-003,Publico Lookalike,Meta Ads,Leads,Semelhantes,Norte,Mobile,17581,327,16,1,1,675.87,767.72,974.16
2025-08-30,LNK-001,Demo B2B,LinkedIn Ads,Leads,Decisores B2B,Sudeste,Desktop,6275,54,6,0,0,537.96,0.0,714.42
2025-08-30,LNK-002,Webinar Executivo,LinkedIn Ads,Leads,Liderancas,Sul,Desktop,4237,56,10,3,3,463.78,9094.6,658.89
2025-08-30,TTK-001,Video Descoberta,TikTok Ads,Alcance,Publico jovem,Sudeste,Mobile,26740,613,22,1,1,716.58,508.52,991.12
2025-08-30,TTK-002,Criadores e Reviews,TikTok Ads,Conversoes,Engajados,Sul,Mobile,22122,605,26,0,0,834.09,0.0,1349.24
2025-08-30,EML-001,Oferta Base Ativa,Email Marketing,Receita,Clientes ativos,Nordeste,Desktop,20124,2338,442,52,9,736.28,33652.33,883.2
2025-08-30,EML-002,Nutricao de Leads,Email Marketing,Conversoes,Leads em nutricao,Sul,Tablet,14802,1306,151,14,6,526.64,6988.8,627.6
2025-08-31,GGL-001,Pesquisa Marca,Google Ads,Conversoes,Alta intencao,Sudeste,Mobile,4177,265,45,13,8,795.03,10557.69,952.56
2025-08-31,GGL-002,Pesquisa Generica,Google Ads,Conversoes,Intencao ampla,Sudeste,Tablet,5960,247,20,6,6,1073.52,6445.5,1404.35
2025-08-31,GGL-003,Performance Max,Google Ads,Receita,Multicanal,Norte,Mobile,10235,268,28,2,2,849.56,1683.18,1114.07
2025-08-31,MET-001,Remarketing Social,Meta Ads,Conversoes,Visitantes do site,Nordeste,Mobile,10524,260,25,6,2,424.65,3749.57,1041.39
2025-08-31,MET-002,Prospeccao Interesses,Meta Ads,Leads,Interesses,Centro-Oeste,Mobile,18654,352,22,4,4,729.07,2452.05,965.95
2025-08-31,MET-003,Publico Lookalike,Meta Ads,Leads,Semelhantes,Nordeste,Desktop,15973,308,31,3,3,655.05,2141.04,974.16
2025-08-31,LNK-001,Demo B2B,LinkedIn Ads,Leads,Decisores B2B,Sudeste,Mobile,5254,64,11,2,2,611.85,8666.98,714.42
2025-08-31,LNK-002,Webinar Executivo,LinkedIn Ads,Leads,Liderancas,Sul,Mobile,6088,66,6,0,0,549.71,0.0,658.89
2025-08-31,TTK-001,Video Descoberta,TikTok Ads,Alcance,Publico jovem,Sudeste,Mobile,31590,630,24,0,0,706.26,0.0,991.12
2025-08-31,TTK-002,Criadores e Reviews,TikTok Ads,Conversoes,Engajados,Centro-Oeste,Mobile,28363,758,44,9,8,1144.76,6051.78,1349.24
2025-08-31,EML-001,Oferta Base Ativa,Email Marketing,Receita,Clientes ativos,Centro-Oeste,Mobile,19391,2726,429,53,7,760.42,30814.66,883.2
2025-08-31,EML-002,Nutricao de Leads,Email Marketing,Conversoes,Leads em nutricao,Sudeste,Mobile,15469,1408,134,12,4,550.18,9856.4,627.6
2025-09-01,GGL-001,Pesquisa Marca,Google Ads,Conversoes,Alta intencao,Sudeste,Mobile,4920,403,65,13,7,1175.46,11350.45,952.56
2025-09-01,GGL-002,Pesquisa Generica,Google Ads,Conversoes,Intencao ampla,Sudeste,Tablet,8712,357,40,12,9,1472.12,11212.21,1404.35
2025-09-01,GGL-003,Performance Max,Google Ads,Receita,Multicanal,Centro-Oeste,Desktop,11356,346,25,4,4,1136.23,3301.05,1114.07
2025-09-01,MET-001,Remarketing Social,Meta Ads,Conversoes,Visitantes do site,Norte,Desktop,22937,714,99,17,10,1368.21,12979.47,1041.39
2025-09-01,MET-002,Prospeccao Interesses,Meta Ads,Leads,Interesses,Sudeste,Mobile,34879,545,39,10,8,1223.5,7718.63,965.95
2025-09-01,MET-003,Publico Lookalike,Meta Ads,Leads,Semelhantes,Sul,Desktop,22441,408,38,5,4,840.97,3233.95,974.16
2025-09-01,LNK-001,Demo B2B,LinkedIn Ads,Leads,Decisores B2B,Sudeste,Mobile,6805,52,1,0,0,504.87,0.0,714.42
2025-09-01,LNK-002,Webinar Executivo,LinkedIn Ads,Leads,Liderancas,Centro-Oeste,Desktop,6207,56,8,0,0,497.47,0.0,658.89
2025-09-01,TTK-001,Video Descoberta,TikTok Ads,Alcance,Publico jovem,Sudeste,Mobile,37607,678,20,0,0,760.31,0.0,991.12
2025-09-01,TTK-002,Criadores e Reviews,TikTok Ads,Conversoes,Engajados,Nordeste,Mobile,38720,1174,64,8,7,1866.3,4193.21,1349.24
2025-09-01,EML-001,Oferta Base Ativa,Email Marketing,Receita,Clientes ativos,Sudeste,Mobile,21950,2616,401,51,8,800.6,28487.77,883.2
2025-09-01,EML-002,Nutricao de Leads,Email Marketing,Conversoes,Leads em nutricao,Sudeste,Mobile,16303,1470,202,20,7,573.06,11793.62,627.6
2025-09-02,GGL-001,Pesquisa Marca,Google Ads,Conversoes,Alta intencao,Sul,Mobile,5048,283,52,20,11,813.01,18628.55,952.56
2025-09-02,GGL-002,Pesquisa Generica,Google Ads,Conversoes,Intencao ampla,Nordeste,Desktop,7134,308,42,10,10,1281.12,11903.84,1404.35
2025-09-02,GGL-003,Performance Max,Google Ads,Receita,Multicanal,Centro-Oeste,Desktop,10537,286,21,5,5,942.83,4305.77,1114.07
2025-09-02,MET-001,Remarketing Social,Meta Ads,Conversoes,Visitantes do site,Sudeste,Desktop,19438,545,62,18,6,1010.82,12125.02,1041.39
2025-09-02,MET-002,Prospeccao Interesses,Meta Ads,Leads,Interesses,Sudeste,Desktop,23463,376,25,4,4,931.67,2261.66,965.95
2025-09-02,MET-003,Publico Lookalike,Meta Ads,Leads,Semelhantes,Sul,Mobile,21199,447,37,10,8,958.29,6805.72,974.16
2025-09-02,LNK-001,Demo B2B,LinkedIn Ads,Leads,Decisores B2B,Norte,Mobile,8756,66,7,0,0,675.09,0.0,714.42
2025-09-02,LNK-002,Webinar Executivo,LinkedIn Ads,Leads,Liderancas,Sudeste,Mobile,6573,73,9,1,1,553.36,2507.59,658.89
2025-09-02,TTK-001,Video Descoberta,TikTok Ads,Alcance,Publico jovem,Nordeste,Desktop,45550,919,33,1,1,1141.14,566.95,991.12
2025-09-02,TTK-002,Criadores e Reviews,TikTok Ads,Conversoes,Engajados,Sul,Mobile,35178,748,42,2,2,1216.13,1084.24,1349.24
2025-09-02,EML-001,Oferta Base Ativa,Email Marketing,Receita,Clientes ativos,Sul,Mobile,19764,2537,499,61,12,748.98,38832.95,883.2
2025-09-02,EML-002,Nutricao de Leads,Email Marketing,Conversoes,Leads em nutricao,Sudeste,Desktop,19426,1389,163,12,5,627.42,5990.4,627.6
2025-09-03,GGL-001,Pesquisa Marca,Google Ads,Conversoes,Alta intencao,Sudeste,Mobile,6102,441,53,16,9,1303.17,14929.19,952.56
2025-09-03,GGL-002,Pesquisa Generica,Google Ads,Conversoes,Intencao ampla,Sul,Desktop,7694,394,38,9,7,1590.97,9609.88,1404.35
2025-09-03,GGL-003,Performance Max,Google Ads,Receita,Multicanal,Sudeste,Mobile,10116,250,17,4,4,907.78,3709.48,1114.07
2025-09-03,MET-001,Remarketing Social,Meta Ads,Conversoes,Visitantes do site,Nordeste,Desktop,19533,658,82,15,5,1196.81,8711.54,1041.39
2025-09-03,MET-002,Prospeccao Interesses,Meta Ads,Leads,Interesses,Sudeste,Mobile,31384,465,28,4,2,1071.19,2610.3,965.95
2025-09-03,MET-003,Publico Lookalike,Meta Ads,Leads,Semelhantes,Sudeste,Mobile,27341,445,50,11,9,1006.14,8714.65,974.16
2025-09-03,LNK-001,Demo B2B,LinkedIn Ads,Leads,Decisores B2B,Sul,Mobile,9987,88,8,0,0,859.97,0.0,714.42
2025-09-03,LNK-002,Webinar Executivo,LinkedIn Ads,Leads,Liderancas,Sudeste,Mobile,7434,65,8,1,1,562.83,3064.62,658.89
2025-09-03,TTK-001,Video Descoberta,TikTok Ads,Alcance,Publico jovem,Nordeste,Desktop,45462,1186,35,6,6,1390.87,2592.05,991.12
2025-09-03,TTK-002,Criadores e Reviews,TikTok Ads,Conversoes,Engajados,Sudeste,Mobile,32035,880,50,3,2,1162.04,1549.95,1349.24
2025-09-03,EML-001,Oferta Base Ativa,Email Marketing,Receita,Clientes ativos,Nordeste,Mobile,30764,3589,533,69,9,1074.18,47585.07,883.2
2025-09-03,EML-002,Nutricao de Leads,Email Marketing,Conversoes,Leads em nutricao,Centro-Oeste,Mobile,22862,2052,317,27,7,762.44,19483.7,627.6
2025-09-04,GGL-001,Pesquisa Marca,Google Ads,Conversoes,Alta intencao,Sudeste,Mobile,5241,454,75,20,15,1205.1,18166.1,952.56
2025-09-04,GGL-002,Pesquisa Generica,Google Ads,Conversoes,Intencao ampla,Sudeste,Desktop,6207,271,31,9,7,1167.9,10328.81,1404.35
2025-09-04,GGL-003,Performance Max,Google Ads,Receita,Multicanal,Sul,Mobile,11532,294,19,2,1,980.46,1783.58,1114.07
2025-09-04,MET-001,Remarketing Social,Meta Ads,Conversoes,Visitantes do site,Norte,Mobile,19753,549,72,19,9,1033.12,15508.47,1041.39
2025-09-04,MET-002,Prospeccao Interesses,Meta Ads,Leads,Interesses,Sudeste,Tablet,29410,499,42,6,5,1013.98,4292.44,965.95
2025-09-04,MET-003,Publico Lookalike,Meta Ads,Leads,Semelhantes,Norte,Mobile,24429,419,30,4,2,902.84,2695.37,974.16
2025-09-04,LNK-001,Demo B2B,LinkedIn Ads,Leads,Decisores B2B,Sudeste,Mobile,7735,67,4,0,0,685.04,0.0,714.42
2025-09-04,LNK-002,Webinar Executivo,LinkedIn Ads,Leads,Liderancas,Nordeste,Mobile,7761,86,8,0,0,711.63,0.0,658.89
2025-09-04,TTK-001,Video Descoberta,TikTok Ads,Alcance,Publico jovem,Sul,Mobile,45714,781,31,7,6,907.86,2810.8,991.12
2025-09-04,TTK-002,Criadores e Reviews,TikTok Ads,Conversoes,Engajados,Norte,Mobile,39742,1021,64,11,9,1737.8,6282.68,1349.24
2025-09-04,EML-001,Oferta Base Ativa,Email Marketing,Receita,Clientes ativos,Nordeste,Desktop,23200,2653,440,52,8,829.3,28139.27,883.2
2025-09-04,EML-002,Nutricao de Leads,Email Marketing,Conversoes,Leads em nutricao,Centro-Oeste,Mobile,16997,1501,172,20,9,590.04,15269.1,627.6
2025-09-05,GGL-001,Pesquisa Marca,Google Ads,Conversoes,Alta intencao,Sudeste,Mobile,5547,349,36,8,4,1067.48,5593.39,952.56
2025-09-05,GGL-002,Pesquisa Generica,Google Ads,Conversoes,Intencao ampla,Sul,Mobile,8172,296,33,9,5,1349.58,8822.35,1404.35
2025-09-05,GGL-003,Performance Max,Google Ads,Receita,Multicanal,Nordeste,Mobile,10580,287,26,5,4,887.3,4866.41,1114.07
2025-09-05,MET-001,Remarketing Social,Meta Ads,Conversoes,Visitantes do site,Sudeste,Tablet,18793,601,80,19,13,1093.84,14687.61,1041.39
2025-09-05,MET-002,Prospeccao Interesses,Meta Ads,Leads,Interesses,Nordeste,Mobile,26948,431,32,6,6,974.44,4029.37,965.95
2025-09-05,MET-003,Publico Lookalike,Meta Ads,Leads,Semelhantes,Sudeste,Mobile,18526,363,26,1,1,742.11,670.66,974.16
2025-09-05,LNK-001,Demo B2B,LinkedIn Ads,Leads,Decisores B2B,Sudeste,Mobile,8097,72,8,2,2,652.42,7969.79,714.42
2025-09-05,LNK-002,Webinar Executivo,LinkedIn Ads,Leads,Liderancas,Norte,Desktop,6742,89,19,3,2,689.52,9151.19,658.89
2025-09-05,TTK-001,Video Descoberta,TikTok Ads,Alcance,Publico jovem,Sudeste,Desktop,42279,942,28,5,5,1071.26,2381.91,991.12
2025-09-05,TTK-002,Criadores e Reviews,TikTok Ads,Conversoes,Engajados,Sudeste,Mobile,35103,892,54,6,5,1390.07,2801.19,1349.24
2025-09-05,EML-001,Oferta Base Ativa,Email Marketing,Receita,Clientes ativos,Norte,Mobile,26459,3298,651,88,10,958.98,59261.34,883.2
2025-09-05,EML-002,Nutricao de Leads,Email Marketing,Conversoes,Leads em nutricao,Nordeste,Mobile,20139,1653,201,10,4,668.08,5239.81,627.6
2025-09-06,GGL-001,Pesquisa Marca,Google Ads,Conversoes,Alta intencao,Sudeste,Desktop,3970,276,47,18,13,761.21,16428.48,952.56
2025-09-06,GGL-002,Pesquisa Generica,Google Ads,Conversoes,Intencao ampla,Sudeste,Mobile,5230,208,18,1,0,934.07,1075.81,1404.35
2025-09-06,GGL-003,Performance Max,Google Ads,Receita,Multicanal,Sul,Mobile,11276,311,35,6,4,972.57,5331.86,1114.07
2025-09-06,MET-001,Remarketing Social,Meta Ads,Conversoes,Visitantes do site,Sudeste,Mobile,16746,497,65,22,11,927.42,13968.34,1041.39
2025-09-06,MET-002,Prospeccao Interesses,Meta Ads,Leads,Interesses,Sudeste,Mobile,22018,323,23,3,3,701.29,1766.92,965.95
2025-09-06,MET-003,Publico Lookalike,Meta Ads,Leads,Semelhantes,Sudeste,Mobile,18113,351,28,4,4,673.62,2437.81,974.16
2025-09-06,LNK-001,Demo B2B,LinkedIn Ads,Leads,Decisores B2B,Nordeste,Mobile,7282,68,5,0,0,620.27,0.0,714.42
2025-09-06,LNK-002,Webinar Executivo,LinkedIn Ads,Leads,Liderancas,Centro-Oeste,Tablet,5220,78,13,1,1,659.2,2945.19,658.89
2025-09-06,TTK-001,Video Descoberta,TikTok Ads,Alcance,Publico jovem,Sudeste,Mobile,29268,711,25,2,2,826.25,843.74,991.12
2025-09-06,TTK-002,Criadores e Reviews,TikTok Ads,Conversoes,Engajados,Sudeste,Desktop,24345,739,34,5,4,1158.32,2777.17,1349.24
2025-09-06,EML-001,Oferta Base Ativa,Email Marketing,Receita,Clientes ativos,Sudeste,Desktop,22140,2471,485,67,9,789.9,45968.86,883.2
2025-09-06,EML-002,Nutricao de Leads,Email Marketing,Conversoes,Leads em nutricao,Nordeste,Mobile,15139,1188,154,18,3,521.58,12251.73,627.6
2025-09-07,GGL-001,Pesquisa Marca,Google Ads,Conversoes,Alta intencao,Sul,Mobile,4564,386,68,14,10,1094.7,11071.08,952.56
2025-09-07,GGL-002,Pesquisa Generica,Google Ads,Conversoes,Intencao ampla,Sul,Desktop,5647,278,36,7,4,1118.02,7277.6,1404.35
2025-09-07,GGL-003,Performance Max,Google Ads,Receita,Multicanal,Centro-Oeste,Mobile,10474,252,29,7,6,819.47,5331.65,1114.07
2025-09-07,MET-001,Remarketing Social,Meta Ads,Conversoes,Visitantes do site,Nordeste,Tablet,16623,465,67,25,8,818.16,15332.71,1041.39
2025-09-07,MET-002,Prospeccao Interesses,Meta Ads,Leads,Interesses,Sul,Mobile,17627,306,24,5,4,668.04,2917.04,965.95
2025-09-07,MET-003,Publico Lookalike,Meta Ads,Leads,Semelhantes,Sudeste,Desktop,18004,378,40,7,7,849.5,4649.74,974.16
2025-09-07,LNK-001,Demo B2B,LinkedIn Ads,Leads,Decisores B2B,Nordeste,Mobile,5741,59,2,0,0,589.58,0.0,714.42
2025-09-07,LNK-002,Webinar Executivo,LinkedIn Ads,Leads,Liderancas,Norte,Mobile,5269,79,13,2,1,650.01,5259.32,658.89
2025-09-07,TTK-001,Video Descoberta,TikTok Ads,Alcance,Publico jovem,Norte,Desktop,31733,748,35,4,4,905.01,2350.69,991.12
2025-09-07,TTK-002,Criadores e Reviews,TikTok Ads,Conversoes,Engajados,Nordeste,Desktop,28268,699,32,4,4,1035.69,2201.53,1349.24
2025-09-07,EML-001,Oferta Base Ativa,Email Marketing,Receita,Clientes ativos,Norte,Tablet,20280,2333,413,58,6,738.9,27596.4,883.2
2025-09-07,EML-002,Nutricao de Leads,Email Marketing,Conversoes,Leads em nutricao,Centro-Oeste,Mobile,16184,1206,139,10,5,544.28,5897.96,627.6
2025-09-08,GGL-001,Pesquisa Marca,Google Ads,Conversoes,Alta intencao,Nordeste,Mobile,4073,293,36,14,12,820.23,11398.1,952.56
2025-09-08,GGL-002,Pesquisa Generica,Google Ads,Conversoes,Intencao ampla,Sudeste,Mobile,6719,339,24,3,2,1361.54,2657.25,1404.35
2025-09-08,GGL-003,Performance Max,Google Ads,Receita,Multicanal,Sul,Mobile,14966,394,26,2,1,1307.06,1933.15,1114.07
2025-09-08,MET-001,Remarketing Social,Meta Ads,Conversoes,Visitantes do site,Nordeste,Mobile,21749,611,62,19,6,1108.65,13959.65,1041.39
2025-09-08,MET-002,Prospeccao Interesses,Meta Ads,Leads,Interesses,Sul,Mobile,27563,331,20,3,3,683.66,2449.05,965.95
2025-09-08,MET-003,Publico Lookalike,Meta Ads,Leads,Semelhantes,Sul,Mobile,21660,415,41,10,9,824.92,5889.85,974.16
2025-09-08,LNK-001,Demo B2B,LinkedIn Ads,Leads,Decisores B2B,Sudeste,Mobile,8205,76,9,1,1,782.75,3273.77,714.42
2025-09-08,LNK-002,Webinar Executivo,LinkedIn Ads,Leads,Liderancas,Sudeste,Mobile,7862,86,17,2,2,716.31,4056.0,658.89
2025-09-08,TTK-001,Video Descoberta,TikTok Ads,Alcance,Publico jovem,Nordeste,Mobile,39876,797,34,2,2,829.08,775.98,991.12
2025-09-08,TTK-002,Criadores e Reviews,TikTok Ads,Conversoes,Engajados,Sudeste,Mobile,30580,821,54,7,5,1317.3,3524.41,1349.24
2025-09-08,EML-001,Oferta Base Ativa,Email Marketing,Receita,Clientes ativos,Nordeste,Mobile,23041,2710,540,61,9,831.82,39288.22,883.2
2025-09-08,EML-002,Nutricao de Leads,Email Marketing,Conversoes,Leads em nutricao,Sudeste,Mobile,22463,1922,258,20,7,741.46,12943.49,627.6
2025-09-09,GGL-001,Pesquisa Marca,Google Ads,Conversoes,Alta intencao,Sudeste,Mobile,5125,333,51,16,10,1023.55,14050.91,952.56
2025-09-09,GGL-002,Pesquisa Generica,Google Ads,Conversoes,Intencao ampla,Norte,Mobile,8198,296,26,10,10,1268.32,8630.0,1404.35
2025-09-09,GGL-003,Performance Max,Google Ads,Receita,Multicanal,Sul,Mobile,12355,321,23,5,4,1138.0,5159.95,1114.07
2025-09-09,MET-001,Remarketing Social,Meta Ads,Conversoes,Visitantes do site,Nordeste,Desktop,19575,598,62,10,2,1056.02,6767.56,1041.39
2025-09-09,MET-002,Prospeccao Interesses,Meta Ads,Leads,Interesses,Nordeste,Mobile,30383,507,34,10,9,1078.58,6570.91,965.95
2025-09-09,MET-003,Publico Lookalike,Meta Ads,Leads,Semelhantes,Sudeste,Desktop,24387,534,42,14,14,1123.46,12088.76,974.16
2025-09-09,LNK-001,Demo B2B,LinkedIn Ads,Leads,Decisores B2B,Centro-Oeste,Desktop,7658,59,5,1,1,611.83,3450.73,714.42
2025-09-09,LNK-002,Webinar Executivo,LinkedIn Ads,Leads,Liderancas,Nordeste,Tablet,6140,64,5,0,0,535.26,0.0,658.89
2025-09-09,TTK-001,Video Descoberta,TikTok Ads,Alcance,Publico jovem,Norte,Mobile,41043,861,37,5,5,960.83,1904.93,991.12
2025-09-09,TTK-002,Criadores e Reviews,TikTok Ads,Conversoes,Engajados,Sudeste,Mobile,29829,665,36,6,5,1073.24,2901.92,1349.24
2025-09-09,EML-001,Oferta Base Ativa,Email Marketing,Receita,Clientes ativos,Nordeste,Mobile,24406,2942,525,48,5,882.32,29346.95,883.2
2025-09-09,EML-002,Nutricao de Leads,Email Marketing,Conversoes,Leads em nutricao,Sudeste,Desktop,18101,1512,175,24,13,613.22,12799.12,627.6
2025-09-10,GGL-001,Pesquisa Marca,Google Ads,Conversoes,Alta intencao,Nordeste,Mobile,5403,327,67,22,17,930.84,18240.91,952.56
2025-09-10,GGL-002,Pesquisa Generica,Google Ads,Conversoes,Intencao ampla,Sudeste,Mobile,8500,395,53,10,8,1575.61,10154.81,1404.35
2025-09-10,GGL-003,Performance Max,Google Ads,Receita,Multicanal,Sudeste,Desktop,12229,349,19,2,2,1185.48,1484.86,1114.07
2025-09-10,MET-001,Remarketing Social,Meta Ads,Conversoes,Visitantes do site,Sudeste,Mobile,25169,831,74,14,5,1510.99,10458.04,1041.39
2025-09-10,MET-002,Prospeccao Interesses,Meta Ads,Leads,Interesses,Centro-Oeste,Desktop,27627,422,28,6,5,904.59,3966.92,965.95
2025-09-10,MET-003,Publico Lookalike,Meta Ads,Leads,Semelhantes,Sudeste,Mobile,31566,737,61,8,7,1526.21,5513.24,974.16
2025-09-10,LNK-001,Demo B2B,LinkedIn Ads,Leads,Decisores B2B,Sudeste,Mobile,9741,91,10,0,0,875.87,0.0,714.42
2025-09-10,LNK-002,Webinar Executivo,LinkedIn Ads,Leads,Liderancas,Sul,Mobile,7412,84,10,0,0,645.48,0.0,658.89
2025-09-10,TTK-001,Video Descoberta,TikTok Ads,Alcance,Publico jovem,Sudeste,Mobile,42928,718,29,1,1,773.88,395.44,991.12
2025-09-10,TTK-002,Criadores e Reviews,TikTok Ads,Conversoes,Engajados,Sul,Mobile,26659,763,40,3,2,1201.09,1744.22,1349.24
2025-09-10,EML-001,Oferta Base Ativa,Email Marketing,Receita,Clientes ativos,Nordeste,Tablet,23856,2981,550,75,9,875.22,46078.24,883.2
2025-09-10,EML-002,Nutricao de Leads,Email Marketing,Conversoes,Leads em nutricao,Sudeste,Mobile,15830,1221,183,18,9,538.7,11579.81,627.6
2025-09-11,GGL-001,Pesquisa Marca,Google Ads,Conversoes,Alta intencao,Nordeste,Mobile,4973,386,55,17,11,1115.28,14131.91,952.56
2025-09-11,GGL-002,Pesquisa Generica,Google Ads,Conversoes,Intencao ampla,Sul,Mobile,8168,343,35,7,4,1597.1,5403.84,1404.35
2025-09-11,GGL-003,Performance Max,Google Ads,Receita,Multicanal,Sudeste,Mobile,11537,257,17,3,2,914.59,2627.57,1114.07
2025-09-11,MET-001,Remarketing Social,Meta Ads,Conversoes,Visitantes do site,Sul,Mobile,19543,557,62,18,7,896.64,14065.29,1041.39
2025-09-11,MET-002,Prospeccao Interesses,Meta Ads,Leads,Interesses,Sudeste,Mobile,29056,425,24,5,4,932.49,3417.23,965.95
2025-09-11,MET-003,Publico Lookalike,Meta Ads,Leads,Semelhantes,Nordeste,Mobile,19276,344,24,5,5,663.05,4285.75,974.16
2025-09-11,LNK-001,Demo B2B,LinkedIn Ads,Leads,Decisores B2B,Nordeste,Mobile,9226,74,3,0,0,725.32,0.0,714.42
2025-09-11,LNK-002,Webinar Executivo,LinkedIn Ads,Leads,Liderancas,Sudeste,Mobile,8328,86,7,0,0,773.95,0.0,658.89
2025-09-11,TTK-001,Video Descoberta,TikTok Ads,Alcance,Publico jovem,Nordeste,Mobile,51852,1076,39,5,5,1340.32,2441.32,991.12
2025-09-11,TTK-002,Criadores e Reviews,TikTok Ads,Conversoes,Engajados,Sudeste,Mobile,29088,701,37,5,4,1017.41,2106.0,1349.24
2025-09-11,EML-001,Oferta Base Ativa,Email Marketing,Receita,Clientes ativos,Sudeste,Mobile,22881,2412,451,64,3,798.82,40459.06,883.2
2025-09-11,EML-002,Nutricao de Leads,Email Marketing,Conversoes,Leads em nutricao,Nordeste,Desktop,15852,1283,169,13,5,545.34,7572.5,627.6
2025-09-12,GGL-001,Pesquisa Marca,Google Ads,Conversoes,Alta intencao,Sul,Desktop,4897,428,78,28,21,1241.11,24612.06,952.56
2025-09-12,GGL-002,Pesquisa Generica,Google Ads,Conversoes,Intencao ampla,Nordeste,Desktop,7578,343,31,5,3,1475.27,4325.48,1404.35
2025-09-12,GGL-003,Performance Max,Google Ads,Receita,Multicanal,Sudeste,Desktop,14535,432,24,8,5,1646.63,8063.95,1114.07
2025-09-12,MET-001,Remarketing Social,Meta Ads,Conversoes,Visitantes do site,Sudeste,Mobile,17529,557,48,16,8,979.58,10840.94,1041.39
2025-09-12,MET-002,Prospeccao Interesses,Meta Ads,Leads,Interesses,Sul,Desktop,33353,546,47,6,6,1243.62,3956.11,965.95
2025-09-12,MET-003,Publico Lookalike,Meta Ads,Leads,Semelhantes,Nordeste,Desktop,24148,455,48,10,10,869.45,6502.45,974.16
2025-09-12,LNK-001,Demo B2B,LinkedIn Ads,Leads,Decisores B2B,Nordeste,Mobile,9225,84,4,1,1,761.8,2786.68,714.42
2025-09-12,LNK-002,Webinar Executivo,LinkedIn Ads,Leads,Liderancas,Nordeste,Mobile,6250,61,10,1,0,495.31,3035.8,658.89
2025-09-12,TTK-001,Video Descoberta,TikTok Ads,Alcance,Publico jovem,Sul,Mobile,42846,907,48,4,3,1031.38,2007.91,991.12
2025-09-12,TTK-002,Criadores e Reviews,TikTok Ads,Conversoes,Engajados,Sul,Desktop,30861,753,39,2,1,1204.19,1246.77,1349.24
2025-09-12,EML-001,Oferta Base Ativa,Email Marketing,Receita,Clientes ativos,Sudeste,Mobile,23643,2500,408,43,6,822.86,23596.43,883.2
2025-09-12,EML-002,Nutricao de Leads,Email Marketing,Conversoes,Leads em nutricao,Nordeste,Mobile,20690,1508,193,11,5,664.6,6474.27,627.6
2025-09-13,GGL-001,Pesquisa Marca,Google Ads,Conversoes,Alta intencao,Sudeste,Desktop,3394,188,33,11,8,560.05,8652.42,952.56
2025-09-13,GGL-002,Pesquisa Generica,Google Ads,Conversoes,Intencao ampla,Sul,Desktop,5193,207,22,2,2,904.26,1747.47,1404.35
2025-09-13,GGL-003,Performance Max,Google Ads,Receita,Multicanal,Nordeste,Mobile,8403,240,21,5,4,829.99,4731.21,1114.07
2025-09-13,MET-001,Remarketing Social,Meta Ads,Conversoes,Visitantes do site,Centro-Oeste,Mobile,18147,482,58,15,6,862.84,10379.39,1041.39
2025-09-13,MET-002,Prospeccao Interesses,Meta Ads,Leads,Interesses,Centro-Oeste,Mobile,27444,361,16,2,2,759.61,1422.05,965.95
2025-09-13,MET-003,Publico Lookalike,Meta Ads,Leads,Semelhantes,Sudeste,Desktop,19659,328,28,4,3,629.82,2919.75,974.16
2025-09-13,LNK-001,Demo B2B,LinkedIn Ads,Leads,Decisores B2B,Nordeste,Mobile,6765,52,4,1,1,485.21,3898.42,714.42
2025-09-13,LNK-002,Webinar Executivo,LinkedIn Ads,Leads,Liderancas,Sul,Mobile,4459,43,3,1,1,359.73,2804.92,658.89
2025-09-13,TTK-001,Video Descoberta,TikTok Ads,Alcance,Publico jovem,Nordeste,Desktop,31935,679,30,4,4,782.53,1887.94,991.12
2025-09-13,TTK-002,Criadores e Reviews,TikTok Ads,Conversoes,Engajados,Sul,Desktop,29333,758,35,4,3,1202.99,1914.56,1349.24
2025-09-13,EML-001,Oferta Base Ativa,Email Marketing,Receita,Clientes ativos,Sudeste,Mobile,20587,2352,397,65,12,746.94,42089.02,883.2
2025-09-13,EML-002,Nutricao de Leads,Email Marketing,Conversoes,Leads em nutricao,Sudeste,Mobile,15334,1183,130,7,4,524.98,4739.22,627.6
2025-09-14,GGL-001,Pesquisa Marca,Google Ads,Conversoes,Alta intencao,Sudeste,Mobile,3734,246,46,18,12,716.63,18439.73,952.56
2025-09-14,GGL-002,Pesquisa Generica,Google Ads,Conversoes,Intencao ampla,Sudeste,Desktop,6383,246,35,10,6,986.21,10358.96,1404.35
2025-09-14,GGL-003,Performance Max,Google Ads,Receita,Multicanal,Nordeste,Mobile,7527,195,19,4,2,716.47,4326.29,1114.07
2025-09-14,MET-001,Remarketing Social,Meta Ads,Conversoes,Visitantes do site,Nordeste,Desktop,13552,411,49,13,5,693.41,8631.1,1041.39
2025-09-14,MET-002,Prospeccao Interesses,Meta Ads,Leads,Interesses,Norte,Mobile,26576,396,35,3,2,862.03,1978.17,965.95
2025-09-14,MET-003,Publico Lookalike,Meta Ads,Leads,Semelhantes,Sudeste,Mobile,17724,402,41,8,7,931.41,5111.09,974.16
2025-09-14,LNK-001,Demo B2B,LinkedIn Ads,Leads,Decisores B2B,Sul,Mobile,6866,62,3,0,0,595.31,0.0,714.42
2025-09-14,LNK-002,Webinar Executivo,LinkedIn Ads,Leads,Liderancas,Nordeste,Desktop,4654,49,11,0,0,419.21,0.0,658.89
2025-09-14,TTK-001,Video Descoberta,TikTok Ads,Alcance,Publico jovem,Nordeste,Mobile,29473,605,26,2,2,709.5,1116.22,991.12
2025-09-14,TTK-002,Criadores e Reviews,TikTok Ads,Conversoes,Engajados,Sudeste,Desktop,25033,687,29,2,2,1045.77,1086.12,1349.24
2025-09-14,EML-001,Oferta Base Ativa,Email Marketing,Receita,Clientes ativos,Sul,Mobile,19552,2295,337,47,8,720.54,24721.73,883.2
2025-09-14,EML-002,Nutricao de Leads,Email Marketing,Conversoes,Leads em nutricao,Sudeste,Mobile,14540,1398,151,18,9,530.6,11548.22,627.6
2025-09-15,GGL-001,Pesquisa Marca,Google Ads,Conversoes,Alta intencao,Sul,Mobile,4405,300,44,10,9,848.45,10615.0,952.56
2025-09-15,GGL-002,Pesquisa Generica,Google Ads,Conversoes,Intencao ampla,Sudeste,Mobile,8005,345,36,5,5,1347.72,4193.89,1404.35
2025-09-15,GGL-003,Performance Max,Google Ads,Receita,Multicanal,Sudeste,Mobile,12841,362,40,7,7,1254.61,6379.55,1114.07
2025-09-15,MET-001,Remarketing Social,Meta Ads,Conversoes,Visitantes do site,Sul,Mobile,21049,579,82,18,8,971.88,13760.48,1041.39
2025-09-15,MET-002,Prospeccao Interesses,Meta Ads,Leads,Interesses,Norte,Desktop,31917,521,28,0,0,1129.25,0.0,965.95
2025-09-15,MET-003,Publico Lookalike,Meta Ads,Leads,Semelhantes,Sul,Desktop,15028,313,23,4,3,617.81,3096.09,974.16
2025-09-15,LNK-001,Demo B2B,LinkedIn Ads,Leads,Decisores B2B,Sudeste,Desktop,7843,67,5,1,1,653.07,3317.96,714.42
2025-09-15,LNK-002,Webinar Executivo,LinkedIn Ads,Leads,Liderancas,Sul,Desktop,6366,71,11,1,1,607.05,2897.05,658.89
2025-09-15,TTK-001,Video Descoberta,TikTok Ads,Alcance,Publico jovem,Sudeste,Tablet,42057,1085,34,0,0,1337.1,0.0,991.12
2025-09-15,TTK-002,Criadores e Reviews,TikTok Ads,Conversoes,Engajados,Sudeste,Desktop,28285,632,39,3,3,943.17,1596.54,1349.24
2025-09-15,EML-001,Oferta Base Ativa,Email Marketing,Receita,Clientes ativos,Sul,Desktop,21315,2702,532,51,9,796.5,28521.85,883.2
2025-09-15,EML-002,Nutricao de Leads,Email Marketing,Conversoes,Leads em nutricao,Sudeste,Mobile,19713,1717,200,18,5,665.96,8985.6,627.6
2025-09-16,GGL-001,Pesquisa Marca,Google Ads,Conversoes,Alta intencao,Sudeste,Mobile,5316,411,57,11,11,1080.11,7430.82,952.56
2025-09-16,GGL-002,Pesquisa Generica,Google Ads,Conversoes,Intencao ampla,Sudeste,Mobile,9405,389,42,13,10,1605.03,14365.09,1404.35
2025-09-16,GGL-003,Performance Max,Google Ads,Receita,Multicanal,Sudeste,Desktop,13233,375,28,8,5,1064.56,8426.03,1114.07
2025-09-16,MET-001,Remarketing Social,Meta Ads,Conversoes,Visitantes do site,Sul,Mobile,18992,648,90,34,11,1242.09,24021.42,1041.39
2025-09-16,MET-002,Prospeccao Interesses,Meta Ads,Leads,Interesses,Sudeste,Mobile,31561,459,35,5,5,952.46,3411.09,965.95
2025-09-16,MET-003,Publico Lookalike,Meta Ads,Leads,Semelhantes,Sudeste,Mobile,23766,474,50,11,9,995.91,8870.8,974.16
2025-09-16,LNK-001,Demo B2B,LinkedIn Ads,Leads,Decisores B2B,Sudeste,Mobile,8432,90,7,0,0,855.84,0.0,714.42
2025-09-16,LNK-002,Webinar Executivo,LinkedIn Ads,Leads,Liderancas,Centro-Oeste,Mobile,5993,69,12,1,1,552.37,2608.91,658.89
2025-09-16,TTK-001,Video Descoberta,TikTok Ads,Alcance,Publico jovem,Sudeste,Desktop,34193,825,33,5,4,982.56,2877.26,991.12
2025-09-16,TTK-002,Criadores e Reviews,TikTok Ads,Conversoes,Engajados,Sudeste,Mobile,38196,809,36,5,5,1197.61,3017.26,1349.24
2025-09-16,EML-001,Oferta Base Ativa,Email Marketing,Receita,Clientes ativos,Sudeste,Desktop,21581,2585,429,52,7,790.12,28797.28,883.2
2025-09-16,EML-002,Nutricao de Leads,Email Marketing,Conversoes,Leads em nutricao,Nordeste,Desktop,20393,1683,214,12,8,676.16,7379.84,627.6
2025-09-17,GGL-001,Pesquisa Marca,Google Ads,Conversoes,Alta intencao,Centro-Oeste,Mobile,4943,323,64,31,24,977.45,25140.04,952.56
2025-09-17,GGL-002,Pesquisa Generica,Google Ads,Conversoes,Intencao ampla,Sudeste,Mobile,6704,266,36,6,5,1055.95,6375.64,1404.35
2025-09-17,GGL-003,Performance Max,Google Ads,Receita,Multicanal,Sudeste,Mobile,12099,281,29,5,3,943.35,4907.59,1114.07
2025-09-17,MET-001,Remarketing Social,Meta Ads,Conversoes,Visitantes do site,Norte,Mobile,20846,663,54,14,5,1156.32,8233.46,1041.39
2025-09-17,MET-002,Prospeccao Interesses,Meta Ads,Leads,Interesses,Sudeste,Mobile,27498,373,25,7,5,756.55,4294.31,965.95
2025-09-17,MET-003,Publico Lookalike,Meta Ads,Leads,Semelhantes,Centro-Oeste,Mobile,25178,514,60,16,12,998.34,12791.9,974.16
2025-09-17,LNK-001,Demo B2B,LinkedIn Ads,Leads,Decisores B2B,Sul,Mobile,9012,69,9,0,0,704.56,0.0,714.42
2025-09-17,LNK-002,Webinar Executivo,LinkedIn Ads,Leads,Liderancas,Sudeste,Mobile,6199,87,7,1,1,718.83,2660.32,658.89
2025-09-17,TTK-001,Video Descoberta,TikTok Ads,Alcance,Publico jovem,Norte,Mobile,34294,799,26,5,5,936.09,2216.53,991.12
2025-09-17,TTK-002,Criadores e Reviews,TikTok Ads,Conversoes,Engajados,Sudeste,Mobile,23978,651,30,3,2,1078.91,1831.68,1349.24
2025-09-17,EML-001,Oferta Base Ativa,Email Marketing,Receita,Clientes ativos,Sudeste,Mobile,30323,3197,615,68,6,1026.16,48782.13,883.2
2025-09-17,EML-002,Nutricao de Leads,Email Marketing,Conversoes,Leads em nutricao,Sudeste,Desktop,17929,1335,141,8,4,592.08,4962.27,627.6
2025-09-18,GGL-001,Pesquisa Marca,Google Ads,Conversoes,Alta intencao,Sudeste,Mobile,4678,359,64,20,13,964.39,15519.46,952.56
2025-09-18,GGL-002,Pesquisa Generica,Google Ads,Conversoes,Intencao ampla,Sudeste,Desktop,7167,267,28,6,5,1106.73,6227.01,1404.35
2025-09-18,GGL-003,Performance Max,Google Ads,Receita,Multicanal,Nordeste,Mobile,10715,266,25,12,10,876.78,11915.15,1114.07
2025-09-18,MET-001,Remarketing Social,Meta Ads,Conversoes,Visitantes do site,Nordeste,Mobile,18627,598,55,14,5,960.38,10673.33,1041.39
2025-09-18,MET-002,Prospeccao Interesses,Meta Ads,Leads,Interesses,Sudeste,Mobile,26219,362,21,4,4,807.56,2544.79,965.95
2025-09-18,MET-003,Publico Lookalike,Meta Ads,Leads,Semelhantes,Sudeste,Mobile,27152,557,53,7,7,1050.63,4184.87,974.16
2025-09-18,LNK-001,Demo B2B,LinkedIn Ads,Leads,Decisores B2B,Sudeste,Mobile,8221,87,10,2,2,910.65,6873.68,714.42
2025-09-18,LNK-002,Webinar Executivo,LinkedIn Ads,Leads,Liderancas,Sudeste,Mobile,5753,63,7,2,2,496.59,4784.91,658.89
2025-09-18,TTK-001,Video Descoberta,TikTok Ads,Alcance,Publico jovem,Sudeste,Mobile,42964,919,50,9,7,1133.63,3887.79,991.12
2025-09-18,TTK-002,Criadores e Reviews,TikTok Ads,Conversoes,Engajados,Sudeste,Mobile,38406,987,73,3,2,1605.26,1511.96,1349.24
2025-09-18,EML-001,Oferta Base Ativa,Email Marketing,Receita,Clientes ativos,Sudeste,Mobile,27246,3121,594,71,5,957.02,50392.04,883.2
2025-09-18,EML-002,Nutricao de Leads,Email Marketing,Conversoes,Leads em nutricao,Sul,Mobile,23841,2407,314,28,11,817.52,19914.17,627.6
2025-09-19,GGL-001,Pesquisa Marca,Google Ads,Conversoes,Alta intencao,Nordeste,Desktop,4561,319,37,13,9,1004.0,14164.38,952.56
2025-09-19,GGL-002,Pesquisa Generica,Google Ads,Conversoes,Intencao ampla,Sudeste,Mobile,7398,321,31,8,5,1272.19,7303.72,1404.35
2025-09-19,GGL-003,Performance Max,Google Ads,Receita,Multicanal,Sudeste,Mobile,12625,265,23,6,5,862.01,5020.5,1114.07
2025-09-19,MET-001,Remarketing Social,Meta Ads,Conversoes,Visitantes do site,Centro-Oeste,Desktop,21859,654,71,13,7,1150.68,10109.72,1041.39
2025-09-19,MET-002,Prospeccao Interesses,Meta Ads,Leads,Interesses,Sudeste,Mobile,28155,447,25,4,3,949.94,3261.56,965.95
2025-09-19,MET-003,Publico Lookalike,Meta Ads,Leads,Semelhantes,Sul,Mobile,26436,438,51,13,12,931.42,10965.24,974.16
2025-09-19,LNK-001,Demo B2B,LinkedIn Ads,Leads,Decisores B2B,Nordeste,Desktop,6790,66,9,3,3,618.81,8506.53,714.42
2025-09-19,LNK-002,Webinar Executivo,LinkedIn Ads,Leads,Liderancas,Centro-Oeste,Mobile,7306,96,16,3,3,833.5,8129.37,658.89
2025-09-19,TTK-001,Video Descoberta,TikTok Ads,Alcance,Publico jovem,Sudeste,Mobile,47156,972,43,3,3,1084.93,1497.79,991.12
2025-09-19,TTK-002,Criadores e Reviews,TikTok Ads,Conversoes,Engajados,Norte,Desktop,33705,678,46,9,9,1073.12,4543.85,1349.24
2025-09-19,EML-001,Oferta Base Ativa,Email Marketing,Receita,Clientes ativos,Sudeste,Mobile,23545,3074,528,77,7,878.3,39680.81,883.2
2025-09-19,EML-002,Nutricao de Leads,Email Marketing,Conversoes,Leads em nutricao,Sudeste,Desktop,18062,1364,179,23,10,597.64,12464.97,627.6
2025-09-20,GGL-001,Pesquisa Marca,Google Ads,Conversoes,Alta intencao,Sudeste,Mobile,2899,195,26,5,4,597.46,4813.47,952.56
2025-09-20,GGL-002,Pesquisa Generica,Google Ads,Conversoes,Intencao ampla,Sudeste,Mobile,5365,216,28,3,2,951.55,3102.62,1404.35
2025-09-20,GGL-003,Performance Max,Google Ads,Receita,Multicanal,Sudeste,Desktop,12825,310,19,6,5,987.98,5591.6,1114.07
2025-09-20,MET-001,Remarketing Social,Meta Ads,Conversoes,Visitantes do site,Sudeste,Mobile,14214,387,40,7,3,695.01,4130.15,1041.39
2025-09-20,MET-002,Prospeccao Interesses,Meta Ads,Leads,Interesses,Nordeste,Desktop,21350,307,26,2,1,719.16,1345.86,965.95
2025-09-20,MET-003,Publico Lookalike,Meta Ads,Leads,Semelhantes,Nordeste,Desktop,20199,498,43,10,10,966.89,6196.41,974.16
2025-09-20,LNK-001,Demo B2B,LinkedIn Ads,Leads,Decisores B2B,Sudeste,Desktop,5888,48,3,1,1,431.13,3321.81,714.42
2025-09-20,LNK-002,Webinar Executivo,LinkedIn Ads,Leads,Liderancas,Nordeste,Desktop,4978,56,12,2,2,451.74,5461.85,658.89
2025-09-20,TTK-001,Video Descoberta,TikTok Ads,Alcance,Publico jovem,Sudeste,Mobile,36682,762,23,1,1,933.95,388.91,991.12
2025-09-20,TTK-002,Criadores e Reviews,TikTok Ads,Conversoes,Engajados,Nordeste,Mobile,33331,846,53,5,5,1173.71,2574.55,1349.24
2025-09-20,EML-001,Oferta Base Ativa,Email Marketing,Receita,Clientes ativos,Sudeste,Mobile,21951,2504,475,58,4,789.42,27596.4,883.2
2025-09-20,EML-002,Nutricao de Leads,Email Marketing,Conversoes,Leads em nutricao,Sul,Mobile,12140,909,100,13,9,433.7,9013.26,627.6
2025-09-21,GGL-001,Pesquisa Marca,Google Ads,Conversoes,Alta intencao,Sudeste,Mobile,3382,231,37,16,7,683.33,14368.72,952.56
2025-09-21,GGL-002,Pesquisa Generica,Google Ads,Conversoes,Intencao ampla,Centro-Oeste,Mobile,5218,193,17,6,6,844.51,6456.95,1404.35
2025-09-21,GGL-003,Performance Max,Google Ads,Receita,Multicanal,Sul,Mobile,8790,165,11,2,2,607.6,2149.07,1114.07
2025-09-21,MET-001,Remarketing Social,Meta Ads,Conversoes,Visitantes do site,Nordeste,Desktop,19517,483,63,17,7,817.69,10736.74,1041.39
2025-09-21,MET-002,Prospeccao Interesses,Meta Ads,Leads,Interesses,Sul,Mobile,26059,402,36,7,4,821.87,4611.25,965.95
2025-09-21,MET-003,Publico Lookalike,Meta Ads,Leads,Semelhantes,Sul,Mobile,15958,282,18,3,2,596.21,1914.78,974.16
2025-09-21,LNK-001,Demo B2B,LinkedIn Ads,Leads,Decisores B2B,Sudeste,Desktop,5573,56,5,0,0,558.81,0.0,714.42
2025-09-21,LNK-002,Webinar Executivo,LinkedIn Ads,Leads,Liderancas,Sudeste,Desktop,5279,63,5,0,0,487.44,0.0,658.89
2025-09-21,TTK-001,Video Descoberta,TikTok Ads,Alcance,Publico jovem,Sudeste,Desktop,37267,787,32,4,4,826.24,1862.07,991.12
2025-09-21,TTK-002,Criadores e Reviews,TikTok Ads,Conversoes,Engajados,Nordeste,Mobile,26504,785,29,5,4,1196.72,2769.76,1349.24
2025-09-21,EML-001,Oferta Base Ativa,Email Marketing,Receita,Clientes ativos,Sudeste,Mobile,22324,3117,505,45,2,858.18,26373.4,883.2
2025-09-21,EML-002,Nutricao de Leads,Email Marketing,Conversoes,Leads em nutricao,Norte,Mobile,14408,1236,165,11,6,511.76,7550.69,627.6
2025-09-22,GGL-001,Pesquisa Marca,Google Ads,Conversoes,Alta intencao,Nordeste,Mobile,4130,345,57,15,10,1019.25,15119.34,952.56
2025-09-22,GGL-002,Pesquisa Generica,Google Ads,Conversoes,Intencao ampla,Sudeste,Mobile,8115,404,52,16,13,1797.88,15216.16,1404.35
2025-09-22,GGL-003,Performance Max,Google Ads,Receita,Multicanal,Nordeste,Desktop,12835,312,28,4,4,1074.17,3260.04,1114.07
2025-09-22,MET-001,Remarketing Social,Meta Ads,Conversoes,Visitantes do site,Nordeste,Mobile,20542,600,82,21,10,1061.02,14569.77,1041.39
2025-09-22,MET-002,Prospeccao Interesses,Meta Ads,Leads,Interesses,Nordeste,Mobile,35489,505,35,2,2,1109.78,1343.59,965.95
2025-09-22,MET-003,Publico Lookalike,Meta Ads,Leads,Semelhantes,Norte,Desktop,23870,450,55,17,15,996.65,11222.78,974.16
2025-09-22,LNK-001,Demo B2B,LinkedIn Ads,Leads,Decisores B2B,Centro-Oeste,Desktop,8017,63,7,1,1,649.48,2844.24,714.42
2025-09-22,LNK-002,Webinar Executivo,LinkedIn Ads,Leads,Liderancas,Sudeste,Desktop,7062,95,15,3,3,779.54,8129.87,658.89
2025-09-22,TTK-001,Video Descoberta,TikTok Ads,Alcance,Publico jovem,Centro-Oeste,Mobile,34741,825,36,4,4,947.95,1519.62,991.12
2025-09-22,TTK-002,Criadores e Reviews,TikTok Ads,Conversoes,Engajados,Sudeste,Mobile,38950,990,46,5,4,1520.54,2820.37,1349.24
2025-09-22,EML-001,Oferta Base Ativa,Email Marketing,Receita,Clientes ativos,Sul,Desktop,27023,3516,650,96,17,992.06,69801.56,883.2
2025-09-22,EML-002,Nutricao de Leads,Email Marketing,Conversoes,Leads em nutricao,Centro-Oeste,Mobile,15752,1291,159,10,2,544.14,7978.6,627.6
2025-09-23,GGL-001,Pesquisa Marca,Google Ads,Conversoes,Alta intencao,Sul,Mobile,4306,322,45,13,11,767.35,11165.91,952.56
2025-09-23,GGL-002,Pesquisa Generica,Google Ads,Conversoes,Intencao ampla,Nordeste,Mobile,9269,385,39,11,7,1558.07,13057.68,1404.35
2025-09-23,GGL-003,Performance Max,Google Ads,Receita,Multicanal,Sudeste,Mobile,13124,349,31,11,7,1199.83,9385.52,1114.07
2025-09-23,MET-001,Remarketing Social,Meta Ads,Conversoes,Visitantes do site,Sul,Desktop,17623,357,47,18,4,656.54,10291.36,1041.39
2025-09-23,MET-002,Prospeccao Interesses,Meta Ads,Leads,Interesses,Centro-Oeste,Mobile,26829,324,11,1,1,718.03,589.8,965.95
2025-09-23,MET-003,Publico Lookalike,Meta Ads,Leads,Semelhantes,Norte,Desktop,26066,624,49,9,6,1199.53,7378.24,974.16
2025-09-23,LNK-001,Demo B2B,LinkedIn Ads,Leads,Decisores B2B,Norte,Desktop,7670,60,4,1,1,556.94,3320.7,714.42
2025-09-23,LNK-002,Webinar Executivo,LinkedIn Ads,Leads,Liderancas,Sul,Mobile,6241,56,9,1,1,457.12,2057.61,658.89
2025-09-23,TTK-001,Video Descoberta,TikTok Ads,Alcance,Publico jovem,Sul,Mobile,38926,864,31,3,3,953.79,1264.29,991.12
2025-09-23,TTK-002,Criadores e Reviews,TikTok Ads,Conversoes,Engajados,Sudeste,Mobile,35926,929,49,3,2,1455.68,1408.8,1349.24
2025-09-23,EML-001,Oferta Base Ativa,Email Marketing,Receita,Clientes ativos,Centro-Oeste,Desktop,25133,2427,409,42,6,845.36,22783.22,883.2
2025-09-23,EML-002,Nutricao de Leads,Email Marketing,Conversoes,Leads em nutricao,Nordeste,Mobile,18437,1626,222,14,7,631.34,10417.71,627.6
2025-09-24,GGL-001,Pesquisa Marca,Google Ads,Conversoes,Alta intencao,Sudeste,Mobile,4839,313,34,11,8,896.27,11762.7,952.56
2025-09-24,GGL-002,Pesquisa Generica,Google Ads,Conversoes,Intencao ampla,Sul,Mobile,8130,372,42,6,5,1723.85,5984.1,1404.35
2025-09-24,GGL-003,Performance Max,Google Ads,Receita,Multicanal,Sul,Mobile,10110,292,29,3,3,1145.09,3065.38,1114.07
2025-09-24,MET-001,Remarketing Social,Meta Ads,Conversoes,Visitantes do site,Sul,Mobile,20524,627,112,31,16,1030.04,23382.76,1041.39
2025-09-24,MET-002,Prospeccao Interesses,Meta Ads,Leads,Interesses,Sudeste,Mobile,28133,399,17,5,5,888.0,2952.09,965.95
2025-09-24,MET-003,Publico Lookalike,Meta Ads,Leads,Semelhantes,Sudeste,Mobile,24609,478,50,12,11,927.96,7568.18,974.16
2025-09-24,LNK-001,Demo B2B,LinkedIn Ads,Leads,Decisores B2B,Norte,Mobile,8593,85,10,2,2,896.07,5228.21,714.42
2025-09-24,LNK-002,Webinar Executivo,LinkedIn Ads,Leads,Liderancas,Sudeste,Desktop,6485,72,13,0,0,586.56,0.0,658.89
2025-09-24,TTK-001,Video Descoberta,TikTok Ads,Alcance,Publico jovem,Sul,Mobile,41397,865,34,1,1,943.07,607.62,991.12
2025-09-24,TTK-002,Criadores e Reviews,TikTok Ads,Conversoes,Engajados,Sudeste,Desktop,26146,714,34,2,2,1282.73,1088.57,1349.24
2025-09-24,EML-001,Oferta Base Ativa,Email Marketing,Receita,Clientes ativos,Sul,Mobile,31217,3565,542,55,3,1080.84,40393.84,883.2
2025-09-24,EML-002,Nutricao de Leads,Email Marketing,Conversoes,Leads em nutricao,Nordeste,Mobile,20805,1624,225,21,5,678.5,15817.93,627.6
2025-09-25,GGL-001,Pesquisa Marca,Google Ads,Conversoes,Alta intencao,Nordeste,Mobile,4774,375,53,15,11,1087.23,12264.51,952.56
2025-09-25,GGL-002,Pesquisa Generica,Google Ads,Conversoes,Intencao ampla,Sudeste,Mobile,7606,356,33,9,8,1392.91,7525.87,1404.35
2025-09-25,GGL-003,Performance Max,Google Ads,Receita,Multicanal,Sudeste,Desktop,15220,422,36,4,3,1370.45,3798.08,1114.07
2025-09-25,MET-001,Remarketing Social,Meta Ads,Conversoes,Visitantes do site,Centro-Oeste,Mobile,20471,550,66,22,9,1041.45,20154.81,1041.39
2025-09-25,MET-002,Prospeccao Interesses,Meta Ads,Leads,Interesses,Nordeste,Mobile,29261,497,37,7,4,1153.86,6924.43,965.95
2025-09-25,MET-003,Publico Lookalike,Meta Ads,Leads,Semelhantes,Sudeste,Mobile,21272,420,31,9,8,838.51,6067.06,974.16
2025-09-25,LNK-001,Demo B2B,LinkedIn Ads,Leads,Decisores B2B,Sul,Mobile,8108,54,8,2,2,502.4,4992.0,714.42
2025-09-25,LNK-002,Webinar Executivo,LinkedIn Ads,Leads,Liderancas,Nordeste,Desktop,7025,89,17,1,1,704.89,2691.57,658.89
2025-09-25,TTK-001,Video Descoberta,TikTok Ads,Alcance,Publico jovem,Sul,Desktop,52806,950,30,2,2,1197.14,938.73,991.12
2025-09-25,TTK-002,Criadores e Reviews,TikTok Ads,Conversoes,Engajados,Sudeste,Mobile,28635,657,33,2,2,1102.98,897.75,1349.24
2025-09-25,EML-001,Oferta Base Ativa,Email Marketing,Receita,Clientes ativos,Sudeste,Mobile,21457,2606,587,77,9,789.74,45133.72,883.2
2025-09-25,EML-002,Nutricao de Leads,Email Marketing,Conversoes,Leads em nutricao,Nordeste,Mobile,18882,1573,153,12,4,634.94,7349.94,627.6
2025-09-26,GGL-001,Pesquisa Marca,Google Ads,Conversoes,Alta intencao,Sul,Mobile,4158,344,48,15,10,954.11,12631.66,952.56
2025-09-26,GGL-002,Pesquisa Generica,Google Ads,Conversoes,Intencao ampla,Sudeste,Mobile,7474,417,43,14,11,1726.38,12857.63,1404.35
2025-09-26,GGL-003,Performance Max,Google Ads,Receita,Multicanal,Sul,Mobile,11376,286,13,1,0,1100.9,896.43,1114.07
2025-09-26,MET-001,Remarketing Social,Meta Ads,Conversoes,Visitantes do site,Sudeste,Mobile,18320,587,76,11,7,1084.46,8666.88,1041.39
2025-09-26,MET-002,Prospeccao Interesses,Meta Ads,Leads,Interesses,Sul,Desktop,22851,438,30,5,3,956.9,3298.05,965.95
2025-09-26,MET-003,Publico Lookalike,Meta Ads,Leads,Semelhantes,Nordeste,Mobile,25974,548,44,10,10,1057.93,6643.49,974.16
2025-09-26,LNK-001,Demo B2B,LinkedIn Ads,Leads,Decisores B2B,Sudeste,Mobile,9245,96,7,1,1,936.06,3441.58,714.42
2025-09-26,LNK-002,Webinar Executivo,LinkedIn Ads,Leads,Liderancas,Sudeste,Mobile,7493,104,8,0,0,891.99,0.0,658.89
2025-09-26,TTK-001,Video Descoberta,TikTok Ads,Alcance,Publico jovem,Sudeste,Desktop,38480,804,24,5,4,958.65,2518.75,991.12
2025-09-26,TTK-002,Criadores e Reviews,TikTok Ads,Conversoes,Engajados,Sudeste,Mobile,32763,902,57,6,4,1416.23,2778.64,1349.24
2025-09-26,EML-001,Oferta Base Ativa,Email Marketing,Receita,Clientes ativos,Sul,Mobile,26102,3014,522,70,12,923.44,37155.14,883.2
2025-09-26,EML-002,Nutricao de Leads,Email Marketing,Conversoes,Leads em nutricao,Sudeste,Desktop,25715,2143,351,31,10,828.6,15475.2,627.6
2025-09-27,GGL-001,Pesquisa Marca,Google Ads,Conversoes,Alta intencao,Sudeste,Desktop,3542,256,42,11,9,653.82,11019.5,952.56
2025-09-27,GGL-002,Pesquisa Generica,Google Ads,Conversoes,Intencao ampla,Sul,Mobile,6049,268,23,7,5,1117.44,7708.47,1404.35
2025-09-27,GGL-003,Performance Max,Google Ads,Receita,Multicanal,Sudeste,Mobile,8669,219,23,6,5,832.67,5879.61,1114.07
2025-09-27,MET-001,Remarketing Social,Meta Ads,Conversoes,Visitantes do site,Sul,Mobile,16528,474,61,17,6,967.28,14074.29,1041.39
2025-09-27,MET-002,Prospeccao Interesses,Meta Ads,Leads,Interesses,Sul,Mobile,21348,246,17,2,1,500.82,1465.23,965.95
2025-09-27,MET-003,Publico Lookalike,Meta Ads,Leads,Semelhantes,Sul,Mobile,22144,402,39,9,8,833.39,4984.2,974.16
2025-09-27,LNK-001,Demo B2B,LinkedIn Ads,Leads,Decisores B2B,Nordeste,Mobile,7591,56,9,0,0,565.51,0.0,714.42
2025-09-27,LNK-002,Webinar Executivo,LinkedIn Ads,Leads,Liderancas,Sudeste,Mobile,4785,47,8,0,0,409.74,0.0,658.89
2025-09-27,TTK-001,Video Descoberta,TikTok Ads,Alcance,Publico jovem,Sudeste,Mobile,40609,712,31,7,7,809.77,3183.82,991.12
2025-09-27,TTK-002,Criadores e Reviews,TikTok Ads,Conversoes,Engajados,Norte,Mobile,23786,626,39,7,6,928.47,3569.11,1349.24
2025-09-27,EML-001,Oferta Base Ativa,Email Marketing,Receita,Clientes ativos,Centro-Oeste,Mobile,18562,2229,441,60,9,694.14,29073.52,883.2
2025-09-27,EML-002,Nutricao de Leads,Email Marketing,Conversoes,Leads em nutricao,Nordeste,Desktop,15270,1348,169,9,3,540.2,5931.71,627.6
2025-09-28,GGL-001,Pesquisa Marca,Google Ads,Conversoes,Alta intencao,Sul,Mobile,4089,307,50,19,16,828.36,13567.48,952.56
2025-09-28,GGL-002,Pesquisa Generica,Google Ads,Conversoes,Intencao ampla,Sudeste,Desktop,6138,284,31,8,8,1343.66,7009.8,1404.35
2025-09-28,GGL-003,Performance Max,Google Ads,Receita,Multicanal,Sudeste,Mobile,9523,254,18,3,3,899.94,3458.41,1114.07
2025-09-28,MET-001,Remarketing Social,Meta Ads,Conversoes,Visitantes do site,Sudeste,Desktop,15833,418,55,15,6,714.62,10936.19,1041.39
2025-09-28,MET-002,Prospeccao Interesses,Meta Ads,Leads,Interesses,Sul,Desktop,21245,324,16,2,2,732.64,1368.79,965.95
2025-09-28,MET-003,Publico Lookalike,Meta Ads,Leads,Semelhantes,Nordeste,Mobile,19826,345,37,7,7,699.54,4933.37,974.16
2025-09-28,LNK-001,Demo B2B,LinkedIn Ads,Leads,Decisores B2B,Sul,Mobile,4966,40,3,0,0,363.73,0.0,714.42
2025-09-28,LNK-002,Webinar Executivo,LinkedIn Ads,Leads,Liderancas,Sul,Mobile,5524,85,4,0,0,665.31,0.0,658.89
2025-09-28,TTK-001,Video Descoberta,TikTok Ads,Alcance,Publico jovem,Nordeste,Mobile,32202,707,36,2,2,893.87,1159.42,991.12
2025-09-28,TTK-002,Criadores e Reviews,TikTok Ads,Conversoes,Engajados,Nordeste,Mobile,21570,526,21,0,0,913.44,0.0,1349.24
2025-09-28,EML-001,Oferta Base Ativa,Email Marketing,Receita,Clientes ativos,Sudeste,Desktop,22097,2749,482,58,3,816.84,31853.88,883.2
2025-09-28,EML-002,Nutricao de Leads,Email Marketing,Conversoes,Leads em nutricao,Sudeste,Mobile,14635,1147,125,10,4,507.4,7675.37,627.6
2025-09-29,GGL-001,Pesquisa Marca,Google Ads,Conversoes,Alta intencao,Sul,Tablet,5368,408,65,21,14,1062.9,16081.01,952.56
2025-09-29,GGL-002,Pesquisa Generica,Google Ads,Conversoes,Intencao ampla,Sul,Mobile,7057,264,28,7,5,1151.74,7256.81,1404.35
2025-09-29,GGL-003,Performance Max,Google Ads,Receita,Multicanal,Nordeste,Desktop,11718,290,31,9,8,920.05,8417.16,1114.07
2025-09-29,MET-001,Remarketing Social,Meta Ads,Conversoes,Visitantes do site,Centro-Oeste,Desktop,19714,504,64,23,11,873.09,12916.8,1041.39
2025-09-29,MET-002,Prospeccao Interesses,Meta Ads,Leads,Interesses,Sudeste,Mobile,22888,355,19,2,2,769.29,1271.26,965.95
2025-09-29,MET-003,Publico Lookalike,Meta Ads,Leads,Semelhantes,Nordeste,Mobile,14256,275,22,6,6,559.22,3799.21,974.16
2025-09-29,LNK-001,Demo B2B,LinkedIn Ads,Leads,Decisores B2B,Sudeste,Mobile,7696,56,4,1,1,556.7,2882.94,714.42
2025-09-29,LNK-002,Webinar Executivo,LinkedIn Ads,Leads,Liderancas,Sul,Mobile,8357,111,18,1,1,886.26,2753.5,658.89
2025-09-29,TTK-001,Video Descoberta,TikTok Ads,Alcance,Publico jovem,Sudeste,Mobile,44341,1142,30,4,3,1237.72,1913.67,991.12
2025-09-29,TTK-002,Criadores e Reviews,TikTok Ads,Conversoes,Engajados,Sul,Mobile,30929,863,49,5,4,1249.2,2836.34,1349.24
2025-09-29,EML-001,Oferta Base Ativa,Email Marketing,Receita,Clientes ativos,Sudeste,Mobile,30691,4281,777,104,12,1141.92,91378.38,883.2
2025-09-29,EML-002,Nutricao de Leads,Email Marketing,Conversoes,Leads em nutricao,Sul,Desktop,18167,1401,168,11,5,603.44,8209.88,627.6
2025-09-30,GGL-001,Pesquisa Marca,Google Ads,Conversoes,Alta intencao,Norte,Mobile,5241,298,47,18,12,910.95,18240.14,952.56
2025-09-30,GGL-002,Pesquisa Generica,Google Ads,Conversoes,Intencao ampla,Sul,Mobile,8353,340,36,6,5,1417.92,5352.08,1404.35
2025-09-30,GGL-003,Performance Max,Google Ads,Receita,Multicanal,Norte,Mobile,12625,360,36,11,8,1223.01,9538.3,1114.07
2025-09-30,MET-001,Remarketing Social,Meta Ads,Conversoes,Visitantes do site,Sul,Mobile,19926,613,52,15,7,1063.28,9791.73,1041.39
2025-09-30,MET-002,Prospeccao Interesses,Meta Ads,Leads,Interesses,Nordeste,Desktop,29130,522,36,1,1,1098.15,837.63,965.95
2025-09-30,MET-003,Publico Lookalike,Meta Ads,Leads,Semelhantes,Sudeste,Desktop,22449,483,42,11,8,915.74,6637.16,974.16
2025-09-30,LNK-001,Demo B2B,LinkedIn Ads,Leads,Decisores B2B,Sudeste,Desktop,5997,58,5,3,3,586.79,9225.19,714.42
2025-09-30,LNK-002,Webinar Executivo,LinkedIn Ads,Leads,Liderancas,Sul,Mobile,7397,126,19,1,1,1034.7,2047.95,658.89
2025-09-30,TTK-001,Video Descoberta,TikTok Ads,Alcance,Publico jovem,Sudeste,Desktop,32012,616,21,4,4,751.88,1435.2,991.12
2025-09-30,TTK-002,Criadores e Reviews,TikTok Ads,Conversoes,Engajados,Norte,Mobile,32649,918,44,3,3,1403.92,1288.36,1349.24
2025-09-30,EML-001,Oferta Base Ativa,Email Marketing,Receita,Clientes ativos,Nordeste,Mobile,21180,2880,483,82,10,811.6,52046.11,883.2
2025-09-30,EML-002,Nutricao de Leads,Email Marketing,Conversoes,Leads em nutricao,Nordeste,Mobile,19796,1836,225,21,7,679.52,13623.62,627.6
2025-10-01,GGL-001,Pesquisa Marca,Google Ads,Conversoes,Alta intencao,Centro-Oeste,Mobile,4940,386,50,20,11,1155.38,14505.37,952.56
2025-10-01,GGL-002,Pesquisa Generica,Google Ads,Conversoes,Intencao ampla,Sudeste,Mobile,8211,427,39,13,10,1829.5,13796.31,1404.35
2025-10-01,GGL-003,Performance Max,Google Ads,Receita,Multicanal,Sudeste,Desktop,13867,310,17,2,2,1052.99,1843.55,1114.07
2025-10-01,MET-001,Remarketing Social,Meta Ads,Conversoes,Visitantes do site,Centro-Oeste,Desktop,21890,626,70,16,9,1179.91,9254.21,1041.39
2025-10-01,MET-002,Prospeccao Interesses,Meta Ads,Leads,Interesses,Nordeste,Mobile,34220,565,42,8,8,1163.13,4886.83,965.95
2025-10-01,MET-003,Publico Lookalike,Meta Ads,Leads,Semelhantes,Sul,Desktop,33269,595,52,2,0,1146.68,1282.1,974.16
2025-10-01,LNK-001,Demo B2B,LinkedIn Ads,Leads,Decisores B2B,Nordeste,Mobile,10568,80,11,1,1,744.05,3535.47,714.42
2025-10-01,LNK-002,Webinar Executivo,LinkedIn Ads,Leads,Liderancas,Sudeste,Mobile,7471,90,15,1,1,749.26,2504.5,658.89
2025-10-01,TTK-001,Video Descoberta,TikTok Ads,Alcance,Publico jovem,Sul,Mobile,43785,893,38,0,0,987.96,0.0,991.12
2025-10-01,TTK-002,Criadores e Reviews,TikTok Ads,Conversoes,Engajados,Sudeste,Mobile,40850,1051,51,11,9,1474.2,5790.17,1349.24
2025-10-01,EML-001,Oferta Base Ativa,Email Marketing,Receita,Clientes ativos,Sudeste,Tablet,26471,2682,474,53,7,897.62,40102.41,883.2
2025-10-01,EML-002,Nutricao de Leads,Email Marketing,Conversoes,Leads em nutricao,Nordeste,Desktop,21238,1794,226,11,4,704.16,6732.43,627.6
2025-10-02,GGL-001,Pesquisa Marca,Google Ads,Conversoes,Alta intencao,Nordeste,Mobile,4944,326,46,14,11,910.27,10786.92,952.56
2025-10-02,GGL-002,Pesquisa Generica,Google Ads,Conversoes,Intencao ampla,Sudeste,Mobile,7571,286,30,10,8,1231.92,11597.4,1404.35
2025-10-02,GGL-003,Performance Max,Google Ads,Receita,Multicanal,Sul,Mobile,14114,369,28,3,3,1342.23,3293.4,1114.07
2025-10-02,MET-001,Remarketing Social,Meta Ads,Conversoes,Visitantes do site,Nordeste,Mobile,25881,677,84,18,14,1087.58,14276.27,1041.39
2025-10-02,MET-002,Prospeccao Interesses,Meta Ads,Leads,Interesses,Nordeste,Mobile,29976,438,21,3,3,1010.37,1707.35,965.95
2025-10-02,MET-003,Publico Lookalike,Meta Ads,Leads,Semelhantes,Sudeste,Desktop,24674,498,43,12,8,988.87,8090.18,974.16
2025-10-02,LNK-001,Demo B2B,LinkedIn Ads,Leads,Decisores B2B,Nordeste,Mobile,8049,63,5,0,0,612.51,0.0,714.42
2025-10-02,LNK-002,Webinar Executivo,LinkedIn Ads,Leads,Liderancas,Sul,Mobile,7362,88,8,1,1,629.05,2826.52,658.89
2025-10-02,TTK-001,Video Descoberta,TikTok Ads,Alcance,Publico jovem,Sudeste,Desktop,43978,835,38,4,3,1031.8,1858.32,991.12
2025-10-02,TTK-002,Criadores e Reviews,TikTok Ads,Conversoes,Engajados,Nordeste,Mobile,39118,1057,46,6,6,1552.19,3219.28,1349.24
2025-10-02,EML-001,Oferta Base Ativa,Email Marketing,Receita,Clientes ativos,Sudeste,Mobile,29307,3361,603,70,8,1022.24,48050.85,883.2
2025-10-02,EML-002,Nutricao de Leads,Email Marketing,Conversoes,Leads em nutricao,Sul,Desktop,15760,1305,151,10,5,545.7,6461.83,627.6
2025-10-03,GGL-001,Pesquisa Marca,Google Ads,Conversoes,Alta intencao,Norte,Mobile,5660,391,65,17,15,1040.34,15347.74,952.56
2025-10-03,GGL-002,Pesquisa Generica,Google Ads,Conversoes,Intencao ampla,Sudeste,Mobile,6494,335,34,10,8,1335.2,9771.3,1404.35
2025-10-03,GGL-003,Performance Max,Google Ads,Receita,Multicanal,Sudeste,Mobile,15222,461,15,3,2,1490.9,2524.1,1114.07
2025-10-03,MET-001,Remarketing Social,Meta Ads,Conversoes,Visitantes do site,Norte,Mobile,20183,558,66,22,13,1049.07,18625.32,1041.39
2025-10-03,MET-002,Prospeccao Interesses,Meta Ads,Leads,Interesses,Centro-Oeste,Mobile,25431,427,28,1,1,984.07,562.92,965.95
2025-10-03,MET-003,Publico Lookalike,Meta Ads,Leads,Semelhantes,Norte,Desktop,32655,662,57,7,5,1284.89,5962.53,974.16
2025-10-03,LNK-001,Demo B2B,LinkedIn Ads,Leads,Decisores B2B,Sul,Mobile,9407,99,0,0,0,1015.14,0.0,714.42
2025-10-03,LNK-002,Webinar Executivo,LinkedIn Ads,Leads,Liderancas,Nordeste,Mobile,7080,76,9,1,1,562.81,3085.45,658.89
2025-10-03,TTK-001,Video Descoberta,TikTok Ads,Alcance,Publico jovem,Norte,Mobile,37187,797,33,2,2,957.67,1016.91,991.12
2025-10-03,TTK-002,Criadores e Reviews,TikTok Ads,Conversoes,Engajados,Nordeste,Mobile,32024,880,37,4,3,1417.74,2559.62,1349.24
2025-10-03,EML-001,Oferta Base Ativa,Email Marketing,Receita,Clientes ativos,Sul,Mobile,30240,3427,712,87,9,1047.5,51069.75,883.2
2025-10-03,EML-002,Nutricao de Leads,Email Marketing,Conversoes,Leads em nutricao,Nordeste,Mobile,14778,1509,135,14,4,546.46,10146.03,627.6
2025-10-04,GGL-001,Pesquisa Marca,Google Ads,Conversoes,Alta intencao,Nordeste,Mobile,3270,265,42,11,7,765.34,9462.6,952.56
2025-10-04,GGL-002,Pesquisa Generica,Google Ads,Conversoes,Intencao ampla,Sul,Mobile,6898,271,32,11,9,1226.48,10626.35,1404.35
2025-10-04,GGL-003,Performance Max,Google Ads,Receita,Multicanal,Sudeste,Desktop,11085,266,20,9,8,881.82,8905.73,1114.07
2025-10-04,MET-001,Remarketing Social,Meta Ads,Conversoes,Visitantes do site,Norte,Mobile,16311,398,45,16,5,704.58,12628.53,1041.39
2025-10-04,MET-002,Prospeccao Interesses,Meta Ads,Leads,Interesses,Sudeste,Mobile,20985,358,31,7,7,792.42,3873.84,965.95
2025-10-04,MET-003,Publico Lookalike,Meta Ads,Leads,Semelhantes,Sudeste,Mobile,21272,429,47,13,8,915.14,8547.36,974.16
2025-10-04,LNK-001,Demo B2B,LinkedIn Ads,Leads,Decisores B2B,Sul,Mobile,7111,57,2,0,0,567.73,0.0,714.42
2025-10-04,LNK-002,Webinar Executivo,LinkedIn Ads,Leads,Liderancas,Sudeste,Desktop,6015,84,14,2,2,692.72,5086.58,658.89
2025-10-04,TTK-001,Video Descoberta,TikTok Ads,Alcance,Publico jovem,Nordeste,Mobile,36188,746,25,4,4,755.69,1832.59,991.12
2025-10-04,TTK-002,Criadores e Reviews,TikTok Ads,Conversoes,Engajados,Sudeste,Tablet,26203,693,35,4,4,1115.78,2088.48,1349.24
2025-10-04,EML-001,Oferta Base Ativa,Email Marketing,Receita,Clientes ativos,Sudeste,Desktop,21861,2772,404,54,8,814.42,31742.3,883.2
2025-10-04,EML-002,Nutricao de Leads,Email Marketing,Conversoes,Leads em nutricao,Sudeste,Mobile,16215,1120,126,8,5,536.3,3993.6,627.6
2025-10-05,GGL-001,Pesquisa Marca,Google Ads,Conversoes,Alta intencao,Sul,Desktop,4182,286,35,11,7,806.88,8652.31,952.56
2025-10-05,GGL-002,Pesquisa Generica,Google Ads,Conversoes,Intencao ampla,Sul,Mobile,5364,214,28,2,1,910.19,1681.19,1404.35
2025-10-05,GGL-003,Performance Max,Google Ads,Receita,Multicanal,Sul,Mobile,11450,324,29,11,8,1140.14,7893.6,1114.07
2025-10-05,MET-001,Remarketing Social,Meta Ads,Conversoes,Visitantes do site,Nordeste,Mobile,15499,405,50,13,9,661.33,9717.46,1041.39
2025-10-05,MET-002,Prospeccao Interesses,Meta Ads,Leads,Interesses,Sudeste,Mobile,17338,331,28,6,6,626.68,3691.5,965.95
2025-10-05,MET-003,Publico Lookalike,Meta Ads,Leads,Semelhantes,Sudeste,Mobile,18050,342,20,1,1,623.83,709.32,974.16
2025-10-05,LNK-001,Demo B2B,LinkedIn Ads,Leads,Decisores B2B,Sudeste,Mobile,8548,100,10,3,2,1021.4,10293.68,714.42
2025-10-05,LNK-002,Webinar Executivo,LinkedIn Ads,Leads,Liderancas,Nordeste,Mobile,6543,83,12,1,1,728.53,2609.63,658.89
2025-10-05,TTK-001,Video Descoberta,TikTok Ads,Alcance,Publico jovem,Sudeste,Desktop,32804,736,21,3,3,808.29,1425.54,991.12
2025-10-05,TTK-002,Criadores e Reviews,TikTok Ads,Conversoes,Engajados,Nordeste,Mobile,29824,726,32,3,3,1079.94,1726.25,1349.24
2025-10-05,EML-001,Oferta Base Ativa,Email Marketing,Receita,Clientes ativos,Sudeste,Desktop,21736,2403,417,60,8,775.02,35943.52,883.2
2025-10-05,EML-002,Nutricao de Leads,Email Marketing,Conversoes,Leads em nutricao,Sudeste,Mobile,14917,1165,164,11,3,514.84,7427.82,627.6
2025-10-06,GGL-001,Pesquisa Marca,Google Ads,Conversoes,Alta intencao,Nordeste,Desktop,4843,321,54,14,8,902.8,13344.05,952.56
2025-10-06,GGL-002,Pesquisa Generica,Google Ads,Conversoes,Intencao ampla,Sudeste,Mobile,7203,254,26,10,9,1011.33,8029.77,1404.35
2025-10-06,GGL-003,Performance Max,Google Ads,Receita,Multicanal,Nordeste,Mobile,12589,277,35,11,8,847.39,9203.63,1114.07
2025-10-06,MET-001,Remarketing Social,Meta Ads,Conversoes,Visitantes do site,Sudeste,Desktop,22457,707,73,26,4,1272.04,18340.28,1041.39
2025-10-06,MET-002,Prospeccao Interesses,Meta Ads,Leads,Interesses,Sul,Desktop,36389,559,52,8,7,1135.08,5241.12,965.95
2025-10-06,MET-003,Publico Lookalike,Meta Ads,Leads,Semelhantes,Sul,Mobile,23316,423,35,1,1,816.44,800.34,974.16
2025-10-06,LNK-001,Demo B2B,LinkedIn Ads,Leads,Decisores B2B,Sudeste,Desktop,6754,62,5,0,0,639.66,0.0,714.42
2025-10-06,LNK-002,Webinar Executivo,LinkedIn Ads,Leads,Liderancas,Sudeste,Mobile,6811,73,8,2,2,617.65,6120.69,658.89
2025-10-06,TTK-001,Video Descoberta,TikTok Ads,Alcance,Publico jovem,Sudeste,Mobile,37695,844,23,2,2,1054.3,1108.85,991.12
2025-10-06,TTK-002,Criadores e Reviews,TikTok Ads,Conversoes,Engajados,Nordeste,Mobile,36533,1062,58,9,9,1603.2,4505.39,1349.24
2025-10-06,EML-001,Oferta Base Ativa,Email Marketing,Receita,Clientes ativos,Centro-Oeste,Mobile,24805,2998,501,65,8,895.9,40087.08,883.2
2025-10-06,EML-002,Nutricao de Leads,Email Marketing,Conversoes,Leads em nutricao,Sudeste,Mobile,23629,1904,233,28,15,762.98,18849.14,627.6
2025-10-07,GGL-001,Pesquisa Marca,Google Ads,Conversoes,Alta intencao,Sul,Mobile,5745,414,66,22,14,1152.6,20649.8,952.56
2025-10-07,GGL-002,Pesquisa Generica,Google Ads,Conversoes,Intencao ampla,Sudeste,Mobile,6412,313,45,12,10,1322.26,12689.1,1404.35
2025-10-07,GGL-003,Performance Max,Google Ads,Receita,Multicanal,Sul,Desktop,13423,362,31,10,8,1350.84,9315.08,1114.07
2025-10-07,MET-001,Remarketing Social,Meta Ads,Conversoes,Visitantes do site,Sudeste,Tablet,19770,559,69,17,8,968.78,11528.06,1041.39
2025-10-07,MET-002,Prospeccao Interesses,Meta Ads,Leads,Interesses,Sudeste,Mobile,33705,594,32,3,2,1314.02,2167.02,965.95
2025-10-07,MET-003,Publico Lookalike,Meta Ads,Leads,Semelhantes,Nordeste,Mobile,22281,428,39,4,3,882.35,3283.19,974.16
2025-10-07,LNK-001,Demo B2B,LinkedIn Ads,Leads,Decisores B2B,Sudeste,Mobile,5905,64,4,2,2,672.19,6113.69,714.42
2025-10-07,LNK-002,Webinar Executivo,LinkedIn Ads,Leads,Liderancas,Sudeste,Mobile,8011,88,15,1,0,725.55,3054.76,658.89
2025-10-07,TTK-001,Video Descoberta,TikTok Ads,Alcance,Publico jovem,Sudeste,Mobile,46589,900,38,4,3,1056.66,1435.2,991.12
2025-10-07,TTK-002,Criadores e Reviews,TikTok Ads,Conversoes,Engajados,Sudeste,Tablet,35249,1007,58,9,8,1551.79,5165.83,1349.24
2025-10-07,EML-001,Oferta Base Ativa,Email Marketing,Receita,Clientes ativos,Sul,Desktop,26953,3415,636,71,6,980.56,33781.8,883.2
2025-10-07,EML-002,Nutricao de Leads,Email Marketing,Conversoes,Leads em nutricao,Sul,Desktop,15304,1262,164,10,4,532.28,4992.0,627.6
2025-10-08,GGL-001,Pesquisa Marca,Google Ads,Conversoes,Alta intencao,Sul,Mobile,5865,333,57,9,5,875.33,6206.83,952.56
2025-10-08,GGL-002,Pesquisa Generica,Google Ads,Conversoes,Intencao ampla,Sudeste,Mobile,6375,289,34,7,5,1200.32,7768.85,1404.35
2025-10-08,GGL-003,Performance Max,Google Ads,Receita,Multicanal,Sudeste,Desktop,12274,343,30,6,4,1110.02,6070.63,1114.07
2025-10-08,MET-001,Remarketing Social,Meta Ads,Conversoes,Visitantes do site,Sul,Mobile,19786,600,83,25,6,1005.11,16218.29,1041.39
2025-10-08,MET-002,Prospeccao Interesses,Meta Ads,Leads,Interesses,Sul,Tablet,32857,462,40,6,5,936.72,3692.03,965.95
2025-10-08,MET-003,Publico Lookalike,Meta Ads,Leads,Semelhantes,Centro-Oeste,Tablet,21304,416,40,7,6,791.88,5290.56,974.16
2025-10-08,LNK-001,Demo B2B,LinkedIn Ads,Leads,Decisores B2B,Centro-Oeste,Mobile,7766,68,5,0,0,693.74,0.0,714.42
2025-10-08,LNK-002,Webinar Executivo,LinkedIn Ads,Leads,Liderancas,Centro-Oeste,Tablet,7208,82,12,1,1,677.98,2545.01,658.89
2025-10-08,TTK-001,Video Descoberta,TikTok Ads,Alcance,Publico jovem,Sudeste,Mobile,40743,928,42,3,2,977.68,1453.52,991.12
2025-10-08,TTK-002,Criadores e Reviews,TikTok Ads,Conversoes,Engajados,Centro-Oeste,Mobile,30973,890,46,9,8,1253.06,4859.3,1349.24
2025-10-08,EML-001,Oferta Base Ativa,Email Marketing,Receita,Clientes ativos,Sudeste,Mobile,34743,3891,717,80,5,1183.96,52957.88,883.2
2025-10-08,EML-002,Nutricao de Leads,Email Marketing,Conversoes,Leads em nutricao,Sudeste,Desktop,24645,2071,232,23,11,800.0,14108.26,627.6
2025-10-09,GGL-001,Pesquisa Marca,Google Ads,Conversoes,Alta intencao,Sudeste,Mobile,6310,466,85,33,24,1319.9,25586.92,952.56
2025-10-09,GGL-002,Pesquisa Generica,Google Ads,Conversoes,Intencao ampla,Sudeste,Mobile,7479,251,29,6,4,1009.15,6483.5,1404.35
2025-10-09,GGL-003,Performance Max,Google Ads,Receita,Multicanal,Sul,Desktop,11532,285,24,6,4,973.24,4305.6,1114.07
2025-10-09,MET-001,Remarketing Social,Meta Ads,Conversoes,Visitantes do site,Nordeste,Mobile,24417,777,103,29,10,1455.33,19083.42,1041.39
2025-10-09,MET-002,Prospeccao Interesses,Meta Ads,Leads,Interesses,Sudeste,Mobile,33834,536,40,6,6,1147.9,4531.53,965.95
2025-10-09,MET-003,Publico Lookalike,Meta Ads,Leads,Semelhantes,Nordeste,Mobile,20080,364,27,5,3,692.7,3160.31,974.16
2025-10-09,LNK-001,Demo B2B,LinkedIn Ads,Leads,Decisores B2B,Nordeste,Desktop,8441,71,12,1,1,711.15,3450.2,714.42
2025-10-09,LNK-002,Webinar Executivo,LinkedIn Ads,Leads,Liderancas,Sul,Mobile,6805,76,7,0,0,658.96,0.0,658.89
2025-10-09,TTK-001,Video Descoberta,TikTok Ads,Alcance,Publico jovem,Centro-Oeste,Mobile,50148,1089,40,2,2,1434.45,1019.98,991.12
2025-10-09,TTK-002,Criadores e Reviews,TikTok Ads,Conversoes,Engajados,Nordeste,Mobile,34096,983,52,5,5,1478.57,2430.55,1349.24
2025-10-09,EML-001,Oferta Base Ativa,Email Marketing,Receita,Clientes ativos,Sudeste,Mobile,26855,2801,470,46,4,917.2,26733.03,883.2
2025-10-09,EML-002,Nutricao de Leads,Email Marketing,Conversoes,Leads em nutricao,Nordeste,Desktop,21870,1817,184,11,4,719.1,8646.99,627.6
2025-10-10,GGL-001,Pesquisa Marca,Google Ads,Conversoes,Alta intencao,Centro-Oeste,Desktop,5431,361,57,15,9,1042.73,13041.31,952.56
2025-10-10,GGL-002,Pesquisa Generica,Google Ads,Conversoes,Intencao ampla,Sudeste,Desktop,8937,422,66,18,16,1706.6,15170.71,1404.35
2025-10-10,GGL-003,Performance Max,Google Ads,Receita,Multicanal,Norte,Desktop,11470,267,19,2,2,879.25,2395.58,1114.07
2025-10-10,MET-001,Remarketing Social,Meta Ads,Conversoes,Visitantes do site,Nordeste,Desktop,18410,550,86,14,6,1007.7,9919.61,1041.39
2025-10-10,MET-002,Prospeccao Interesses,Meta Ads,Leads,Interesses,Norte,Mobile,30275,483,25,10,10,967.95,6313.47,965.95
2025-10-10,MET-003,Publico Lookalike,Meta Ads,Leads,Semelhantes,Nordeste,Tablet,30474,565,40,6,5,1169.18,3884.9,974.16
2025-10-10,LNK-001,Demo B2B,LinkedIn Ads,Leads,Decisores B2B,Sul,Mobile,8516,85,11,2,2,815.3,5454.16,714.42
2025-10-10,LNK-002,Webinar Executivo,LinkedIn Ads,Leads,Liderancas,Nordeste,Mobile,5930,70,13,1,1,518.45,2775.74,658.89
2025-10-10,TTK-001,Video Descoberta,TikTok Ads,Alcance,Publico jovem,Sudeste,Mobile,46030,894,37,4,4,1042.48,1770.66,991.12
2025-10-10,TTK-002,Criadores e Reviews,TikTok Ads,Conversoes,Engajados,Sudeste,Desktop,31667,823,31,3,3,1367.98,1537.81,1349.24
2025-10-10,EML-001,Oferta Base Ativa,Email Marketing,Receita,Clientes ativos,Nordeste,Tablet,25181,2952,515,71,8,898.82,53447.88,883.2
2025-10-10,EML-002,Nutricao de Leads,Email Marketing,Conversoes,Leads em nutricao,Centro-Oeste,Desktop,17873,1270,146,13,5,584.46,10227.41,627.6
2025-10-11,GGL-001,Pesquisa Marca,Google Ads,Conversoes,Alta intencao,Norte,Mobile,3707,260,50,21,12,748.41,16369.07,952.56
2025-10-11,GGL-002,Pesquisa Generica,Google Ads,Conversoes,Intencao ampla,Sul,Mobile,7437,301,25,6,6,1210.83,5960.84,1404.35
2025-10-11,GGL-003,Performance Max,Google Ads,Receita,Multicanal,Norte,Mobile,12534,382,25,9,8,1460.56,9074.28,1114.07
2025-10-11,MET-001,Remarketing Social,Meta Ads,Conversoes,Visitantes do site,Sudeste,Mobile,15382,528,45,11,5,876.64,8603.26,1041.39
2025-10-11,MET-002,Prospeccao Interesses,Meta Ads,Leads,Interesses,Sudeste,Mobile,21394,332,15,3,2,721.93,2296.83,965.95
2025-10-11,MET-003,Publico Lookalike,Meta Ads,Leads,Semelhantes,Centro-Oeste,Desktop,23029,474,40,8,6,1008.35,6715.04,974.16
2025-10-11,LNK-001,Demo B2B,LinkedIn Ads,Leads,Decisores B2B,Sudeste,Mobile,6371,56,6,1,1,585.56,3574.77,714.42
2025-10-11,LNK-002,Webinar Executivo,LinkedIn Ads,Leads,Liderancas,Sul,Desktop,4644,46,9,1,1,376.58,2712.48,658.89
2025-10-11,TTK-001,Video Descoberta,TikTok Ads,Alcance,Publico jovem,Sul,Mobile,28840,635,25,5,5,711.24,2491.15,991.12
2025-10-11,TTK-002,Criadores e Reviews,TikTok Ads,Conversoes,Engajados,Sul,Desktop,34671,807,37,4,4,1184.34,1945.56,1349.24
2025-10-11,EML-001,Oferta Base Ativa,Email Marketing,Receita,Clientes ativos,Sudeste,Mobile,20674,2584,491,54,9,771.88,31694.5,883.2
2025-10-11,EML-002,Nutricao de Leads,Email Marketing,Conversoes,Leads em nutricao,Sul,Desktop,13936,1529,191,9,8,531.62,5714.57,627.6
2025-10-12,GGL-001,Pesquisa Marca,Google Ads,Conversoes,Alta intencao,Nordeste,Mobile,4982,382,66,22,10,971.71,15981.89,952.56
2025-10-12,GGL-002,Pesquisa Generica,Google Ads,Conversoes,Intencao ampla,Norte,Mobile,6175,258,27,5,5,1108.19,5914.31,1404.35
2025-10-12,GGL-003,Performance Max,Google Ads,Receita,Multicanal,Norte,Desktop,12104,283,30,7,4,1073.19,7960.9,1114.07
2025-10-12,MET-001,Remarketing Social,Meta Ads,Conversoes,Visitantes do site,Sul,Mobile,16371,426,45,9,3,709.33,7717.35,1041.39
2025-10-12,MET-002,Prospeccao Interesses,Meta Ads,Leads,Interesses,Nordeste,Desktop,21688,343,17,3,1,751.95,2656.78,965.95
2025-10-12,MET-003,Publico Lookalike,Meta Ads,Leads,Semelhantes,Sudeste,Mobile,19458,397,37,3,3,854.26,2100.68,974.16
2025-10-12,LNK-001,Demo B2B,LinkedIn Ads,Leads,Decisores B2B,Norte,Mobile,7646,69,11,1,1,699.98,2923.19,714.42
2025-10-12,LNK-002,Webinar Executivo,LinkedIn Ads,Leads,Liderancas,Centro-Oeste,Mobile,6739,88,17,0,0,713.6,0.0,658.89
2025-10-12,TTK-001,Video Descoberta,TikTok Ads,Alcance,Publico jovem,Nordeste,Mobile,35726,641,16,2,2,703.52,1041.45,991.12
2025-10-12,TTK-002,Criadores e Reviews,TikTok Ads,Conversoes,Engajados,Sudeste,Desktop,29714,728,46,6,5,1073.62,3090.18,1349.24
2025-10-12,EML-001,Oferta Base Ativa,Email Marketing,Receita,Clientes ativos,Sudeste,Mobile,19150,2234,437,48,5,706.4,28232.76,883.2
2025-10-12,EML-002,Nutricao de Leads,Email Marketing,Conversoes,Leads em nutricao,Sudeste,Mobile,14223,955,119,6,2,479.96,4310.81,627.6
2025-10-13,GGL-001,Pesquisa Marca,Google Ads,Conversoes,Alta intencao,Nordeste,Mobile,4713,356,52,11,8,1018.23,9419.24,952.56
2025-10-13,GGL-002,Pesquisa Generica,Google Ads,Conversoes,Intencao ampla,Sudeste,Desktop,8401,392,31,11,11,1632.9,11926.61,1404.35
2025-10-13,GGL-003,Performance Max,Google Ads,Receita,Multicanal,Nordeste,Desktop,12245,327,23,2,2,1101.25,1615.3,1114.07
2025-10-13,MET-001,Remarketing Social,Meta Ads,Conversoes,Visitantes do site,Centro-Oeste,Mobile,23518,625,78,19,12,1065.52,14533.16,1041.39
2025-10-13,MET-002,Prospeccao Interesses,Meta Ads,Leads,Interesses,Sudeste,Desktop,32341,433,38,3,3,938.9,1976.12,965.95
2025-10-13,MET-003,Publico Lookalike,Meta Ads,Leads,Semelhantes,Centro-Oeste,Tablet,26210,477,47,12,8,936.52,8734.62,974.16
2025-10-13,LNK-001,Demo B2B,LinkedIn Ads,Leads,Decisores B2B,Centro-Oeste,Mobile,6552,53,6,1,1,476.89,2971.33,714.42
2025-10-13,LNK-002,Webinar Executivo,LinkedIn Ads,Leads,Liderancas,Sul,Desktop,8186,104,23,1,1,855.03,2350.0,658.89
2025-10-13,TTK-001,Video Descoberta,TikTok Ads,Alcance,Publico jovem,Sudeste,Mobile,37927,816,36,2,2,1031.99,839.78,991.12
2025-10-13,TTK-002,Criadores e Reviews,TikTok Ads,Conversoes,Engajados,Sul,Desktop,41493,1167,77,14,12,1708.83,7464.85,1349.24
2025-10-13,EML-001,Oferta Base Ativa,Email Marketing,Receita,Clientes ativos,Sudeste,Mobile,27623,3334,636,75,7,985.86,43405.59,883.2
2025-10-13,EML-002,Nutricao de Leads,Email Marketing,Conversoes,Leads em nutricao,Sudeste,Mobile,23004,2062,295,37,18,766.28,23463.02,627.6
2025-10-14,GGL-001,Pesquisa Marca,Google Ads,Conversoes,Alta intencao,Centro-Oeste,Mobile,5621,392,54,17,10,1018.89,19463.74,952.56
2025-10-14,GGL-002,Pesquisa Generica,Google Ads,Conversoes,Intencao ampla,Sul,Mobile,6814,315,38,7,4,1370.29,7050.01,1404.35
2025-10-14,GGL-003,Performance Max,Google Ads,Receita,Multicanal,Centro-Oeste,Mobile,12045,312,34,8,5,1110.32,6135.91,1114.07
2025-10-14,MET-001,Remarketing Social,Meta Ads,Conversoes,Visitantes do site,Norte,Mobile,21926,610,65,18,6,1144.61,10740.97,1041.39
2025-10-14,MET-002,Prospeccao Interesses,Meta Ads,Leads,Interesses,Sudeste,Mobile,33719,594,48,8,7,1266.86,6122.37,965.95
2025-10-14,MET-003,Publico Lookalike,Meta Ads,Leads,Semelhantes,Sudeste,Mobile,27075,559,44,8,7,1151.76,5409.7,974.16
2025-10-14,LNK-001,Demo B2B,LinkedIn Ads,Leads,Decisores B2B,Nordeste,Mobile,9070,94,2,0,0,984.68,0.0,714.42
2025-10-14,LNK-002,Webinar Executivo,LinkedIn Ads,Leads,Liderancas,Sul,Desktop,8065,94,15,0,0,780.18,0.0,658.89
2025-10-14,TTK-001,Video Descoberta,TikTok Ads,Alcance,Publico jovem,Sudeste,Mobile,33704,729,29,5,5,839.47,1980.2,991.12
2025-10-14,TTK-002,Criadores e Reviews,TikTok Ads,Conversoes,Engajados,Sudeste,Mobile,26942,695,34,5,4,1026.77,2844.22,1349.24
2025-10-14,EML-001,Oferta Base Ativa,Email Marketing,Receita,Clientes ativos,Sudeste,Desktop,26990,3082,630,80,11,948.0,44763.58,883.2
2025-10-14,EML-002,Nutricao de Leads,Email Marketing,Conversoes,Leads em nutricao,Sul,Mobile,23856,2148,220,13,6,791.92,9339.65,627.6
2025-10-15,GGL-001,Pesquisa Marca,Google Ads,Conversoes,Alta intencao,Sudeste,Mobile,5963,403,59,22,13,1164.14,19605.66,952.56
2025-10-15,GGL-002,Pesquisa Generica,Google Ads,Conversoes,Intencao ampla,Sudeste,Desktop,7617,323,18,4,3,1320.53,4185.08,1404.35
2025-10-15,GGL-003,Performance Max,Google Ads,Receita,Multicanal,Nordeste,Desktop,15185,514,43,15,10,1853.82,11836.7,1114.07
2025-10-15,MET-001,Remarketing Social,Meta Ads,Conversoes,Visitantes do site,Sul,Mobile,17863,581,59,16,6,934.64,12794.82,1041.39
2025-10-15,MET-002,Prospeccao Interesses,Meta Ads,Leads,Interesses,Sudeste,Mobile,26059,409,32,3,3,859.61,2188.66,965.95
2025-10-15,MET-003,Publico Lookalike,Meta Ads,Leads,Semelhantes,Sudeste,Mobile,26128,526,62,17,14,1004.06,13618.33,974.16
2025-10-15,LNK-001,Demo B2B,LinkedIn Ads,Leads,Decisores B2B,Sudeste,Mobile,8351,81,7,1,1,800.65,3516.3,714.42
2025-10-15,LNK-002,Webinar Executivo,LinkedIn Ads,Leads,Liderancas,Centro-Oeste,Desktop,6637,62,6,0,0,458.4,0.0,658.89
2025-10-15,TTK-001,Video Descoberta,TikTok Ads,Alcance,Publico jovem,Sul,Desktop,43362,823,35,0,0,1041.91,0.0,991.12
2025-10-15,TTK-002,Criadores e Reviews,TikTok Ads,Conversoes,Engajados,Sudeste,Mobile,38655,998,55,5,4,1565.67,2106.0,1349.24
2025-10-15,EML-001,Oferta Base Ativa,Email Marketing,Receita,Clientes ativos,Sul,Mobile,27946,3529,475,62,11,1011.82,36500.8,883.2
2025-10-15,EML-002,Nutricao de Leads,Email Marketing,Conversoes,Leads em nutricao,Sudeste,Mobile,21248,1686,207,16,8,693.56,14018.33,627.6
2025-10-16,GGL-001,Pesquisa Marca,Google Ads,Conversoes,Alta intencao,Sudeste,Mobile,4496,331,51,15,12,910.25,15276.58,952.56
2025-10-16,GGL-002,Pesquisa Generica,Google Ads,Conversoes,Intencao ampla,Sudeste,Desktop,10860,557,59,16,11,2500.28,18706.14,1404.35
2025-10-16,GGL-003,Performance Max,Google Ads,Receita,Multicanal,Sul,Desktop,13818,308,29,5,5,1110.28,4366.6,1114.07
2025-10-16,MET-001,Remarketing Social,Meta Ads,Conversoes,Visitantes do site,Nordeste,Desktop,21313,610,84,24,11,1143.96,18938.21,1041.39
2025-10-16,MET-002,Prospeccao Interesses,Meta Ads,Leads,Interesses,Sudeste,Mobile,23102,332,21,3,3,732.21,1825.6,965.95
2025-10-16,MET-003,Publico Lookalike,Meta Ads,Leads,Semelhantes,Sudeste,Mobile,21758,437,35,5,5,910.21,2769.0,974.16
2025-10-16,LNK-001,Demo B2B,LinkedIn Ads,Leads,Decisores B2B,Sudeste,Mobile,9944,86,3,1,1,893.05,3406.37,714.42
2025-10-16,LNK-002,Webinar Executivo,LinkedIn Ads,Leads,Liderancas,Sul,Desktop,7805,97,14,3,2,785.55,6841.58,658.89
2025-10-16,TTK-001,Video Descoberta,TikTok Ads,Alcance,Publico jovem,Nordeste,Mobile,51355,893,32,3,2,1124.68,1517.19,991.12
2025-10-16,TTK-002,Criadores e Reviews,TikTok Ads,Conversoes,Engajados,Sudeste,Mobile,36668,955,58,5,3,1476.94,2954.88,1349.24
2025-10-16,EML-001,Oferta Base Ativa,Email Marketing,Receita,Clientes ativos,Sul,Mobile,31418,3320,560,67,9,1060.36,37106.93,883.2
2025-10-16,EML-002,Nutricao de Leads,Email Marketing,Conversoes,Leads em nutricao,Norte,Mobile,20749,1710,197,15,5,685.98,10289.0,627.6
2025-10-17,GGL-001,Pesquisa Marca,Google Ads,Conversoes,Alta intencao,Centro-Oeste,Mobile,5885,429,78,19,14,1322.63,16381.54,952.56
2025-10-17,GGL-002,Pesquisa Generica,Google Ads,Conversoes,Intencao ampla,Nordeste,Mobile,8769,388,40,5,3,1707.87,4849.96,1404.35
2025-10-17,GGL-003,Performance Max,Google Ads,Receita,Multicanal,Sudeste,Desktop,9833,231,12,1,0,810.5,882.76,1114.07
2025-10-17,MET-001,Remarketing Social,Meta Ads,Conversoes,Visitantes do site,Sudeste,Mobile,24690,671,68,20,3,1123.79,17560.84,1041.39
2025-10-17,MET-002,Prospeccao Interesses,Meta Ads,Leads,Interesses,Sudeste,Desktop,34017,533,38,13,13,1073.32,9576.65,965.95
2025-10-17,MET-003,Publico Lookalike,Meta Ads,Leads,Semelhantes,Nordeste,Mobile,21791,462,41,6,5,948.05,3563.92,974.16
2025-10-17,LNK-001,Demo B2B,LinkedIn Ads,Leads,Decisores B2B,Norte,Mobile,9408,97,10,0,0,831.72,0.0,714.42
2025-10-17,LNK-002,Webinar Executivo,LinkedIn Ads,Leads,Liderancas,Sudeste,Desktop,6779,80,13,2,2,643.24,5468.09,658.89
2025-10-17,TTK-001,Video Descoberta,TikTok Ads,Alcance,Publico jovem,Norte,Desktop,47868,908,29,5,5,968.32,2503.71,991.12
2025-10-17,TTK-002,Criadores e Reviews,TikTok Ads,Conversoes,Engajados,Sul,Tablet,35863,888,47,9,7,1467.46,5067.65,1349.24
2025-10-17,EML-001,Oferta Base Ativa,Email Marketing,Receita,Clientes ativos,Sudeste,Mobile,26379,2960,532,50,8,923.58,28858.79,883.2
2025-10-17,EML-002,Nutricao de Leads,Email Marketing,Conversoes,Leads em nutricao,Nordeste,Desktop,21046,1993,287,22,7,720.22,14982.28,627.6
2025-10-18,GGL-001,Pesquisa Marca,Google Ads,Conversoes,Alta intencao,Sudeste,Desktop,4136,270,31,7,5,732.36,5214.25,952.56
2025-10-18,GGL-002,Pesquisa Generica,Google Ads,Conversoes,Intencao ampla,Sudeste,Mobile,5607,258,25,3,3,1169.47,2665.67,1404.35
2025-10-18,GGL-003,Performance Max,Google Ads,Receita,Multicanal,Sudeste,Desktop,8799,232,26,4,3,821.52,3439.18,1114.07
2025-10-18,MET-001,Remarketing Social,Meta Ads,Conversoes,Visitantes do site,Nordeste,Mobile,18145,527,66,11,6,1009.84,8318.41,1041.39
2025-10-18,MET-002,Prospeccao Interesses,Meta Ads,Leads,Interesses,Sudeste,Mobile,25711,421,37,7,6,935.59,4947.33,965.95
2025-10-18,MET-003,Publico Lookalike,Meta Ads,Leads,Semelhantes,Nordeste,Mobile,17232,368,27,0,0,769.4,0.0,974.16
2025-10-18,LNK-001,Demo B2B,LinkedIn Ads,Leads,Decisores B2B,Sudeste,Desktop,5458,49,2,0,0,460.28,0.0,714.42
2025-10-18,LNK-002,Webinar Executivo,LinkedIn Ads,Leads,Liderancas,Centro-Oeste,Mobile,6590,66,8,1,1,525.44,2519.83,658.89
2025-10-18,TTK-001,Video Descoberta,TikTok Ads,Alcance,Publico jovem,Sul,Mobile,38343,769,20,1,1,883.92,553.84,991.12
2025-10-18,TTK-002,Criadores e Reviews,TikTok Ads,Conversoes,Engajados,Nordeste,Mobile,23204,550,19,2,2,938.69,1026.9,1349.24
2025-10-18,EML-001,Oferta Base Ativa,Email Marketing,Receita,Clientes ativos,Sudeste,Mobile,17172,1693,306,39,5,612.74,24512.8,883.2
2025-10-18,EML-002,Nutricao de Leads,Email Marketing,Conversoes,Leads em nutricao,Sudeste,Mobile,14090,1091,136,14,7,490.9,8779.87,627.6
2025-10-19,GGL-001,Pesquisa Marca,Google Ads,Conversoes,Alta intencao,Nordeste,Mobile,4108,306,47,13,8,841.92,11356.23,952.56
2025-10-19,GGL-002,Pesquisa Generica,Google Ads,Conversoes,Intencao ampla,Sudeste,Mobile,6299,306,32,6,4,1363.96,5799.57,1404.35
2025-10-19,GGL-003,Performance Max,Google Ads,Receita,Multicanal,Sudeste,Mobile,9631,173,15,2,2,489.42,2002.67,1114.07
2025-10-19,MET-001,Remarketing Social,Meta Ads,Conversoes,Visitantes do site,Sudeste,Mobile,18304,545,43,11,3,966.82,6177.6,1041.39
2025-10-19,MET-002,Prospeccao Interesses,Meta Ads,Leads,Interesses,Sudeste,Mobile,19680,280,24,6,6,681.03,3876.53,965.95
2025-10-19,MET-003,Publico Lookalike,Meta Ads,Leads,Semelhantes,Sudeste,Mobile,18023,347,25,1,1,696.27,707.33,974.16
2025-10-19,LNK-001,Demo B2B,LinkedIn Ads,Leads,Decisores B2B,Sudeste,Mobile,6307,53,0,0,0,476.11,0.0,714.42
2025-10-19,LNK-002,Webinar Executivo,LinkedIn Ads,Leads,Liderancas,Norte,Mobile,6192,62,12,0,0,518.86,0.0,658.89
2025-10-19,TTK-001,Video Descoberta,TikTok Ads,Alcance,Publico jovem,Sudeste,Mobile,35843,624,19,4,3,746.67,1574.07,991.12
2025-10-19,TTK-002,Criadores e Reviews,TikTok Ads,Conversoes,Engajados,Centro-Oeste,Mobile,27103,676,29,4,1,928.38,2250.13,1349.24
2025-10-19,EML-001,Oferta Base Ativa,Email Marketing,Receita,Clientes ativos,Sudeste,Mobile,21797,2498,504,76,13,785.74,38036.83,883.2
2025-10-19,EML-002,Nutricao de Leads,Email Marketing,Conversoes,Leads em nutricao,Sudeste,Desktop,19073,1638,218,15,6,645.26,9333.93,627.6
2025-10-20,GGL-001,Pesquisa Marca,Google Ads,Conversoes,Alta intencao,Sul,Mobile,4818,284,39,8,7,769.48,8484.69,952.56
2025-10-20,GGL-002,Pesquisa Generica,Google Ads,Conversoes,Intencao ampla,Norte,Desktop,9092,371,37,11,10,1560.02,8702.42,1404.35
2025-10-20,GGL-003,Performance Max,Google Ads,Receita,Multicanal,Nordeste,Mobile,14491,309,20,5,5,1043.4,4710.52,1114.07
2025-10-20,MET-001,Remarketing Social,Meta Ads,Conversoes,Visitantes do site,Centro-Oeste,Desktop,17236,475,39,8,3,808.89,5037.93,1041.39
2025-10-20,MET-002,Prospeccao Interesses,Meta Ads,Leads,Interesses,Sudeste,Desktop,31195,465,41,2,2,984.4,1118.07,965.95
2025-10-20,MET-003,Publico Lookalike,Meta Ads,Leads,Semelhantes,Norte,Desktop,27294,582,37,6,6,1147.36,3868.69,974.16
2025-10-20,LNK-001,Demo B2B,LinkedIn Ads,Leads,Decisores B2B,Sudeste,Mobile,7744,84,9,0,0,838.01,0.0,714.42
2025-10-20,LNK-002,Webinar Executivo,LinkedIn Ads,Leads,Liderancas,Centro-Oeste,Mobile,5873,71,6,0,0,541.84,0.0,658.89
2025-10-20,TTK-001,Video Descoberta,TikTok Ads,Alcance,Publico jovem,Nordeste,Desktop,39181,704,17,0,0,837.33,0.0,991.12
2025-10-20,TTK-002,Criadores e Reviews,TikTok Ads,Conversoes,Engajados,Sudeste,Desktop,25920,700,33,5,5,1177.98,2429.49,1349.24
2025-10-20,EML-001,Oferta Base Ativa,Email Marketing,Receita,Clientes ativos,Sul,Mobile,22195,2615,463,69,9,805.4,36875.5,883.2
2025-10-20,EML-002,Nutricao de Leads,Email Marketing,Conversoes,Leads em nutricao,Nordeste,Desktop,19894,1626,204,17,12,660.48,10372.52,627.6
2025-10-21,GGL-001,Pesquisa Marca,Google Ads,Conversoes,Alta intencao,Nordeste,Mobile,4948,326,39,15,9,901.79,12381.23,952.56
2025-10-21,GGL-002,Pesquisa Generica,Google Ads,Conversoes,Intencao ampla,Sul,Mobile,9453,433,36,6,6,1866.16,6096.75,1404.35
2025-10-21,GGL-003,Performance Max,Google Ads,Receita,Multicanal,Sudeste,Desktop,13122,303,29,5,3,1072.37,4424.44,1114.07
2025-10-21,MET-001,Remarketing Social,Meta Ads,Conversoes,Visitantes do site,Sudeste,Desktop,16276,455,62,10,6,903.28,8550.71,1041.39
2025-10-21,MET-002,Prospeccao Interesses,Meta Ads,Leads,Interesses,Nordeste,Mobile,27245,433,30,1,1,1057.1,581.84,965.95
2025-10-21,MET-003,Publico Lookalike,Meta Ads,Leads,Semelhantes,Sudeste,Mobile,23751,490,35,5,3,1037.97,3922.96,974.16
2025-10-21,LNK-001,Demo B2B,LinkedIn Ads,Leads,Decisores B2B,Sudeste,Mobile,8838,82,5,1,1,856.18,3453.85,714.42
2025-10-21,LNK-002,Webinar Executivo,LinkedIn Ads,Leads,Liderancas,Sul,Desktop,7703,82,12,2,2,643.83,5345.97,658.89
2025-10-21,TTK-001,Video Descoberta,TikTok Ads,Alcance,Publico jovem,Centro-Oeste,Desktop,42245,790,33,4,3,1004.61,2009.65,991.12
2025-10-21,TTK-002,Criadores e Reviews,TikTok Ads,Conversoes,Engajados,Sul,Mobile,33284,833,37,6,5,1340.88,3209.49,1349.24
2025-10-21,EML-001,Oferta Base Ativa,Email Marketing,Receita,Clientes ativos,Centro-Oeste,Desktop,26218,2978,498,78,4,922.16,49957.64,883.2
2025-10-21,EML-002,Nutricao de Leads,Email Marketing,Conversoes,Leads em nutricao,Sudeste,Desktop,24262,1960,201,15,9,781.24,9706.83,627.6
2025-10-22,GGL-001,Pesquisa Marca,Google Ads,Conversoes,Alta intencao,Sudeste,Desktop,5124,384,66,19,13,1127.47,14786.97,952.56
2025-10-22,GGL-002,Pesquisa Generica,Google Ads,Conversoes,Intencao ampla,Sudeste,Mobile,8665,324,41,12,9,1416.42,13385.23,1404.35
2025-10-22,GGL-003,Performance Max,Google Ads,Receita,Multicanal,Sul,Mobile,13518,294,29,5,5,1026.73,5571.87,1114.07
2025-10-22,MET-001,Remarketing Social,Meta Ads,Conversoes,Visitantes do site,Nordeste,Desktop,17376,595,72,22,10,1020.8,14570.89,1041.39
2025-10-22,MET-002,Prospeccao Interesses,Meta Ads,Leads,Interesses,Sul,Mobile,29933,368,29,2,1,686.24,1628.17,965.95
2025-10-22,MET-003,Publico Lookalike,Meta Ads,Leads,Semelhantes,Centro-Oeste,Mobile,27639,572,59,15,12,1107.3,9637.1,974.16
2025-10-22,LNK-001,Demo B2B,LinkedIn Ads,Leads,Decisores B2B,Sudeste,Mobile,7243,56,7,1,1,538.54,2496.0,714.42
2025-10-22,LNK-002,Webinar Executivo,LinkedIn Ads,Leads,Liderancas,Sudeste,Mobile,6617,85,16,1,0,612.52,3086.31,658.89
2025-10-22,TTK-001,Video Descoberta,TikTok Ads,Alcance,Publico jovem,Nordeste,Desktop,45669,901,34,1,1,988.85,412.21,991.12
2025-10-22,TTK-002,Criadores e Reviews,TikTok Ads,Conversoes,Engajados,Nordeste,Mobile,40600,1216,64,5,4,1806.26,2467.12,1349.24
2025-10-22,EML-001,Oferta Base Ativa,Email Marketing,Receita,Clientes ativos,Nordeste,Tablet,22693,2603,474,51,5,814.16,34031.01,883.2
2025-10-22,EML-002,Nutricao de Leads,Email Marketing,Conversoes,Leads em nutricao,Sudeste,Mobile,21051,1684,183,10,4,689.42,7582.56,627.6
2025-10-23,GGL-001,Pesquisa Marca,Google Ads,Conversoes,Alta intencao,Nordeste,Mobile,5301,327,60,30,21,899.92,25519.39,952.56
2025-10-23,GGL-002,Pesquisa Generica,Google Ads,Conversoes,Intencao ampla,Nordeste,Desktop,8043,389,45,7,6,1531.0,7952.3,1404.35
2025-10-23,GGL-003,Performance Max,Google Ads,Receita,Multicanal,Sudeste,Desktop,13748,361,34,5,5,1373.65,5202.45,1114.07
2025-10-23,MET-001,Remarketing Social,Meta Ads,Conversoes,Visitantes do site,Sudeste,Mobile,23729,731,85,27,10,1265.34,21170.54,1041.39
2025-10-23,MET-002,Prospeccao Interesses,Meta Ads,Leads,Interesses,Sudeste,Mobile,32060,551,31,6,5,1109.98,4641.6,965.95
2025-10-23,MET-003,Publico Lookalike,Meta Ads,Leads,Semelhantes,Norte,Mobile,24819,509,48,9,7,1029.54,7006.83,974.16
2025-10-23,LNK-001,Demo B2B,LinkedIn Ads,Leads,Decisores B2B,Sul,Mobile,7574,81,8,2,2,806.53,6133.0,714.42
2025-10-23,LNK-002,Webinar Executivo,LinkedIn Ads,Leads,Liderancas,Sudeste,Mobile,4914,78,15,2,1,610.59,5241.18,658.89
2025-10-23,TTK-001,Video Descoberta,TikTok Ads,Alcance,Publico jovem,Sul,Mobile,46575,876,41,8,7,980.91,3138.48,991.12
2025-10-23,TTK-002,Criadores e Reviews,TikTok Ads,Conversoes,Engajados,Sudeste,Mobile,32522,790,49,5,5,1239.06,2587.5,1349.24
2025-10-23,EML-001,Oferta Base Ativa,Email Marketing,Receita,Clientes ativos,Sudeste,Mobile,28209,3383,651,54,7,1002.48,34168.36,883.2
2025-10-23,EML-002,Nutricao de Leads,Email Marketing,Conversoes,Leads em nutricao,Sudeste,Mobile,20094,1634,243,32,17,665.28,18452.4,627.6
2025-10-24,GGL-001,Pesquisa Marca,Google Ads,Conversoes,Alta intencao,Nordeste,Tablet,5221,326,43,12,7,846.77,9778.57,952.56
2025-10-24,GGL-002,Pesquisa Generica,Google Ads,Conversoes,Intencao ampla,Sudeste,Mobile,6595,264,38,7,5,1060.83,5902.65,1404.35
2025-10-24,GGL-003,Performance Max,Google Ads,Receita,Multicanal,Sudeste,Mobile,11689,335,19,3,2,1196.06,2604.89,1114.07
2025-10-24,MET-001,Remarketing Social,Meta Ads,Conversoes,Visitantes do site,Sul,Desktop,19500,637,71,20,10,1085.74,11232.0,1041.39
2025-10-24,MET-002,Prospeccao Interesses,Meta Ads,Leads,Interesses,Sudeste,Tablet,22719,399,19,3,2,827.97,1807.94,965.95
2025-10-24,MET-003,Publico Lookalike,Meta Ads,Leads,Semelhantes,Centro-Oeste,Mobile,28201,579,55,16,15,1212.2,11735.1,974.16
2025-10-24,LNK-001,Demo B2B,LinkedIn Ads,Leads,Decisores B2B,Sudeste,Desktop,8388,68,5,1,1,636.38,2670.83,714.42
2025-10-24,LNK-002,Webinar Executivo,LinkedIn Ads,Leads,Liderancas,Centro-Oeste,Desktop,6118,62,6,1,1,528.07,2465.73,658.89
2025-10-24,TTK-001,Video Descoberta,TikTok Ads,Alcance,Publico jovem,Sul,Mobile,47150,893,36,2,2,1072.84,815.41,991.12
2025-10-24,TTK-002,Criadores e Reviews,TikTok Ads,Conversoes,Engajados,Sudeste,Desktop,37626,854,33,3,3,1412.03,1396.36,1349.24
2025-10-24,EML-001,Oferta Base Ativa,Email Marketing,Receita,Clientes ativos,Sul,Mobile,23944,2690,490,59,10,847.88,36454.41,883.2
2025-10-24,EML-002,Nutricao de Leads,Email Marketing,Conversoes,Leads em nutricao,Nordeste,Desktop,22076,1782,241,24,7,719.72,15972.98,627.6
2025-10-25,GGL-001,Pesquisa Marca,Google Ads,Conversoes,Alta intencao,Sudeste,Desktop,5063,371,48,15,10,992.01,13117.82,952.56
2025-10-25,GGL-002,Pesquisa Generica,Google Ads,Conversoes,Intencao ampla,Nordeste,Mobile,7022,341,31,4,3,1475.33,3057.6,1404.35
2025-10-25,GGL-003,Performance Max,Google Ads,Receita,Multicanal,Nordeste,Mobile,12370,283,20,4,3,953.84,4036.05,1114.07
2025-10-25,MET-001,Remarketing Social,Meta Ads,Conversoes,Visitantes do site,Sudeste,Desktop,14871,434,52,16,5,758.66,8985.6,1041.39
2025-10-25,MET-002,Prospeccao Interesses,Meta Ads,Leads,Interesses,Sudeste,Mobile,23814,432,25,2,2,1007.23,1524.61,965.95
2025-10-25,MET-003,Publico Lookalike,Meta Ads,Leads,Semelhantes,Nordeste,Desktop,17193,299,30,4,3,648.87,2643.61,974.16
2025-10-25,LNK-001,Demo B2B,LinkedIn Ads,Leads,Decisores B2B,Sudeste,Mobile,6186,38,3,1,1,365.43,3035.2,714.42
2025-10-25,LNK-002,Webinar Executivo,LinkedIn Ads,Leads,Liderancas,Norte,Desktop,5769,77,8,2,2,538.87,5496.3,658.89
2025-10-25,TTK-001,Video Descoberta,TikTok Ads,Alcance,Publico jovem,Sudeste,Desktop,31581,703,31,6,6,846.26,3166.23,991.12
2025-10-25,TTK-002,Criadores e Reviews,TikTok Ads,Conversoes,Engajados,Sudeste,Mobile,33106,820,60,8,7,1247.87,4347.2,1349.24
2025-10-25,EML-001,Oferta Base Ativa,Email Marketing,Receita,Clientes ativos,Sudeste,Mobile,19069,2063,379,39,2,687.68,21125.51,883.2
2025-10-25,EML-002,Nutricao de Leads,Email Marketing,Conversoes,Leads em nutricao,Sudeste,Desktop,15630,1309,136,10,5,543.5,5642.57,627.6
2025-10-26,GGL-001,Pesquisa Marca,Google Ads,Conversoes,Alta intencao,Sul,Mobile,3784,256,45,17,13,761.68,13905.18,952.56
2025-10-26,GGL-002,Pesquisa Generica,Google Ads,Conversoes,Intencao ampla,Sudeste,Mobile,7480,316,35,14,11,1291.73,15436.73,1404.35
2025-10-26,GGL-003,Performance Max,Google Ads,Receita,Multicanal,Nordeste,Mobile,8150,182,17,0,0,566.52,0.0,1114.07
2025-10-26,MET-001,Remarketing Social,Meta Ads,Conversoes,Visitantes do site,Nordeste,Desktop,19935,577,55,21,11,954.84,15465.04,1041.39
2025-10-26,MET-002,Prospeccao Interesses,Meta Ads,Leads,Interesses,Sudeste,Desktop,26577,366,24,0,0,824.42,0.0,965.95
2025-10-26,MET-003,Publico Lookalike,Meta Ads,Leads,Semelhantes,Sudeste,Mobile,17967,356,29,11,10,674.1,7563.5,974.16
2025-10-26,LNK-001,Demo B2B,LinkedIn Ads,Leads,Decisores B2B,Sudeste,Mobile,6188,45,4,0,0,480.89,0.0,714.42
2025-10-26,LNK-002,Webinar Executivo,LinkedIn Ads,Leads,Liderancas,Sul,Mobile,5503,54,7,2,2,447.32,5481.07,658.89
2025-10-26,TTK-001,Video Descoberta,TikTok Ads,Alcance,Publico jovem,Centro-Oeste,Mobile,40154,868,46,4,3,980.48,1560.44,991.12
2025-10-26,TTK-002,Criadores e Reviews,TikTok Ads,Conversoes,Engajados,Sul,Mobile,26250,654,39,6,6,991.43,3222.95,1349.24
2025-10-26,EML-001,Oferta Base Ativa,Email Marketing,Receita,Clientes ativos,Sudeste,Desktop,21445,2401,444,60,7,769.0,30945.93,883.2
2025-10-26,EML-002,Nutricao de Leads,Email Marketing,Conversoes,Leads em nutricao,Sudeste,Mobile,14015,1349,174,12,7,515.2,6577.02,627.6
2025-10-27,GGL-001,Pesquisa Marca,Google Ads,Conversoes,Alta intencao,Sul,Desktop,5762,415,67,25,17,1151.41,16575.0,952.56
2025-10-27,GGL-002,Pesquisa Generica,Google Ads,Conversoes,Intencao ampla,Nordeste,Mobile,9291,357,20,3,2,1373.18,3208.19,1404.35
2025-10-27,GGL-003,Performance Max,Google Ads,Receita,Multicanal,Sudeste,Mobile,10837,299,22,5,4,865.41,4606.41,1114.07
2025-10-27,MET-001,Remarketing Social,Meta Ads,Conversoes,Visitantes do site,Sudeste,Mobile,22590,562,65,16,6,959.35,10499.96,1041.39
2025-10-27,MET-002,Prospeccao Interesses,Meta Ads,Leads,Interesses,Centro-Oeste,Mobile,31056,387,33,4,4,766.43,2662.28,965.95
2025-10-27,MET-003,Publico Lookalike,Meta Ads,Leads,Semelhantes,Sul,Mobile,25900,543,49,12,10,1055.31,8819.37,974.16
2025-10-27,LNK-001,Demo B2B,LinkedIn Ads,Leads,Decisores B2B,Nordeste,Mobile,8665,62,8,1,1,596.24,2736.31,714.42
2025-10-27,LNK-002,Webinar Executivo,LinkedIn Ads,Leads,Liderancas,Nordeste,Mobile,7737,102,15,1,1,846.56,2954.7,658.89
2025-10-27,TTK-001,Video Descoberta,TikTok Ads,Alcance,Publico jovem,Sul,Desktop,42197,857,30,4,4,1062.07,1730.88,991.12
2025-10-27,TTK-002,Criadores e Reviews,TikTok Ads,Conversoes,Engajados,Sudeste,Mobile,28137,744,40,5,5,1222.05,3133.78,1349.24
2025-10-27,EML-001,Oferta Base Ativa,Email Marketing,Receita,Clientes ativos,Nordeste,Desktop,28427,3275,623,94,8,996.04,52940.34,883.2
2025-10-27,EML-002,Nutricao de Leads,Email Marketing,Conversoes,Leads em nutricao,Nordeste,Mobile,17585,1381,155,9,4,589.8,4674.63,627.6
2025-10-28,GGL-001,Pesquisa Marca,Google Ads,Conversoes,Alta intencao,Sudeste,Tablet,5069,347,38,10,6,949.6,8794.82,952.56
2025-10-28,GGL-002,Pesquisa Generica,Google Ads,Conversoes,Intencao ampla,Centro-Oeste,Mobile,7733,298,35,7,6,1228.28,7654.01,1404.35
2025-10-28,GGL-003,Performance Max,Google Ads,Receita,Multicanal,Sul,Mobile,13790,363,20,4,3,1255.64,4007.73,1114.07
2025-10-28,MET-001,Remarketing Social,Meta Ads,Conversoes,Visitantes do site,Sudeste,Desktop,21288,604,64,18,8,1067.29,11528.4,1041.39
2025-10-28,MET-002,Prospeccao Interesses,Meta Ads,Leads,Interesses,Sudeste,Mobile,31098,423,44,10,9,838.5,8989.63,965.95
2025-10-28,MET-003,Publico Lookalike,Meta Ads,Leads,Semelhantes,Sul,Mobile,23973,459,38,10,8,1055.25,5538.0,974.16
2025-10-28,LNK-001,Demo B2B,LinkedIn Ads,Leads,Decisores B2B,Norte,Mobile,8794,67,7,1,1,695.05,3867.7,714.42
2025-10-28,LNK-002,Webinar Executivo,LinkedIn Ads,Leads,Liderancas,Norte,Mobile,6836,82,15,4,3,652.2,9486.01,658.89
2025-10-28,TTK-001,Video Descoberta,TikTok Ads,Alcance,Publico jovem,Sudeste,Mobile,42183,850,26,2,2,968.13,1008.65,991.12
2025-10-28,TTK-002,Criadores e Reviews,TikTok Ads,Conversoes,Engajados,Sul,Mobile,34878,810,50,6,4,1160.99,3119.41,1349.24
2025-10-28,EML-001,Oferta Base Ativa,Email Marketing,Receita,Clientes ativos,Norte,Mobile,29609,3506,619,83,8,1042.78,51493.93,883.2
2025-10-28,EML-002,Nutricao de Leads,Email Marketing,Conversoes,Leads em nutricao,Sul,Mobile,25897,2251,282,32,13,843.04,19922.77,627.6
2025-10-29,GGL-001,Pesquisa Marca,Google Ads,Conversoes,Alta intencao,Sudeste,Desktop,5580,473,77,30,21,1396.6,26715.04,952.56
2025-10-29,GGL-002,Pesquisa Generica,Google Ads,Conversoes,Intencao ampla,Nordeste,Mobile,7122,308,32,9,7,1257.57,7504.75,1404.35
2025-10-29,GGL-003,Performance Max,Google Ads,Receita,Multicanal,Norte,Mobile,11609,357,28,5,3,1201.37,5450.25,1114.07
2025-10-29,MET-001,Remarketing Social,Meta Ads,Conversoes,Visitantes do site,Sudeste,Mobile,24412,779,97,33,11,1329.54,29148.46,1041.39
2025-10-29,MET-002,Prospeccao Interesses,Meta Ads,Leads,Interesses,Sudeste,Mobile,29560,560,27,7,6,1084.35,3798.55,965.95
2025-10-29,MET-003,Publico Lookalike,Meta Ads,Leads,Semelhantes,Sudeste,Mobile,23197,487,51,5,2,967.35,3089.76,974.16
2025-10-29,LNK-001,Demo B2B,LinkedIn Ads,Leads,Decisores B2B,Sudeste,Mobile,10322,94,9,1,1,975.31,4027.38,714.42
2025-10-29,LNK-002,Webinar Executivo,LinkedIn Ads,Leads,Liderancas,Centro-Oeste,Desktop,7157,77,16,2,2,649.13,5003.43,658.89
2025-10-29,TTK-001,Video Descoberta,TikTok Ads,Alcance,Publico jovem,Sul,Mobile,33080,588,16,3,3,758.22,1597.39,991.12
2025-10-29,TTK-002,Criadores e Reviews,TikTok Ads,Conversoes,Engajados,Norte,Desktop,34557,909,54,6,5,1479.56,2724.68,1349.24
2025-10-29,EML-001,Oferta Base Ativa,Email Marketing,Receita,Clientes ativos,Sudeste,Mobile,25397,2637,411,57,8,871.64,32402.89,883.2
2025-10-29,EML-002,Nutricao de Leads,Email Marketing,Conversoes,Leads em nutricao,Centro-Oeste,Tablet,21457,1697,222,22,4,698.84,12760.08,627.6
2025-10-30,GGL-001,Pesquisa Marca,Google Ads,Conversoes,Alta intencao,Sudeste,Desktop,5310,371,43,12,12,1039.99,11023.96,952.56
2025-10-30,GGL-002,Pesquisa Generica,Google Ads,Conversoes,Intencao ampla,Nordeste,Mobile,8825,387,39,13,10,1699.58,11499.62,1404.35
2025-10-30,GGL-003,Performance Max,Google Ads,Receita,Multicanal,Nordeste,Mobile,13032,305,23,7,6,1124.5,6892.52,1114.07
2025-10-30,MET-001,Remarketing Social,Meta Ads,Conversoes,Visitantes do site,Nordeste,Desktop,18919,545,54,18,7,918.25,13889.97,1041.39
2025-10-30,MET-002,Prospeccao Interesses,Meta Ads,Leads,Interesses,Sudeste,Desktop,29831,521,32,4,4,1067.04,2268.49,965.95
2025-10-30,MET-003,Publico Lookalike,Meta Ads,Leads,Semelhantes,Sudeste,Mobile,22389,407,39,6,5,906.87,3683.23,974.16
2025-10-30,LNK-001,Demo B2B,LinkedIn Ads,Leads,Decisores B2B,Sul,Mobile,7789,66,10,2,1,592.56,8027.05,714.42
2025-10-30,LNK-002,Webinar Executivo,LinkedIn Ads,Leads,Liderancas,Sul,Desktop,6192,70,10,0,0,497.06,0.0,658.89
2025-10-30,TTK-001,Video Descoberta,TikTok Ads,Alcance,Publico jovem,Sul,Mobile,47217,980,46,4,4,1163.49,1975.69,991.12
2025-10-30,TTK-002,Criadores e Reviews,TikTok Ads,Conversoes,Engajados,Nordeste,Mobile,37154,900,50,2,2,1421.92,1057.9,1349.24
2025-10-30,EML-001,Oferta Base Ativa,Email Marketing,Receita,Clientes ativos,Sudeste,Mobile,32787,3718,604,87,6,1127.54,48042.98,883.2
2025-10-30,EML-002,Nutricao de Leads,Email Marketing,Conversoes,Leads em nutricao,Nordeste,Mobile,25346,1942,274,26,8,801.12,13451.45,627.6
2025-10-31,GGL-001,Pesquisa Marca,Google Ads,Conversoes,Alta intencao,Norte,Mobile,4268,307,50,16,8,863.56,12399.15,952.56
2025-10-31,GGL-002,Pesquisa Generica,Google Ads,Conversoes,Intencao ampla,Sudeste,Mobile,8614,308,37,7,6,1305.31,6951.01,1404.35
2025-10-31,GGL-003,Performance Max,Google Ads,Receita,Multicanal,Sul,Desktop,15678,385,47,12,11,1137.65,10282.91,1114.07
2025-10-31,MET-001,Remarketing Social,Meta Ads,Conversoes,Visitantes do site,Sul,Mobile,18395,491,63,22,14,873.23,15149.63,1041.39
2025-10-31,MET-002,Prospeccao Interesses,Meta Ads,Leads,Interesses,Sudeste,Desktop,27664,385,20,1,1,704.28,729.62,965.95
2025-10-31,MET-003,Publico Lookalike,Meta Ads,Leads,Semelhantes,Sudeste,Mobile,25931,580,47,5,3,1257.76,3721.17,974.16
2025-10-31,LNK-001,Demo B2B,LinkedIn Ads,Leads,Decisores B2B,Norte,Mobile,8763,75,5,1,1,789.89,3316.53,714.42
2025-10-31,LNK-002,Webinar Executivo,LinkedIn Ads,Leads,Liderancas,Nordeste,Mobile,6593,63,5,0,0,494.98,0.0,658.89
2025-10-31,TTK-001,Video Descoberta,TikTok Ads,Alcance,Publico jovem,Centro-Oeste,Mobile,46369,870,26,3,3,1047.43,1321.18,991.12
2025-10-31,TTK-002,Criadores e Reviews,TikTok Ads,Conversoes,Engajados,Nordeste,Mobile,36901,907,41,3,3,1285.31,1533.93,1349.24
2025-10-31,EML-001,Oferta Base Ativa,Email Marketing,Receita,Clientes ativos,Centro-Oeste,Mobile,27077,3246,552,75,12,966.14,45589.86,883.2
2025-10-31,EML-002,Nutricao de Leads,Email Marketing,Conversoes,Leads em nutricao,Sudeste,Mobile,21880,1969,224,22,8,734.5,17193.4,627.6
2025-11-01,GGL-001,Pesquisa Marca,Google Ads,Conversoes,Alta intencao,Nordeste,Desktop,4867,309,43,14,8,834.1,10650.02,952.56
2025-11-01,GGL-002,Pesquisa Generica,Google Ads,Conversoes,Intencao ampla,Sul,Mobile,7373,321,49,11,11,1346.1,9806.72,1404.35
2025-11-01,GGL-003,Performance Max,Google Ads,Receita,Multicanal,Sudeste,Desktop,15266,366,26,5,4,1286.18,3588.0,1114.07
2025-11-01,MET-001,Remarketing Social,Meta Ads,Conversoes,Visitantes do site,Sudeste,Mobile,18245,531,68,10,4,833.8,5616.0,1041.39
2025-11-01,MET-002,Prospeccao Interesses,Meta Ads,Leads,Interesses,Sul,Mobile,25521,386,24,3,3,751.9,1630.83,965.95
2025-11-01,MET-003,Publico Lookalike,Meta Ads,Leads,Semelhantes,Sudeste,Mobile,21319,391,30,4,3,780.75,2648.84,974.16
2025-11-01,LNK-001,Demo B2B,LinkedIn Ads,Leads,Decisores B2B,Centro-Oeste,Mobile,7263,59,3,1,1,573.25,3043.87,714.42
2025-11-01,LNK-002,Webinar Executivo,LinkedIn Ads,Leads,Liderancas,Sudeste,Desktop,6058,85,7,0,0,740.03,0.0,658.89
2025-11-01,TTK-001,Video Descoberta,TikTok Ads,Alcance,Publico jovem,Centro-Oeste,Mobile,46806,885,41,8,7,1012.66,3271.94,991.12
2025-11-01,TTK-002,Criadores e Reviews,TikTok Ads,Conversoes,Engajados,Norte,Desktop,24679,687,45,2,2,963.55,1234.28,1349.24
2025-11-01,EML-001,Oferta Base Ativa,Email Marketing,Receita,Clientes ativos,Sul,Desktop,23763,2400,499,67,11,815.26,40275.15,883.2
2025-11-01,EML-002,Nutricao de Leads,Email Marketing,Conversoes,Leads em nutricao,Sudeste,Mobile,18725,1261,142,18,5,600.6,12577.38,627.6
2025-11-02,GGL-001,Pesquisa Marca,Google Ads,Conversoes,Alta intencao,Norte,Mobile,4937,424,59,15,12,1182.88,14438.25,952.56
2025-11-02,GGL-002,Pesquisa Generica,Google Ads,Conversoes,Intencao ampla,Centro-Oeste,Desktop,6575,336,40,8,5,1449.6,7574.72,1404.35
2025-11-02,GGL-003,Performance Max,Google Ads,Receita,Multicanal,Sudeste,Mobile,12306,292,29,6,4,1079.73,4962.88,1114.07
2025-11-02,MET-001,Remarketing Social,Meta Ads,Conversoes,Visitantes do site,Norte,Mobile,18409,537,43,17,8,1103.61,12919.2,1041.39
2025-11-02,MET-002,Prospeccao Interesses,Meta Ads,Leads,Interesses,Sudeste,Mobile,27650,378,27,2,1,892.83,1323.1,965.95
2025-11-02,MET-003,Publico Lookalike,Meta Ads,Leads,Semelhantes,Sudeste,Mobile,25512,599,66,13,12,1168.93,10997.5,974.16
2025-11-02,LNK-001,Demo B2B,LinkedIn Ads,Leads,Decisores B2B,Sudeste,Mobile,8409,82,7,1,1,802.46,3306.26,714.42
2025-11-02,LNK-002,Webinar Executivo,LinkedIn Ads,Leads,Liderancas,Nordeste,Mobile,5605,56,7,2,1,453.91,4261.57,658.89
2025-11-02,TTK-001,Video Descoberta,TikTok Ads,Alcance,Publico jovem,Nordeste,Mobile,41435,928,37,5,4,1079.63,3167.75,991.12
2025-11-02,TTK-002,Criadores e Reviews,TikTok Ads,Conversoes,Engajados,Sudeste,Mobile,28977,652,28,5,4,1135.87,2628.24,1349.24
2025-11-02,EML-001,Oferta Base Ativa,Email Marketing,Receita,Clientes ativos,Nordeste,Desktop,29141,3461,752,81,8,1028.92,41891.56,883.2
2025-11-02,EML-002,Nutricao de Leads,Email Marketing,Conversoes,Leads em nutricao,Centro-Oeste,Desktop,18765,1455,179,16,5,620.8,11943.89,627.6
2025-11-03,GGL-001,Pesquisa Marca,Google Ads,Conversoes,Alta intencao,Sudeste,Mobile,5614,354,53,15,10,920.19,13664.97,952.56
2025-11-03,GGL-002,Pesquisa Generica,Google Ads,Conversoes,Intencao ampla,Nordeste,Mobile,10753,463,44,9,6,2038.87,8685.77,1404.35
2025-11-03,GGL-003,Performance Max,Google Ads,Receita,Multicanal,Sudeste,Mobile,18092,512,36,11,10,1726.03,12557.63,1114.07
2025-11-03,MET-001,Remarketing Social,Meta Ads,Conversoes,Visitantes do site,Norte,Mobile,30508,935,119,33,11,1688.69,24959.91,1041.39
2025-11-03,MET-002,Prospeccao Interesses,Meta Ads,Leads,Interesses,Nordeste,Mobile,33509,556,43,9,8,1183.97,5528.02,965.95
2025-11-03,MET-003,Publico Lookalike,Meta Ads,Leads,Semelhantes,Sudeste,Mobile,34731,607,59,9,7,1339.02,6417.08,974.16
2025-11-03,LNK-001,Demo B2B,LinkedIn Ads,Leads,Decisores B2B,Nordeste,Mobile,8065,86,7,1,1,842.98,3137.31,714.42
2025-11-03,LNK-002,Webinar Executivo,LinkedIn Ads,Leads,Liderancas,Norte,Desktop,9091,107,27,4,3,926.93,10533.72,658.89
2025-11-03,TTK-001,Video Descoberta,TikTok Ads,Alcance,Publico jovem,Sudeste,Desktop,53702,1147,48,5,4,1229.83,2848.46,991.12
2025-11-03,TTK-002,Criadores e Reviews,TikTok Ads,Conversoes,Engajados,Sul,Mobile,41690,1103,51,8,7,1657.29,4507.17,1349.24
2025-11-03,EML-001,Oferta Base Ativa,Email Marketing,Receita,Clientes ativos,Sudeste,Mobile,24448,2893,456,57,7,878.26,33581.99,883.2
2025-11-03,EML-002,Nutricao de Leads,Email Marketing,Conversoes,Leads em nutricao,Sudeste,Desktop,21832,1991,208,18,5,735.74,9971.17,627.6
2025-11-04,GGL-001,Pesquisa Marca,Google Ads,Conversoes,Alta intencao,Sudeste,Mobile,5387,396,56,15,12,1053.86,10512.63,952.56
2025-11-04,GGL-002,Pesquisa Generica,Google Ads,Conversoes,Intencao ampla,Sudeste,Mobile,6656,288,26,6,5,1154.45,5222.34,1404.35
2025-11-04,GGL-003,Performance Max,Google Ads,Receita,Multicanal,Centro-Oeste,Mobile,15677,384,28,8,8,1259.89,7769.53,1114.07
2025-11-04,MET-001,Remarketing Social,Meta Ads,Conversoes,Visitantes do site,Sudeste,Mobile,20665,651,67,16,9,1140.89,11537.42,1041.39
2025-11-04,MET-002,Prospeccao Interesses,Meta Ads,Leads,Interesses,Sudeste,Mobile,35205,585,36,7,6,1296.65,4559.61,965.95
2025-11-04,MET-003,Publico Lookalike,Meta Ads,Leads,Semelhantes,Centro-Oeste,Mobile,34665,752,81,11,9,1480.84,7977.52,974.16
2025-11-04,LNK-001,Demo B2B,LinkedIn Ads,Leads,Decisores B2B,Sudeste,Desktop,10451,79,10,3,3,796.91,10876.5,714.42
2025-11-04,LNK-002,Webinar Executivo,LinkedIn Ads,Leads,Liderancas,Sul,Mobile,7876,102,17,3,3,786.64,9317.95,658.89
2025-11-04,TTK-001,Video Descoberta,TikTok Ads,Alcance,Publico jovem,Sul,Mobile,52610,997,60,6,6,1171.42,2857.9,991.12
2025-11-04,TTK-002,Criadores e Reviews,TikTok Ads,Conversoes,Engajados,Sudeste,Mobile,49131,1395,64,7,5,2112.62,4116.99,1349.24
2025-11-04,EML-001,Oferta Base Ativa,Email Marketing,Receita,Clientes ativos,Sudeste,Tablet,26087,3144,585,59,6,936.14,30106.45,883.2
2025-11-04,EML-002,Nutricao de Leads,Email Marketing,Conversoes,Leads em nutricao,Nordeste,Desktop,18720,1538,203,22,12,628.2,13443.62,627.6
2025-11-05,GGL-001,Pesquisa Marca,Google Ads,Conversoes,Alta intencao,Nordeste,Desktop,6757,478,72,21,21,1337.34,19197.17,952.56
2025-11-05,GGL-002,Pesquisa Generica,Google Ads,Conversoes,Intencao ampla,Sudeste,Desktop,11057,368,37,11,8,1493.96,8728.52,1404.35
2025-11-05,GGL-003,Performance Max,Google Ads,Receita,Multicanal,Sul,Mobile,18710,528,44,4,3,1850.1,2870.4,1114.07
2025-11-05,MET-001,Remarketing Social,Meta Ads,Conversoes,Visitantes do site,Sudeste,Desktop,22490,646,74,27,6,1221.45,20001.22,1041.39
2025-11-05,MET-002,Prospeccao Interesses,Meta Ads,Leads,Interesses,Nordeste,Mobile,31629,549,51,7,7,1121.75,4102.03,965.95
2025-11-05,MET-003,Publico Lookalike,Meta Ads,Leads,Semelhantes,Sul,Desktop,31631,665,55,11,10,1385.43,7403.23,974.16
2025-11-05,LNK-001,Demo B2B,LinkedIn Ads,Leads,Decisores B2B,Sudeste,Mobile,11185,94,11,2,2,756.06,6063.59,714.42
2025-11-05,LNK-002,Webinar Executivo,LinkedIn Ads,Leads,Liderancas,Sul,Mobile,8231,112,17,3,2,933.93,7875.36,658.89
2025-11-05,TTK-001,Video Descoberta,TikTok Ads,Alcance,Publico jovem,Sul,Mobile,50271,1096,46,1,1,1251.64,406.2,991.12
2025-11-05,TTK-002,Criadores e Reviews,TikTok Ads,Conversoes,Engajados,Sudeste,Mobile,39390,956,48,8,8,1527.7,4560.99,1349.24
2025-11-05,EML-001,Oferta Base Ativa,Email Marketing,Receita,Clientes ativos,Nordeste,Mobile,27104,3298,572,78,13,971.88,49967.95,883.2
2025-11-05,EML-002,Nutricao de Leads,Email Marketing,Conversoes,Leads em nutricao,Nordeste,Mobile,33020,2831,429,35,17,1043.5,27700.91,627.6
2025-11-06,GGL-001,Pesquisa Marca,Google Ads,Conversoes,Alta intencao,Centro-Oeste,Mobile,5407,343,45,15,8,972.51,16284.9,952.56
2025-11-06,GGL-002,Pesquisa Generica,Google Ads,Conversoes,Intencao ampla,Sudeste,Mobile,10983,478,50,7,5,1876.87,7216.53,1404.35
2025-11-06,GGL-003,Performance Max,Google Ads,Receita,Multicanal,Norte,Mobile,16223,462,50,15,15,1537.93,11908.65,1114.07
2025-11-06,MET-001,Remarketing Social,Meta Ads,Conversoes,Visitantes do site,Sudeste,Mobile,27839,832,87,20,9,1471.64,14901.23,1041.39
2025-11-06,MET-002,Prospeccao Interesses,Meta Ads,Leads,Interesses,Centro-Oeste,Desktop,31516,494,43,9,7,1028.17,5280.99,965.95
2025-11-06,MET-003,Publico Lookalike,Meta Ads,Leads,Semelhantes,Norte,Mobile,31899,619,60,13,9,1406.78,8999.84,974.16
2025-11-06,LNK-001,Demo B2B,LinkedIn Ads,Leads,Decisores B2B,Sudeste,Mobile,11250,81,7,0,0,862.27,0.0,714.42
2025-11-06,LNK-002,Webinar Executivo,LinkedIn Ads,Leads,Liderancas,Sudeste,Mobile,8212,94,16,1,0,773.01,2229.81,658.89
2025-11-06,TTK-001,Video Descoberta,TikTok Ads,Alcance,Publico jovem,Sudeste,Mobile,55142,1294,56,6,5,1503.89,2659.57,991.12
2025-11-06,TTK-002,Criadores e Reviews,TikTok Ads,Conversoes,Engajados,Sudeste,Mobile,34206,859,42,5,5,1449.57,2884.93,1349.24
2025-11-06,EML-001,Oferta Base Ativa,Email Marketing,Receita,Clientes ativos,Sudeste,Mobile,31002,3534,535,52,9,1073.44,32224.03,883.2
2025-11-06,EML-002,Nutricao de Leads,Email Marketing,Conversoes,Leads em nutricao,Centro-Oeste,Mobile,22825,2044,209,16,7,760.9,8840.52,627.6
2025-11-07,GGL-001,Pesquisa Marca,Google Ads,Conversoes,Alta intencao,Sudeste,Desktop,6203,433,59,30,20,1268.83,24557.46,952.56
2025-11-07,GGL-002,Pesquisa Generica,Google Ads,Conversoes,Intencao ampla,Sudeste,Desktop,9591,469,55,15,8,1977.82,13280.35,1404.35
2025-11-07,GGL-003,Performance Max,Google Ads,Receita,Multicanal,Sudeste,Mobile,15447,397,28,7,6,1442.28,7782.95,1114.07
2025-11-07,MET-001,Remarketing Social,Meta Ads,Conversoes,Visitantes do site,Sudeste,Mobile,23296,617,76,20,8,1044.76,14404.0,1041.39
2025-11-07,MET-002,Prospeccao Interesses,Meta Ads,Leads,Interesses,Norte,Mobile,39407,743,54,9,8,1485.94,7246.89,965.95
2025-11-07,MET-003,Publico Lookalike,Meta Ads,Leads,Semelhantes,Nordeste,Mobile,30058,622,47,4,3,1320.68,2499.52,974.16
2025-11-07,LNK-001,Demo B2B,LinkedIn Ads,Leads,Decisores B2B,Sudeste,Mobile,11773,114,13,4,2,1027.65,14556.43,714.42
2025-11-07,LNK-002,Webinar Executivo,LinkedIn Ads,Leads,Liderancas,Sudeste,Mobile,7290,105,18,2,2,836.6,5735.43,658.89
2025-11-07,TTK-001,Video Descoberta,TikTok Ads,Alcance,Publico jovem,Centro-Oeste,Mobile,62038,1274,41,4,4,1655.51,1861.31,991.12
2025-11-07,TTK-002,Criadores e Reviews,TikTok Ads,Conversoes,Engajados,Sudeste,Desktop,47652,1087,55,3,3,1709.23,1399.02,1349.24
2025-11-07,EML-001,Oferta Base Ativa,Email Marketing,Receita,Clientes ativos,Sudeste,Mobile,27547,3422,453,50,2,993.14,26926.99,883.2
2025-11-07,EML-002,Nutricao de Leads,Email Marketing,Conversoes,Leads em nutricao,Sudeste,Mobile,25136,2291,276,28,9,831.82,16348.15,627.6
2025-11-08,GGL-001,Pesquisa Marca,Google Ads,Conversoes,Alta intencao,Sudeste,Mobile,3450,254,43,19,11,726.83,18163.77,952.56
2025-11-08,GGL-002,Pesquisa Generica,Google Ads,Conversoes,Intencao ampla,Sudeste,Tablet,5581,242,18,6,4,1018.7,5785.74,1404.35
2025-11-08,GGL-003,Performance Max,Google Ads,Receita,Multicanal,Sudeste,Mobile,10665,324,28,6,5,1214.23,5535.91,1114.07
2025-11-08,MET-001,Remarketing Social,Meta Ads,Conversoes,Visitantes do site,Sul,Mobile,15952,385,50,20,9,720.71,11232.0,1041.39
2025-11-08,MET-002,Prospeccao Interesses,Meta Ads,Leads,Interesses,Nordeste,Mobile,30539,470,28,3,2,964.59,1966.88,965.95
2025-11-08,MET-003,Publico Lookalike,Meta Ads,Leads,Semelhantes,Sudeste,Mobile,25143,509,35,5,3,1032.08,3715.41,974.16
2025-11-08,LNK-001,Demo B2B,LinkedIn Ads,Leads,Decisores B2B,Centro-Oeste,Mobile,6419,56,9,0,0,568.11,0.0,714.42
2025-11-08,LNK-002,Webinar Executivo,LinkedIn Ads,Leads,Liderancas,Norte,Mobile,7503,86,10,3,3,639.33,8620.24,658.89
2025-11-08,TTK-001,Video Descoberta,TikTok Ads,Alcance,Publico jovem,Sul,Desktop,42264,810,28,3,2,891.73,1352.23,991.12
2025-11-08,TTK-002,Criadores e Reviews,TikTok Ads,Conversoes,Engajados,Centro-Oeste,Mobile,37976,930,48,2,2,1386.38,1238.74,1349.24
2025-11-08,EML-001,Oferta Base Ativa,Email Marketing,Receita,Clientes ativos,Sul,Desktop,21733,2719,490,49,8,806.56,26571.75,883.2
2025-11-08,EML-002,Nutricao de Leads,Email Marketing,Conversoes,Leads em nutricao,Nordeste,Mobile,16878,1307,136,7,2,568.26,5068.74,627.6
2025-11-09,GGL-001,Pesquisa Marca,Google Ads,Conversoes,Alta intencao,Sul,Desktop,4712,339,69,26,19,979.19,17238.0,952.56
2025-11-09,GGL-002,Pesquisa Generica,Google Ads,Conversoes,Intencao ampla,Sudeste,Mobile,8470,336,42,15,13,1435.95,14010.46,1404.35
2025-11-09,GGL-003,Performance Max,Google Ads,Receita,Multicanal,Nordeste,Mobile,11545,384,28,6,6,1490.95,5800.96,1114.07
2025-11-09,MET-001,Remarketing Social,Meta Ads,Conversoes,Visitantes do site,Sudeste,Mobile,22576,627,82,29,13,1202.19,21720.18,1041.39
2025-11-09,MET-002,Prospeccao Interesses,Meta Ads,Leads,Interesses,Norte,Desktop,28281,488,36,6,5,1111.4,3229.2,965.95
2025-11-09,MET-003,Publico Lookalike,Meta Ads,Leads,Semelhantes,Sul,Mobile,19230,440,43,8,7,868.56,4430.4,974.16
2025-11-09,LNK-001,Demo B2B,LinkedIn Ads,Leads,Decisores B2B,Centro-Oeste,Mobile,8873,88,7,1,1,806.57,3375.09,714.42
2025-11-09,LNK-002,Webinar Executivo,LinkedIn Ads,Leads,Liderancas,Centro-Oeste,Desktop,6401,77,19,1,0,555.1,3127.6,658.89
2025-11-09,TTK-001,Video Descoberta,TikTok Ads,Alcance,Publico jovem,Sudeste,Desktop,24727,581,24,2,2,709.12,801.05,991.12
2025-11-09,TTK-002,Criadores e Reviews,TikTok Ads,Conversoes,Engajados,Sul,Mobile,31928,696,45,8,8,1091.25,4786.77,1349.24
2025-11-09,EML-001,Oferta Base Ativa,Email Marketing,Receita,Clientes ativos,Nordeste,Desktop,26557,3316,620,70,8,962.74,43396.08,883.2
2025-11-09,EML-002,Nutricao de Leads,Email Marketing,Conversoes,Leads em nutricao,Nordeste,Mobile,12322,1018,103,7,4,448.24,3956.27,627.6
2025-11-10,GGL-001,Pesquisa Marca,Google Ads,Conversoes,Alta intencao,Centro-Oeste,Desktop,6569,436,69,23,16,1226.75,20187.73,952.56
2025-11-10,GGL-002,Pesquisa Generica,Google Ads,Conversoes,Intencao ampla,Sudeste,Mobile,8400,341,47,11,10,1447.26,10528.29,1404.35
2025-11-10,GGL-003,Performance Max,Google Ads,Receita,Multicanal,Sudeste,Mobile,14420,338,31,2,2,1291.93,2112.4,1114.07
2025-11-10,MET-001,Remarketing Social,Meta Ads,Conversoes,Visitantes do site,Sudeste,Mobile,25857,723,105,24,7,1318.22,20808.32,1041.39
2025-11-10,MET-002,Prospeccao Interesses,Meta Ads,Leads,Interesses,Norte,Desktop,33824,499,36,6,5,987.85,4059.3,965.95
2025-11-10,MET-003,Publico Lookalike,Meta Ads,Leads,Semelhantes,Sudeste,Mobile,26700,597,34,6,5,1213.13,4369.1,974.16
2025-11-10,LNK-001,Demo B2B,LinkedIn Ads,Leads,Decisores B2B,Sudeste,Mobile,10627,108,11,2,2,1119.23,5199.08,714.42
2025-11-10,LNK-002,Webinar Executivo,LinkedIn Ads,Leads,Liderancas,Nordeste,Mobile,7875,93,15,2,2,739.14,5676.82,658.89
2025-11-10,TTK-001,Video Descoberta,TikTok Ads,Alcance,Publico jovem,Sudeste,Mobile,57366,1080,33,3,3,1242.43,1190.6,991.12
2025-11-10,TTK-002,Criadores e Reviews,TikTok Ads,Conversoes,Engajados,Centro-Oeste,Mobile,40148,1107,63,15,14,1620.9,7408.06,1349.24
2025-11-10,EML-001,Oferta Base Ativa,Email Marketing,Receita,Clientes ativos,Sudeste,Desktop,35896,4513,662,70,12,1269.22,40835.91,883.2
2025-11-10,EML-002,Nutricao de Leads,Email Marketing,Conversoes,Leads em nutricao,Nordeste,Mobile,21752,1946,163,14,9,729.64,8258.64,627.6
2025-11-11,GGL-001,Pesquisa Marca,Google Ads,Conversoes,Alta intencao,Sudeste,Mobile,6341,400,69,21,14,1101.28,17152.84,952.56
2025-11-11,GGL-002,Pesquisa Generica,Google Ads,Conversoes,Intencao ampla,Sul,Mobile,12008,481,45,10,9,2018.33,10059.56,1404.35
2025-11-11,GGL-003,Performance Max,Google Ads,Receita,Multicanal,Sudeste,Mobile,16450,450,42,10,7,1677.81,8132.49,1114.07
2025-11-11,MET-001,Remarketing Social,Meta Ads,Conversoes,Visitantes do site,Nordeste,Desktop,22745,676,76,23,15,1219.21,14367.3,1041.39
2025-11-11,MET-002,Prospeccao Interesses,Meta Ads,Leads,Interesses,Sudeste,Mobile,31144,544,46,5,5,1257.33,3547.99,965.95
2025-11-11,MET-003,Publico Lookalike,Meta Ads,Leads,Semelhantes,Nordeste,Mobile,29365,508,38,6,5,915.39,4044.37,974.16
2025-11-11,LNK-001,Demo B2B,LinkedIn Ads,Leads,Decisores B2B,Centro-Oeste,Desktop,9839,72,7,0,0,723.39,0.0,714.42
2025-11-11,LNK-002,Webinar Executivo,LinkedIn Ads,Leads,Liderancas,Sudeste,Mobile,10353,118,21,2,1,997.37,5295.09,658.89
2025-11-11,TTK-001,Video Descoberta,TikTok Ads,Alcance,Publico jovem,Sul,Desktop,68238,1175,50,7,7,1458.72,4031.17,991.12
2025-11-11,TTK-002,Criadores e Reviews,TikTok Ads,Conversoes,Engajados,Sudeste,Mobile,43307,1194,60,5,5,1878.26,2970.5,1349.24
2025-11-11,EML-001,Oferta Base Ativa,Email Marketing,Receita,Clientes ativos,Sudeste,Mobile,34943,3801,689,69,8,1178.96,42473.14,883.2
2025-11-11,EML-002,Nutricao de Leads,Email Marketing,Conversoes,Leads em nutricao,Sul,Mobile,21806,1611,152,18,9,697.22,12323.08,627.6
2025-11-12,GGL-001,Pesquisa Marca,Google Ads,Conversoes,Alta intencao,Sudeste,Desktop,6020,395,76,22,16,1144.75,19685.2,952.56
2025-11-12,GGL-002,Pesquisa Generica,Google Ads,Conversoes,Intencao ampla,Sudeste,Mobile,9711,415,45,7,6,1728.4,5631.38,1404.35
2025-11-12,GGL-003,Performance Max,Google Ads,Receita,Multicanal,Sudeste,Tablet,14034,316,28,4,2,1107.86,2870.4,1114.07
2025-11-12,MET-001,Remarketing Social,Meta Ads,Conversoes,Visitantes do site,Sudeste,Mobile,26949,816,103,22,10,1549.88,16578.03,1041.39
2025-11-12,MET-002,Prospeccao Interesses,Meta Ads,Leads,Interesses,Centro-Oeste,Mobile,36124,726,46,10,9,1571.23,7204.5,965.95
2025-11-12,MET-003,Publico Lookalike,Meta Ads,Leads,Semelhantes,Sudeste,Mobile,27606,558,65,12,10,1128.37,9975.79,974.16
2025-11-12,LNK-001,Demo B2B,LinkedIn Ads,Leads,Decisores B2B,Sudeste,Tablet,10435,115,10,3,2,1023.07,7488.0,714.42
2025-11-12,LNK-002,Webinar Executivo,LinkedIn Ads,Leads,Liderancas,Sudeste,Mobile,9120,109,14,0,0,799.07,0.0,658.89
2025-11-12,TTK-001,Video Descoberta,TikTok Ads,Alcance,Publico jovem,Nordeste,Mobile,63711,1285,50,3,2,1501.81,1384.68,991.12
2025-11-12,TTK-002,Criadores e Reviews,TikTok Ads,Conversoes,Engajados,Sudeste,Mobile,43732,1100,72,5,5,1876.49,2713.14,1349.24
2025-11-12,EML-001,Oferta Base Ativa,Email Marketing,Receita,Clientes ativos,Sudeste,Mobile,31537,4387,827,64,2,1169.44,40732.06,883.2
2025-11-12,EML-002,Nutricao de Leads,Email Marketing,Conversoes,Leads em nutricao,Sudeste,Mobile,20569,1857,205,21,7,697.08,12012.58,627.6
2025-11-13,GGL-001,Pesquisa Marca,Google Ads,Conversoes,Alta intencao,Sudeste,Mobile,5789,418,78,27,20,1206.28,27089.45,952.56
2025-11-13,GGL-002,Pesquisa Generica,Google Ads,Conversoes,Intencao ampla,Nordeste,Mobile,9001,412,51,12,8,1767.05,14080.42,1404.35
2025-11-13,GGL-003,Performance Max,Google Ads,Receita,Multicanal,Sul,Mobile,14153,301,31,6,4,1024.72,4619.02,1114.07
2025-11-13,MET-001,Remarketing Social,Meta Ads,Conversoes,Visitantes do site,Sudeste,Mobile,26370,828,81,18,9,1270.6,12211.35,1041.39
2025-11-13,MET-002,Prospeccao Interesses,Meta Ads,Leads,Interesses,Sul,Mobile,29786,507,38,7,6,1096.73,3958.13,965.95
2025-11-13,MET-003,Publico Lookalike,Meta Ads,Leads,Semelhantes,Sul,Mobile,31556,553,58,6,5,1099.65,3922.82,974.16
2025-11-13,LNK-001,Demo B2B,LinkedIn Ads,Leads,Decisores B2B,Sudeste,Mobile,8690,101,12,2,1,937.38,7271.34,714.42
2025-11-13,LNK-002,Webinar Executivo,LinkedIn Ads,Leads,Liderancas,Sudeste,Mobile,8490,113,12,3,3,853.21,8613.67,658.89
2025-11-13,TTK-001,Video Descoberta,TikTok Ads,Alcance,Publico jovem,Nordeste,Mobile,47882,951,32,2,2,1155.69,864.45,991.12
2025-11-13,TTK-002,Criadores e Reviews,TikTok Ads,Conversoes,Engajados,Sudeste,Desktop,42103,1050,72,9,7,1544.53,4318.33,1349.24
2025-11-13,EML-001,Oferta Base Ativa,Email Marketing,Receita,Clientes ativos,Sul,Tablet,28876,3971,717,94,16,1074.62,53067.37,883.2
2025-11-13,EML-002,Nutricao de Leads,Email Marketing,Conversoes,Leads em nutricao,Sudeste,Desktop,26135,2261,232,23,16,848.8,12467.67,627.6
2025-11-14,GGL-001,Pesquisa Marca,Google Ads,Conversoes,Alta intencao,Sul,Desktop,5764,328,39,20,13,949.49,14941.89,952.56
2025-11-14,GGL-002,Pesquisa Generica,Google Ads,Conversoes,Intencao ampla,Centro-Oeste,Desktop,9851,370,32,9,9,1636.17,9309.8,1404.35
2025-11-14,GGL-003,Performance Max,Google Ads,Receita,Multicanal,Sudeste,Mobile,14062,355,29,3,3,1358.95,2712.67,1114.07
2025-11-14,MET-001,Remarketing Social,Meta Ads,Conversoes,Visitantes do site,Sudeste,Mobile,30673,860,94,27,8,1704.7,19770.42,1041.39
2025-11-14,MET-002,Prospeccao Interesses,Meta Ads,Leads,Interesses,Sul,Mobile,39598,627,40,4,3,1380.58,3013.07,965.95
2025-11-14,MET-003,Publico Lookalike,Meta Ads,Leads,Semelhantes,Sudeste,Mobile,31175,635,53,13,11,1442.99,10931.21,974.16
2025-11-14,LNK-001,Demo B2B,LinkedIn Ads,Leads,Decisores B2B,Sul,Desktop,9572,80,5,0,0,822.89,0.0,714.42
2025-11-14,LNK-002,Webinar Executivo,LinkedIn Ads,Leads,Liderancas,Nordeste,Mobile,9148,120,22,4,4,1046.51,11502.56,658.89
2025-11-14,TTK-001,Video Descoberta,TikTok Ads,Alcance,Publico jovem,Nordeste,Mobile,46216,1056,31,3,3,1197.2,1187.16,991.12
2025-11-14,TTK-002,Criadores e Reviews,TikTok Ads,Conversoes,Engajados,Nordeste,Desktop,38477,958,45,3,3,1561.1,1398.48,1349.24
2025-11-14,EML-001,Oferta Base Ativa,Email Marketing,Receita,Clientes ativos,Sul,Mobile,32637,3089,513,68,10,1061.64,38022.43,883.2
2025-11-14,EML-002,Nutricao de Leads,Email Marketing,Conversoes,Leads em nutricao,Centro-Oeste,Mobile,24128,1822,198,19,8,764.76,13332.3,627.6
2025-11-15,GGL-001,Pesquisa Marca,Google Ads,Conversoes,Alta intencao,Sudeste,Mobile,5776,423,75,29,26,1176.7,26376.04,952.56
2025-11-15,GGL-002,Pesquisa Generica,Google Ads,Conversoes,Intencao ampla,Nordeste,Desktop,6864,364,41,12,9,1492.77,12648.76,1404.35
2025-11-15,GGL-003,Performance Max,Google Ads,Receita,Multicanal,Sudeste,Mobile,12436,292,30,3,2,1023.96,2947.5,1114.07
2025-11-15,MET-001,Remarketing Social,Meta Ads,Conversoes,Visitantes do site,Nordeste,Desktop,18153,620,63,16,5,1075.78,11987.97,1041.39
2025-11-15,MET-002,Prospeccao Interesses,Meta Ads,Leads,Interesses,Nordeste,Mobile,20299,367,28,5,5,849.91,3806.08,965.95
2025-11-15,MET-003,Publico Lookalike,Meta Ads,Leads,Semelhantes,Nordeste,Desktop,27158,604,45,5,5,1191.23,3186.89,974.16
2025-11-15,LNK-001,Demo B2B,LinkedIn Ads,Leads,Decisores B2B,Nordeste,Desktop,8705,88,10,2,2,747.47,7002.1,714.42
2025-11-15,LNK-002,Webinar Executivo,LinkedIn Ads,Leads,Liderancas,Sudeste,Desktop,6195,72,7,0,0,640.42,0.0,658.89
2025-11-15,TTK-001,Video Descoberta,TikTok Ads,Alcance,Publico jovem,Nordeste,Mobile,37350,708,25,1,1,817.48,470.72,991.12
2025-11-15,TTK-002,Criadores e Reviews,TikTok Ads,Conversoes,Engajados,Nordeste,Desktop,37271,958,32,6,5,1460.81,2921.07,1349.24
2025-11-15,EML-001,Oferta Base Ativa,Email Marketing,Receita,Clientes ativos,Nordeste,Mobile,27421,3673,688,59,5,1015.72,38462.44,883.2
2025-11-15,EML-002,Nutricao de Leads,Email Marketing,Conversoes,Leads em nutricao,Sul,Desktop,21230,1764,204,15,7,701.0,9341.21,627.6
2025-11-16,GGL-001,Pesquisa Marca,Google Ads,Conversoes,Alta intencao,Sudeste,Tablet,4708,405,60,23,17,1129.86,21419.66,952.56
2025-11-16,GGL-002,Pesquisa Generica,Google Ads,Conversoes,Intencao ampla,Sudeste,Mobile,7492,363,48,19,16,1553.81,18111.31,1404.35
2025-11-16,GGL-003,Performance Max,Google Ads,Receita,Multicanal,Nordeste,Mobile,13486,386,25,4,3,1326.52,3357.47,1114.07
2025-11-16,MET-001,Remarketing Social,Meta Ads,Conversoes,Visitantes do site,Sul,Mobile,23026,736,74,21,10,1276.48,14002.43,1041.39
2025-11-16,MET-002,Prospeccao Interesses,Meta Ads,Leads,Interesses,Sul,Desktop,29951,452,26,8,7,874.71,5786.04,965.95
2025-11-16,MET-003,Publico Lookalike,Meta Ads,Leads,Semelhantes,Sudeste,Tablet,26516,523,45,12,9,1246.63,9573.71,974.16
2025-11-16,LNK-001,Demo B2B,LinkedIn Ads,Leads,Decisores B2B,Sudeste,Mobile,8634,63,7,0,0,629.1,0.0,714.42
2025-11-16,LNK-002,Webinar Executivo,LinkedIn Ads,Leads,Liderancas,Sul,Desktop,5473,63,6,1,1,517.47,2184.35,658.89
2025-11-16,TTK-001,Video Descoberta,TikTok Ads,Alcance,Publico jovem,Sul,Mobile,45325,817,30,3,3,812.77,1172.52,991.12
2025-11-16,TTK-002,Criadores e Reviews,TikTok Ads,Conversoes,Engajados,Centro-Oeste,Mobile,31583,1001,63,6,4,1736.12,2640.53,1349.24
2025-11-16,EML-001,Oferta Base Ativa,Email Marketing,Receita,Clientes ativos,Sul,Mobile,25422,2807,589,73,8,889.14,40637.08,883.2
2025-11-16,EML-002,Nutricao de Leads,Email Marketing,Conversoes,Leads em nutricao,Sudeste,Mobile,14753,1254,133,9,3,520.46,6869.79,627.6
2025-11-17,GGL-001,Pesquisa Marca,Google Ads,Conversoes,Alta intencao,Sudeste,Mobile,4924,331,52,23,13,965.05,26198.61,952.56
2025-11-17,GGL-002,Pesquisa Generica,Google Ads,Conversoes,Intencao ampla,Sudeste,Mobile,8929,435,49,11,9,1801.98,11302.0,1404.35
2025-11-17,GGL-003,Performance Max,Google Ads,Receita,Multicanal,Nordeste,Mobile,14437,343,30,7,6,1199.34,7528.24,1114.07
2025-11-17,MET-001,Remarketing Social,Meta Ads,Conversoes,Visitantes do site,Centro-Oeste,Desktop,26893,854,101,23,10,1268.0,18210.63,1041.39
2025-11-17,MET-002,Prospeccao Interesses,Meta Ads,Leads,Interesses,Sudeste,Desktop,41918,656,43,8,6,1570.27,6334.79,965.95
2025-11-17,MET-003,Publico Lookalike,Meta Ads,Leads,Semelhantes,Centro-Oeste,Mobile,29595,566,58,13,12,1144.29,11063.28,974.16
2025-11-17,LNK-001,Demo B2B,LinkedIn Ads,Leads,Decisores B2B,Nordeste,Desktop,10131,96,14,0,0,989.7,0.0,714.42
2025-11-17,LNK-002,Webinar Executivo,LinkedIn Ads,Leads,Liderancas,Sudeste,Desktop,8163,90,8,0,0,765.92,0.0,658.89
2025-11-17,TTK-001,Video Descoberta,TikTok Ads,Alcance,Publico jovem,Nordeste,Desktop,41892,946,28,6,5,1025.16,3011.34,991.12
2025-11-17,TTK-002,Criadores e Reviews,TikTok Ads,Conversoes,Engajados,Sul,Mobile,33099,797,34,4,4,1199.84,2215.42,1349.24
2025-11-17,EML-001,Oferta Base Ativa,Email Marketing,Receita,Clientes ativos,Nordeste,Mobile,25812,3171,540,52,2,933.34,31287.78,883.2
2025-11-17,EML-002,Nutricao de Leads,Email Marketing,Conversoes,Leads em nutricao,Sudeste,Mobile,31303,2579,323,30,16,983.96,23951.76,627.6
2025-11-18,GGL-001,Pesquisa Marca,Google Ads,Conversoes,Alta intencao,Sul,Mobile,6407,445,54,22,12,1130.24,17647.62,952.56
2025-11-18,GGL-002,Pesquisa Generica,Google Ads,Conversoes,Intencao ampla,Nordeste,Mobile,11043,454,54,11,9,1756.26,9876.64,1404.35
2025-11-18,GGL-003,Performance Max,Google Ads,Receita,Multicanal,Sudeste,Mobile,15814,446,43,6,6,1449.27,5823.76,1114.07
2025-11-18,MET-001,Remarketing Social,Meta Ads,Conversoes,Visitantes do site,Nordeste,Tablet,30283,966,105,24,12,1698.11,14732.2,1041.39
2025-11-18,MET-002,Prospeccao Interesses,Meta Ads,Leads,Interesses,Sudeste,Tablet,32658,541,46,7,5,1104.92,5136.23,965.95
2025-11-18,MET-003,Publico Lookalike,Meta Ads,Leads,Semelhantes,Centro-Oeste,Mobile,30087,639,53,6,5,1266.15,3900.85,974.16
2025-11-18,LNK-001,Demo B2B,LinkedIn Ads,Leads,Decisores B2B,Sudeste,Mobile,9599,66,9,3,3,634.7,9410.17,714.42
2025-11-18,LNK-002,Webinar Executivo,LinkedIn Ads,Leads,Liderancas,Sudeste,Mobile,7180,78,9,2,1,604.83,4707.82,658.89
2025-11-18,TTK-001,Video Descoberta,TikTok Ads,Alcance,Publico jovem,Sul,Desktop,48055,1058,55,11,11,1205.33,4300.58,991.12
2025-11-18,TTK-002,Criadores e Reviews,TikTok Ads,Conversoes,Engajados,Sudeste,Mobile,37246,997,50,8,7,1581.14,3369.6,1349.24
2025-11-18,EML-001,Oferta Base Ativa,Email Marketing,Receita,Clientes ativos,Sudeste,Mobile,28665,3257,658,71,8,999.0,44158.11,883.2
2025-11-18,EML-002,Nutricao de Leads,Email Marketing,Conversoes,Leads em nutricao,Centro-Oeste,Mobile,22608,2003,232,25,7,752.46,20571.2,627.6
2025-11-19,GGL-001,Pesquisa Marca,Google Ads,Conversoes,Alta intencao,Nordeste,Mobile,5671,387,69,21,12,1031.79,15727.36,952.56
2025-11-19,GGL-002,Pesquisa Generica,Google Ads,Conversoes,Intencao ampla,Centro-Oeste,Mobile,10804,434,51,12,12,1928.55,10563.14,1404.35
2025-11-19,GGL-003,Performance Max,Google Ads,Receita,Multicanal,Sudeste,Desktop,15676,429,41,6,4,1406.75,5855.21,1114.07
2025-11-19,MET-001,Remarketing Social,Meta Ads,Conversoes,Visitantes do site,Sudeste,Mobile,21576,577,88,22,10,962.48,17360.95,1041.39
2025-11-19,MET-002,Prospeccao Interesses,Meta Ads,Leads,Interesses,Sudeste,Mobile,34217,568,51,9,8,1228.49,6932.05,965.95
2025-11-19,MET-003,Publico Lookalike,Meta Ads,Leads,Semelhantes,Sul,Mobile,28688,570,54,8,5,1143.22,5305.11,974.16
2025-11-19,LNK-001,Demo B2B,LinkedIn Ads,Leads,Decisores B2B,Norte,Mobile,12281,88,7,0,0,888.65,0.0,714.42
2025-11-19,LNK-002,Webinar Executivo,LinkedIn Ads,Leads,Liderancas,Sudeste,Mobile,7916,93,13,2,2,777.76,5961.65,658.89
2025-11-19,TTK-001,Video Descoberta,TikTok Ads,Alcance,Publico jovem,Sudeste,Desktop,45726,845,27,2,1,1060.25,751.22,991.12
2025-11-19,TTK-002,Criadores e Reviews,TikTok Ads,Conversoes,Engajados,Sudeste,Desktop,45053,1176,63,12,10,1765.23,7589.41,1349.24
2025-11-19,EML-001,Oferta Base Ativa,Email Marketing,Receita,Clientes ativos,Sul,Desktop,33215,4174,672,103,11,1181.7,79476.55,883.2
2025-11-19,EML-002,Nutricao de Leads,Email Marketing,Conversoes,Leads em nutricao,Sudeste,Mobile,25686,2041,262,18,6,817.82,11197.32,627.6
2025-11-20,GGL-001,Pesquisa Marca,Google Ads,Conversoes,Alta intencao,Sul,Mobile,6351,456,77,18,10,1417.43,15752.12,952.56
2025-11-20,GGL-002,Pesquisa Generica,Google Ads,Conversoes,Intencao ampla,Sudeste,Tablet,8029,353,37,12,10,1458.37,11501.02,1404.35
2025-11-20,GGL-003,Performance Max,Google Ads,Receita,Multicanal,Sul,Mobile,16215,365,23,5,5,1348.09,5113.85,1114.07
2025-11-20,MET-001,Remarketing Social,Meta Ads,Conversoes,Visitantes do site,Centro-Oeste,Mobile,23793,724,89,23,9,1338.93,15027.06,1041.39
2025-11-20,MET-002,Prospeccao Interesses,Meta Ads,Leads,Interesses,Sul,Mobile,33484,530,48,10,8,1179.74,6955.63,965.95
2025-11-20,MET-003,Publico Lookalike,Meta Ads,Leads,Semelhantes,Sudeste,Mobile,29864,634,47,10,7,1268.74,8364.83,974.16
2025-11-20,LNK-001,Demo B2B,LinkedIn Ads,Leads,Decisores B2B,Sudeste,Desktop,9851,88,12,1,1,770.64,2773.48,714.42
2025-11-20,LNK-002,Webinar Executivo,LinkedIn Ads,Leads,Liderancas,Nordeste,Tablet,8077,119,10,0,0,869.1,0.0,658.89
2025-11-20,TTK-001,Video Descoberta,TikTok Ads,Alcance,Publico jovem,Sul,Mobile,53306,1228,53,3,3,1530.65,1454.19,991.12
2025-11-20,TTK-002,Criadores e Reviews,TikTok Ads,Conversoes,Engajados,Sudeste,Desktop,36010,958,44,10,9,1439.62,5249.11,1349.24
2025-11-20,EML-001,Oferta Base Ativa,Email Marketing,Receita,Clientes ativos,Nordeste,Mobile,33156,4158,709,82,10,1178.92,52360.93,883.2
2025-11-20,EML-002,Nutricao de Leads,Email Marketing,Conversoes,Leads em nutricao,Sudeste,Mobile,20918,1824,156,9,2,700.76,6113.11,627.6
2025-11-21,GGL-001,Pesquisa Marca,Google Ads,Conversoes,Alta intencao,Nordeste,Mobile,4662,300,57,17,13,836.5,13278.28,952.56
2025-11-21,GGL-002,Pesquisa Generica,Google Ads,Conversoes,Intencao ampla,Sul,Tablet,9466,457,55,11,9,1869.61,9996.24,1404.35
2025-11-21,GGL-003,Performance Max,Google Ads,Receita,Multicanal,Sul,Mobile,16300,407,27,5,5,1291.23,4327.27,1114.07
2025-11-21,MET-001,Remarketing Social,Meta Ads,Conversoes,Visitantes do site,Sudeste,Desktop,19228,586,73,28,10,1045.78,15724.8,1041.39
2025-11-21,MET-002,Prospeccao Interesses,Meta Ads,Leads,Interesses,Sudeste,Mobile,35106,532,31,4,3,1069.28,2486.76,965.95
2025-11-21,MET-003,Publico Lookalike,Meta Ads,Leads,Semelhantes,Sudeste,Desktop,27923,611,31,5,4,1331.67,3490.68,974.16
2025-11-21,LNK-001,Demo B2B,LinkedIn Ads,Leads,Decisores B2B,Nordeste,Mobile,9866,54,1,0,0,500.86,0.0,714.42
2025-11-21,LNK-002,Webinar Executivo,LinkedIn Ads,Leads,Liderancas,Sul,Mobile,7588,94,13,0,0,850.99,0.0,658.89
2025-11-21,TTK-001,Video Descoberta,TikTok Ads,Alcance,Publico jovem,Nordeste,Desktop,51211,1071,36,3,3,1160.71,1424.4,991.12
2025-11-21,TTK-002,Criadores e Reviews,TikTok Ads,Conversoes,Engajados,Nordeste,Mobile,36819,762,33,1,0,1307.92,577.55,1349.24
2025-11-21,EML-001,Oferta Base Ativa,Email Marketing,Receita,Clientes ativos,Sudeste,Desktop,38373,4259,786,102,16,1293.36,59844.99,883.2
2025-11-21,EML-002,Nutricao de Leads,Email Marketing,Conversoes,Leads em nutricao,Sudeste,Mobile,27829,2252,351,28,12,881.78,16381.6,627.6
2025-11-22,GGL-001,Pesquisa Marca,Google Ads,Conversoes,Alta intencao,Sudeste,Mobile,4745,429,53,19,12,1192.56,13252.43,952.56
2025-11-22,GGL-002,Pesquisa Generica,Google Ads,Conversoes,Intencao ampla,Sudeste,Mobile,7343,332,38,5,4,1289.49,5793.8,1404.35
2025-11-22,GGL-003,Performance Max,Google Ads,Receita,Multicanal,Sudeste,Mobile,12506,354,38,9,9,1183.66,6491.84,1114.07
2025-11-22,MET-001,Remarketing Social,Meta Ads,Conversoes,Visitantes do site,Sudeste,Mobile,17969,536,67,13,2,878.88,9232.44,1041.39
2025-11-22,MET-002,Prospeccao Interesses,Meta Ads,Leads,Interesses,Sudeste,Desktop,29202,435,29,5,5,1031.62,3453.19,965.95
2025-11-22,MET-003,Publico Lookalike,Meta Ads,Leads,Semelhantes,Sul,Mobile,22492,494,48,10,8,1022.14,8773.69,974.16
2025-11-22,LNK-001,Demo B2B,LinkedIn Ads,Leads,Decisores B2B,Sul,Mobile,9767,91,7,1,1,777.37,3243.45,714.42
2025-11-22,LNK-002,Webinar Executivo,LinkedIn Ads,Leads,Liderancas,Norte,Mobile,6482,74,19,1,1,618.85,2134.27,658.89
2025-11-22,TTK-001,Video Descoberta,TikTok Ads,Alcance,Publico jovem,Sudeste,Mobile,34755,784,28,4,4,874.68,1906.21,991.12
2025-11-22,TTK-002,Criadores e Reviews,TikTok Ads,Conversoes,Engajados,Sudeste,Mobile,33680,816,50,8,7,1225.56,4886.43,1349.24
2025-11-22,EML-001,Oferta Base Ativa,Email Marketing,Receita,Clientes ativos,Norte,Mobile,23901,2379,401,39,6,815.92,20783.73,883.2
2025-11-22,EML-002,Nutricao de Leads,Email Marketing,Conversoes,Leads em nutricao,Sul,Mobile,18639,1550,136,10,5,627.78,6510.43,627.6
2025-11-23,GGL-001,Pesquisa Marca,Google Ads,Conversoes,Alta intencao,Sudeste,Desktop,4621,372,58,22,15,1092.63,17194.89,952.56
2025-11-23,GGL-002,Pesquisa Generica,Google Ads,Conversoes,Intencao ampla,Nordeste,Mobile,7026,327,33,5,4,1308.44,4345.15,1404.35
2025-11-23,GGL-003,Performance Max,Google Ads,Receita,Multicanal,Sudeste,Desktop,13148,306,35,5,5,1135.96,3835.14,1114.07
2025-11-23,MET-001,Remarketing Social,Meta Ads,Conversoes,Visitantes do site,Sudeste,Mobile,18342,535,69,19,9,923.15,15563.63,1041.39
2025-11-23,MET-002,Prospeccao Interesses,Meta Ads,Leads,Interesses,Sudeste,Mobile,31679,440,38,7,7,976.45,4489.03,965.95
2025-11-23,MET-003,Publico Lookalike,Meta Ads,Leads,Semelhantes,Sudeste,Mobile,22442,450,39,7,6,881.51,4451.71,974.16
2025-11-23,LNK-001,Demo B2B,LinkedIn Ads,Leads,Decisores B2B,Centro-Oeste,Tablet,7954,67,10,3,3,702.33,9756.03,714.42
2025-11-23,LNK-002,Webinar Executivo,LinkedIn Ads,Leads,Liderancas,Sudeste,Desktop,7664,79,14,1,1,663.22,2621.97,658.89
2025-11-23,TTK-001,Video Descoberta,TikTok Ads,Alcance,Publico jovem,Sudeste,Mobile,45014,876,24,2,2,1058.14,1083.74,991.12
2025-11-23,TTK-002,Criadores e Reviews,TikTok Ads,Conversoes,Engajados,Sudeste,Mobile,37876,766,42,9,8,1259.12,4067.73,1349.24
2025-11-23,EML-001,Oferta Base Ativa,Email Marketing,Receita,Clientes ativos,Sul,Mobile,30822,3106,418,52,10,1027.04,31304.28,883.2
2025-11-23,EML-002,Nutricao de Leads,Email Marketing,Conversoes,Leads em nutricao,Sul,Mobile,21883,1617,175,10,3,699.36,5588.36,627.6
2025-11-24,GGL-001,Pesquisa Marca,Google Ads,Conversoes,Alta intencao,Centro-Oeste,Mobile,5065,373,57,19,13,1099.17,18657.36,952.56
2025-11-24,GGL-002,Pesquisa Generica,Google Ads,Conversoes,Intencao ampla,Centro-Oeste,Desktop,11059,444,42,13,11,1796.8,13992.26,1404.35
2025-11-24,GGL-003,Performance Max,Google Ads,Receita,Multicanal,Sudeste,Desktop,15556,393,35,8,6,1574.24,7956.26,1114.07
2025-11-24,MET-001,Remarketing Social,Meta Ads,Conversoes,Visitantes do site,Sudeste,Mobile,21747,633,62,21,10,1123.98,14037.02,1041.39
2025-11-24,MET-002,Prospeccao Interesses,Meta Ads,Leads,Interesses,Nordeste,Desktop,35905,532,29,5,5,1071.28,3694.84,965.95
2025-11-24,MET-003,Publico Lookalike,Meta Ads,Leads,Semelhantes,Nordeste,Mobile,24911,474,31,7,6,1006.17,4694.0,974.16
2025-11-24,LNK-001,Demo B2B,LinkedIn Ads,Leads,Decisores B2B,Nordeste,Mobile,9645,84,6,2,2,780.33,6765.44,714.42
2025-11-24,LNK-002,Webinar Executivo,LinkedIn Ads,Leads,Liderancas,Nordeste,Mobile,8718,120,24,2,2,998.52,4431.88,658.89
2025-11-24,TTK-001,Video Descoberta,TikTok Ads,Alcance,Publico jovem,Sudeste,Mobile,56440,1347,45,5,4,1386.12,2254.37,991.12
2025-11-24,TTK-002,Criadores e Reviews,TikTok Ads,Conversoes,Engajados,Sudeste,Mobile,45847,1367,100,14,12,2236.61,8689.77,1349.24
2025-11-24,EML-001,Oferta Base Ativa,Email Marketing,Receita,Clientes ativos,Sudeste,Desktop,40050,4908,800,110,12,1391.8,63983.09,883.2
2025-11-24,EML-002,Nutricao de Leads,Email Marketing,Conversoes,Leads em nutricao,Sudeste,Mobile,24548,2091,271,21,8,800.06,12927.06,627.6
2025-11-25,GGL-001,Pesquisa Marca,Google Ads,Conversoes,Alta intencao,Sudeste,Mobile,6690,504,93,30,22,1396.9,23638.73,952.56
2025-11-25,GGL-002,Pesquisa Generica,Google Ads,Conversoes,Intencao ampla,Sul,Desktop,8892,441,49,13,11,1782.18,9937.2,1404.35
2025-11-25,GGL-003,Performance Max,Google Ads,Receita,Multicanal,Nordeste,Mobile,15193,432,44,9,7,1577.15,8203.2,1114.07
2025-11-25,MET-001,Remarketing Social,Meta Ads,Conversoes,Visitantes do site,Nordeste,Desktop,22757,694,73,23,9,1196.78,15968.1,1041.39
2025-11-25,MET-002,Prospeccao Interesses,Meta Ads,Leads,Interesses,Nordeste,Mobile,33215,480,30,2,2,1054.31,1399.98,965.95
2025-11-25,MET-003,Publico Lookalike,Meta Ads,Leads,Semelhantes,Sudeste,Mobile,28437,464,39,9,7,1037.29,6110.45,974.16
2025-11-25,LNK-001,Demo B2B,LinkedIn Ads,Leads,Decisores B2B,Sudeste,Mobile,10874,96,10,3,2,940.05,9806.39,714.42
2025-11-25,LNK-002,Webinar Executivo,LinkedIn Ads,Leads,Liderancas,Sudeste,Desktop,10195,113,15,1,1,1007.73,2658.45,658.89
2025-11-25,TTK-001,Video Descoberta,TikTok Ads,Alcance,Publico jovem,Sul,Mobile,67076,1523,60,6,6,1807.6,2152.8,991.12
2025-11-25,TTK-002,Criadores e Reviews,TikTok Ads,Conversoes,Engajados,Sudeste,Mobile,37045,917,56,6,6,1225.33,2856.17,1349.24
2025-11-25,EML-001,Oferta Base Ativa,Email Marketing,Receita,Clientes ativos,Sudeste,Mobile,31519,3616,682,91,4,1091.98,60153.84,883.2
2025-11-25,EML-002,Nutricao de Leads,Email Marketing,Conversoes,Leads em nutricao,Centro-Oeste,Mobile,22700,1803,220,20,10,734.3,12964.84,627.6
2025-11-26,GGL-001,Pesquisa Marca,Google Ads,Conversoes,Alta intencao,Sudeste,Mobile,5328,392,70,17,11,1244.49,16122.08,952.56
2025-11-26,GGL-002,Pesquisa Generica,Google Ads,Conversoes,Intencao ampla,Nordeste,Mobile,10433,450,41,10,8,1849.92,8361.13,1404.35
2025-11-26,GGL-003,Performance Max,Google Ads,Receita,Multicanal,Sul,Mobile,17466,401,37,10,7,1482.63,10218.66,1114.07
2025-11-26,MET-001,Remarketing Social,Meta Ads,Conversoes,Visitantes do site,Nordeste,Desktop,27943,908,144,52,25,1633.19,45888.72,1041.39
2025-11-26,MET-002,Prospeccao Interesses,Meta Ads,Leads,Interesses,Sudeste,Mobile,33781,573,32,4,3,1194.46,2998.93,965.95
2025-11-26,MET-003,Publico Lookalike,Meta Ads,Leads,Semelhantes,Nordeste,Mobile,28570,546,59,8,6,1141.58,6476.24,974.16
2025-11-26,LNK-001,Demo B2B,LinkedIn Ads,Leads,Decisores B2B,Sudeste,Mobile,10248,83,10,2,2,817.9,6388.05,714.42
2025-11-26,LNK-002,Webinar Executivo,LinkedIn Ads,Leads,Liderancas,Centro-Oeste,Desktop,7966,116,21,3,2,981.93,7417.05,658.89
2025-11-26,TTK-001,Video Descoberta,TikTok Ads,Alcance,Publico jovem,Sudeste,Mobile,60081,1167,44,5,5,1275.48,2335.45,991.12
2025-11-26,TTK-002,Criadores e Reviews,TikTok Ads,Conversoes,Engajados,Sudeste,Mobile,34238,931,49,4,4,1543.76,1684.8,1349.24
2025-11-26,EML-001,Oferta Base Ativa,Email Marketing,Receita,Clientes ativos,Sudeste,Tablet,30763,3794,644,78,12,1094.66,43713.15,883.2
2025-11-26,EML-002,Nutricao de Leads,Email Marketing,Conversoes,Leads em nutricao,Sudeste,Mobile,28518,2619,259,21,11,932.26,15585.46,627.6
2025-11-27,GGL-001,Pesquisa Marca,Google Ads,Conversoes,Alta intencao,Centro-Oeste,Mobile,6298,484,70,22,17,1334.28,20862.59,952.56
2025-11-27,GGL-002,Pesquisa Generica,Google Ads,Conversoes,Intencao ampla,Sudeste,Desktop,9666,360,37,9,5,1433.23,9404.05,1404.35
2025-11-27,GGL-003,Performance Max,Google Ads,Receita,Multicanal,Sudeste,Mobile,14767,354,18,3,3,1224.83,3224.2,1114.07
2025-11-27,MET-001,Remarketing Social,Meta Ads,Conversoes,Visitantes do site,Nordeste,Tablet,31884,955,131,38,12,1763.17,22666.59,1041.39
2025-11-27,MET-002,Prospeccao Interesses,Meta Ads,Leads,Interesses,Nordeste,Mobile,31349,480,35,11,9,977.68,7922.83,965.95
2025-11-27,MET-003,Publico Lookalike,Meta Ads,Leads,Semelhantes,Nordeste,Desktop,22648,434,43,3,3,962.41,2073.68,974.16
2025-11-27,LNK-001,Demo B2B,LinkedIn Ads,Leads,Decisores B2B,Norte,Mobile,8954,89,6,1,1,968.94,3797.91,714.42
2025-11-27,LNK-002,Webinar Executivo,LinkedIn Ads,Leads,Liderancas,Sul,Mobile,7672,74,13,1,1,679.55,2056.12,658.89
2025-11-27,TTK-001,Video Descoberta,TikTok Ads,Alcance,Publico jovem,Sudeste,Desktop,47024,1131,46,7,6,1280.38,2613.2,991.12
2025-11-27,TTK-002,Criadores e Reviews,TikTok Ads,Conversoes,Engajados,Sudeste,Desktop,39610,1088,71,9,8,1589.94,5243.82,1349.24
2025-11-27,EML-001,Oferta Base Ativa,Email Marketing,Receita,Clientes ativos,Sudeste,Desktop,32160,3139,590,62,10,1057.1,37249.05,883.2
2025-11-27,EML-002,Nutricao de Leads,Email Marketing,Conversoes,Leads em nutricao,Centro-Oeste,Mobile,22452,1965,263,20,2,745.54,15617.21,627.6
2025-11-28,GGL-001,Pesquisa Marca,Google Ads,Conversoes,Alta intencao,Sul,Mobile,5793,308,43,16,12,873.66,14502.98,952.56
2025-11-28,GGL-002,Pesquisa Generica,Google Ads,Conversoes,Intencao ampla,Sudeste,Desktop,9842,378,41,10,7,1629.31,9068.89,1404.35
2025-11-28,GGL-003,Performance Max,Google Ads,Receita,Multicanal,Sul,Mobile,11193,248,19,5,4,817.45,3899.52,1114.07
2025-11-28,MET-001,Remarketing Social,Meta Ads,Conversoes,Visitantes do site,Sul,Mobile,24703,706,60,19,8,1292.75,17336.24,1041.39
2025-11-28,MET-002,Prospeccao Interesses,Meta Ads,Leads,Interesses,Nordeste,Desktop,26125,348,24,5,4,711.11,3807.82,965.95
2025-11-28,MET-003,Publico Lookalike,Meta Ads,Leads,Semelhantes,Sudeste,Mobile,33928,733,73,16,16,1434.33,11333.13,974.16
2025-11-28,LNK-001,Demo B2B,LinkedIn Ads,Leads,Decisores B2B,Nordeste,Mobile,11259,90,10,2,2,935.24,6719.51,714.42
2025-11-28,LNK-002,Webinar Executivo,LinkedIn Ads,Leads,Liderancas,Centro-Oeste,Mobile,9922,115,11,4,4,927.5,11417.85,658.89
2025-11-28,TTK-001,Video Descoberta,TikTok Ads,Alcance,Publico jovem,Nordeste,Desktop,39699,830,32,0,0,993.41,0.0,991.12
2025-11-28,TTK-002,Criadores e Reviews,TikTok Ads,Conversoes,Engajados,Sul,Mobile,47922,1292,55,12,11,1948.17,7020.93,1349.24
2025-11-28,EML-001,Oferta Base Ativa,Email Marketing,Receita,Clientes ativos,Sudeste,Desktop,32005,4090,731,114,14,1149.1,71109.97,883.2
2025-11-28,EML-002,Nutricao de Leads,Email Marketing,Conversoes,Leads em nutricao,Centro-Oeste,Mobile,26667,1960,243,18,7,829.34,10091.93,627.6
2025-11-29,GGL-001,Pesquisa Marca,Google Ads,Conversoes,Alta intencao,Norte,Mobile,3116,243,36,8,4,720.57,6394.04,952.56
2025-11-29,GGL-002,Pesquisa Generica,Google Ads,Conversoes,Intencao ampla,Sul,Mobile,7603,374,35,9,7,1677.63,10204.08,1404.35
2025-11-29,GGL-003,Performance Max,Google Ads,Receita,Multicanal,Nordeste,Desktop,13460,329,27,2,2,1016.04,1626.99,1114.07
2025-11-29,MET-001,Remarketing Social,Meta Ads,Conversoes,Visitantes do site,Nordeste,Tablet,15095,480,45,16,5,810.02,8985.6,1041.39
2025-11-29,MET-002,Prospeccao Interesses,Meta Ads,Leads,Interesses,Sudeste,Mobile,27790,459,26,4,4,997.53,2416.41,965.95
2025-11-29,MET-003,Publico Lookalike,Meta Ads,Leads,Semelhantes,Norte,Tablet,24068,469,42,5,5,1008.95,3302.31,974.16
2025-11-29,LNK-001,Demo B2B,LinkedIn Ads,Leads,Decisores B2B,Sul,Tablet,7124,71,7,0,0,669.61,0.0,714.42
2025-11-29,LNK-002,Webinar Executivo,LinkedIn Ads,Leads,Liderancas,Nordeste,Mobile,6426,89,12,1,1,744.43,2206.83,658.89
2025-11-29,TTK-001,Video Descoberta,TikTok Ads,Alcance,Publico jovem,Sudeste,Tablet,52128,1155,51,2,2,1363.0,961.83,991.12
2025-11-29,TTK-002,Criadores e Reviews,TikTok Ads,Conversoes,Engajados,Sudeste,Mobile,34377,991,32,4,4,1713.59,1878.77,1349.24
2025-11-29,EML-001,Oferta Base Ativa,Email Marketing,Receita,Clientes ativos,Sudeste,Desktop,21821,3195,571,82,12,855.92,50017.21,883.2
2025-11-29,EML-002,Nutricao de Leads,Email Marketing,Conversoes,Leads em nutricao,Centro-Oeste,Mobile,19215,1525,188,14,7,636.8,9522.75,627.6
2025-11-30,GGL-001,Pesquisa Marca,Google Ads,Conversoes,Alta intencao,Sudeste,Mobile,5137,402,55,15,9,1042.12,13526.25,952.56
2025-11-30,GGL-002,Pesquisa Generica,Google Ads,Conversoes,Intencao ampla,Sudeste,Mobile,7626,353,43,12,10,1386.38,11931.19,1404.35
2025-11-30,GGL-003,Performance Max,Google Ads,Receita,Multicanal,Sul,Mobile,13663,341,29,3,2,1243.2,2591.37,1114.07
2025-11-30,MET-001,Remarketing Social,Meta Ads,Conversoes,Visitantes do site,Sudeste,Desktop,18236,596,66,25,10,1107.88,19020.43,1041.39
2025-11-30,MET-002,Prospeccao Interesses,Meta Ads,Leads,Interesses,Sudeste,Mobile,20528,366,22,0,0,787.25,0.0,965.95
2025-11-30,MET-003,Publico Lookalike,Meta Ads,Leads,Semelhantes,Nordeste,Mobile,20790,417,41,6,5,960.06,4866.05,974.16
2025-11-30,LNK-001,Demo B2B,LinkedIn Ads,Leads,Decisores B2B,Nordeste,Mobile,7310,89,9,2,2,906.64,5006.38,714.42
2025-11-30,LNK-002,Webinar Executivo,LinkedIn Ads,Leads,Liderancas,Sul,Mobile,8198,100,15,1,1,878.04,2598.3,658.89
2025-11-30,TTK-001,Video Descoberta,TikTok Ads,Alcance,Publico jovem,Sudeste,Mobile,39607,904,38,6,4,1062.56,3166.19,991.12
2025-11-30,TTK-002,Criadores e Reviews,TikTok Ads,Conversoes,Engajados,Sudeste,Mobile,25097,597,28,1,1,928.2,480.39,1349.24
2025-11-30,EML-001,Oferta Base Ativa,Email Marketing,Receita,Clientes ativos,Sul,Desktop,23100,2677,441,57,8,829.7,30169.09,883.2
2025-11-30,EML-002,Nutricao de Leads,Email Marketing,Conversoes,Leads em nutricao,Sul,Mobile,19421,1758,189,16,6,664.22,11584.05,627.6
2025-12-01,GGL-001,Pesquisa Marca,Google Ads,Conversoes,Alta intencao,Sudeste,Desktop,6146,427,76,17,12,1237.82,16418.21,952.56
2025-12-01,GGL-002,Pesquisa Generica,Google Ads,Conversoes,Intencao ampla,Nordeste,Desktop,9542,381,35,14,11,1605.39,11786.19,1404.35
2025-12-01,GGL-003,Performance Max,Google Ads,Receita,Multicanal,Sul,Mobile,13406,374,26,5,3,1170.73,4300.27,1114.07
2025-12-01,MET-001,Remarketing Social,Meta Ads,Conversoes,Visitantes do site,Nordeste,Mobile,25097,625,89,15,9,1050.72,9617.49,1041.39
2025-12-01,MET-002,Prospeccao Interesses,Meta Ads,Leads,Interesses,Sul,Mobile,26042,394,34,3,3,867.72,1761.31,965.95
2025-12-01,MET-003,Publico Lookalike,Meta Ads,Leads,Semelhantes,Sul,Mobile,26711,458,46,8,8,1015.91,5045.23,974.16
2025-12-01,LNK-001,Demo B2B,LinkedIn Ads,Leads,Decisores B2B,Sudeste,Desktop,9980,115,6,1,1,1091.71,3506.36,714.42
2025-12-01,LNK-002,Webinar Executivo,LinkedIn Ads,Leads,Liderancas,Sudeste,Mobile,7237,79,14,2,2,645.02,5871.16,658.89
2025-12-01,TTK-001,Video Descoberta,TikTok Ads,Alcance,Publico jovem,Sudeste,Mobile,44266,892,31,3,3,894.0,1373.3,991.12
2025-12-01,TTK-002,Criadores e Reviews,TikTok Ads,Conversoes,Engajados,Nordeste,Mobile,35929,1033,47,10,8,1708.19,6686.49,1349.24
2025-12-01,EML-001,Oferta Base Ativa,Email Marketing,Receita,Clientes ativos,Sudeste,Mobile,23424,3422,584,71,7,910.68,40191.09,883.2
2025-12-01,EML-002,Nutricao de Leads,Email Marketing,Conversoes,Leads em nutricao,Sudeste,Mobile,19496,1593,180,11,4,649.22,8319.41,627.6
2025-12-02,GGL-001,Pesquisa Marca,Google Ads,Conversoes,Alta intencao,Sudeste,Mobile,5402,447,60,8,4,1312.02,7040.33,952.56
2025-12-02,GGL-002,Pesquisa Generica,Google Ads,Conversoes,Intencao ampla,Sul,Mobile,7701,293,25,8,7,1196.6,7523.23,1404.35
2025-12-02,GGL-003,Performance Max,Google Ads,Receita,Multicanal,Nordeste,Mobile,15658,423,31,9,7,1573.51,6458.4,1114.07
2025-12-02,MET-001,Remarketing Social,Meta Ads,Conversoes,Visitantes do site,Centro-Oeste,Mobile,23577,667,64,20,12,1253.94,13607.81,1041.39
2025-12-02,MET-002,Prospeccao Interesses,Meta Ads,Leads,Interesses,Sul,Mobile,27710,460,32,9,9,883.06,6235.61,965.95
2025-12-02,MET-003,Publico Lookalike,Meta Ads,Leads,Semelhantes,Sul,Mobile,32495,701,48,9,9,1311.82,5811.8,974.16
2025-12-02,LNK-001,Demo B2B,LinkedIn Ads,Leads,Decisores B2B,Sudeste,Mobile,9385,86,8,0,0,931.07,0.0,714.42
2025-12-02,LNK-002,Webinar Executivo,LinkedIn Ads,Leads,Liderancas,Sudeste,Mobile,7024,91,8,0,0,774.1,0.0,658.89
2025-12-02,TTK-001,Video Descoberta,TikTok Ads,Alcance,Publico jovem,Norte,Mobile,51891,958,35,1,1,918.31,435.96,991.12
2025-12-02,TTK-002,Criadores e Reviews,TikTok Ads,Conversoes,Engajados,Nordeste,Mobile,36025,877,32,4,3,1407.36,2231.9,1349.24
2025-12-02,EML-001,Oferta Base Ativa,Email Marketing,Receita,Clientes ativos,Sul,Mobile,35782,4008,617,95,17,1216.44,66342.41,883.2
2025-12-02,EML-002,Nutricao de Leads,Email Marketing,Conversoes,Leads em nutricao,Sudeste,Mobile,23124,2039,240,15,6,766.38,11102.24,627.6
2025-12-03,GGL-001,Pesquisa Marca,Google Ads,Conversoes,Alta intencao,Centro-Oeste,Mobile,4505,308,43,14,13,953.03,11346.69,952.56
2025-12-03,GGL-002,Pesquisa Generica,Google Ads,Conversoes,Intencao ampla,Nordeste,Tablet,9883,327,34,6,4,1526.47,7215.15,1404.35
2025-12-03,GGL-003,Performance Max,Google Ads,Receita,Multicanal,Norte,Mobile,12040,326,27,5,4,1174.6,4477.25,1114.07
2025-12-03,MET-001,Remarketing Social,Meta Ads,Conversoes,Visitantes do site,Norte,Desktop,23355,596,74,22,5,1098.92,17877.78,1041.39
2025-12-03,MET-002,Prospeccao Interesses,Meta Ads,Leads,Interesses,Sul,Mobile,31341,589,50,9,7,1186.79,6831.0,965.95
2025-12-03,MET-003,Publico Lookalike,Meta Ads,Leads,Semelhantes,Nordeste,Mobile,25965,500,40,6,5,1065.84,3322.8,974.16
2025-12-03,LNK-001,Demo B2B,LinkedIn Ads,Leads,Decisores B2B,Nordeste,Mobile,8989,88,10,1,1,807.61,3232.26,714.42
2025-12-03,LNK-002,Webinar Executivo,LinkedIn Ads,Leads,Liderancas,Sudeste,Mobile,7880,104,10,0,0,869.13,0.0,658.89
2025-12-03,TTK-001,Video Descoberta,TikTok Ads,Alcance,Publico jovem,Sudeste,Desktop,50848,1023,44,5,5,1145.35,1802.16,991.12
2025-12-03,TTK-002,Criadores e Reviews,TikTok Ads,Conversoes,Engajados,Sudeste,Tablet,37784,944,37,7,7,1420.67,4148.44,1349.24
2025-12-03,EML-001,Oferta Base Ativa,Email Marketing,Receita,Clientes ativos,Sul,Mobile,27854,3194,468,60,9,976.48,30582.86,883.2
2025-12-03,EML-002,Nutricao de Leads,Email Marketing,Conversoes,Leads em nutricao,Sul,Mobile,24813,1915,222,17,7,787.76,10194.42,627.6
2025-12-04,GGL-001,Pesquisa Marca,Google Ads,Conversoes,Alta intencao,Sudeste,Mobile,6414,330,55,20,17,868.68,19404.29,952.56
2025-12-04,GGL-002,Pesquisa Generica,Google Ads,Conversoes,Intencao ampla,Sul,Mobile,8239,299,37,12,11,1343.89,11926.69,1404.35
2025-12-04,GGL-003,Performance Max,Google Ads,Receita,Multicanal,Sudeste,Desktop,13467,390,38,2,2,1231.53,1495.91,1114.07
2025-12-04,MET-001,Remarketing Social,Meta Ads,Conversoes,Visitantes do site,Sudeste,Mobile,23134,666,95,26,9,1270.5,18622.88,1041.39
2025-12-04,MET-002,Prospeccao Interesses,Meta Ads,Leads,Interesses,Sudeste,Desktop,29685,415,23,4,3,850.0,2847.31,965.95
2025-12-04,MET-003,Publico Lookalike,Meta Ads,Leads,Semelhantes,Sudeste,Mobile,23903,530,42,11,10,1116.7,8346.58,974.16
2025-12-04,LNK-001,Demo B2B,LinkedIn Ads,Leads,Decisores B2B,Sudeste,Mobile,7846,58,4,1,1,532.78,3051.44,714.42
2025-12-04,LNK-002,Webinar Executivo,LinkedIn Ads,Leads,Liderancas,Sudeste,Desktop,8206,87,10,1,1,761.66,2342.66,658.89
2025-12-04,TTK-001,Video Descoberta,TikTok Ads,Alcance,Publico jovem,Nordeste,Desktop,48683,1045,48,1,1,1221.11,358.8,991.12
2025-12-04,TTK-002,Criadores e Reviews,TikTok Ads,Conversoes,Engajados,Sudeste,Desktop,30856,827,43,6,5,1374.05,3544.25,1349.24
2025-12-04,EML-001,Oferta Base Ativa,Email Marketing,Receita,Clientes ativos,Centro-Oeste,Mobile,29250,3225,545,72,14,1007.5,46181.64,883.2
2025-12-04,EML-002,Nutricao de Leads,Email Marketing,Conversoes,Leads em nutricao,Sul,Mobile,22883,1881,205,17,4,745.76,9457.47,627.6
2025-12-05,GGL-001,Pesquisa Marca,Google Ads,Conversoes,Alta intencao,Sudeste,Mobile,4804,314,48,16,8,926.66,11898.86,952.56
2025-12-05,GGL-002,Pesquisa Generica,Google Ads,Conversoes,Intencao ampla,Nordeste,Desktop,9582,467,44,14,10,2103.1,15318.87,1404.35
2025-12-05,GGL-003,Performance Max,Google Ads,Receita,Multicanal,Sudeste,Mobile,12288,343,23,7,6,1229.43,7637.79,1114.07
2025-12-05,MET-001,Remarketing Social,Meta Ads,Conversoes,Visitantes do site,Sul,Mobile,24323,875,78,22,11,1460.51,16191.39,1041.39
2025-12-05,MET-002,Prospeccao Interesses,Meta Ads,Leads,Interesses,Sudeste,Mobile,34922,645,56,12,11,1350.65,6751.23,965.95
2025-12-05,MET-003,Publico Lookalike,Meta Ads,Leads,Semelhantes,Centro-Oeste,Desktop,28376,627,55,2,2,1218.88,1542.04,974.16
2025-12-05,LNK-001,Demo B2B,LinkedIn Ads,Leads,Decisores B2B,Sudeste,Mobile,8939,64,4,1,0,636.09,2496.0,714.42
2025-12-05,LNK-002,Webinar Executivo,LinkedIn Ads,Leads,Liderancas,Sudeste,Mobile,5131,63,8,1,1,513.02,2885.3,658.89
2025-12-05,TTK-001,Video Descoberta,TikTok Ads,Alcance,Publico jovem,Nordeste,Mobile,46481,947,36,0,0,1148.12,0.0,991.12
2025-12-05,TTK-002,Criadores e Reviews,TikTok Ads,Conversoes,Engajados,Sudeste,Mobile,44149,1218,57,9,8,1856.96,4090.44,1349.24
2025-12-05,EML-001,Oferta Base Ativa,Email Marketing,Receita,Clientes ativos,Sudeste,Mobile,27180,3303,713,70,10,973.9,43355.43,883.2
2025-12-05,EML-002,Nutricao de Leads,Email Marketing,Conversoes,Leads em nutricao,Sudeste,Mobile,19593,1645,168,3,1,656.36,1969.85,627.6
2025-12-06,GGL-001,Pesquisa Marca,Google Ads,Conversoes,Alta intencao,Sul,Desktop,4557,353,56,14,12,940.51,10628.73,952.56
2025-12-06,GGL-002,Pesquisa Generica,Google Ads,Conversoes,Intencao ampla,Sudeste,Mobile,6513,273,31,4,3,1173.14,3527.38,1404.35
2025-12-06,GGL-003,Performance Max,Google Ads,Receita,Multicanal,Sudeste,Mobile,8381,246,20,5,5,809.44,5273.07,1114.07
2025-12-06,MET-001,Remarketing Social,Meta Ads,Conversoes,Visitantes do site,Sudeste,Tablet,16681,512,62,13,6,924.82,9052.7,1041.39
2025-12-06,MET-002,Prospeccao Interesses,Meta Ads,Leads,Interesses,Sudeste,Tablet,28223,484,48,9,7,1104.72,5954.28,965.95
2025-12-06,MET-003,Publico Lookalike,Meta Ads,Leads,Semelhantes,Norte,Desktop,22089,480,42,5,3,926.06,2988.71,974.16
2025-12-06,LNK-001,Demo B2B,LinkedIn Ads,Leads,Decisores B2B,Sul,Desktop,7240,79,8,2,2,762.94,7345.59,714.42
2025-12-06,LNK-002,Webinar Executivo,LinkedIn Ads,Leads,Liderancas,Sul,Mobile,5766,67,9,1,1,541.32,2633.28,658.89
2025-12-06,TTK-001,Video Descoberta,TikTok Ads,Alcance,Publico jovem,Sul,Mobile,48042,1062,37,7,6,1201.84,2511.6,991.12
2025-12-06,TTK-002,Criadores e Reviews,TikTok Ads,Conversoes,Engajados,Nordeste,Mobile,34319,939,41,7,5,1446.48,3201.78,1349.24
2025-12-06,EML-001,Oferta Base Ativa,Email Marketing,Receita,Clientes ativos,Sudeste,Mobile,23263,2953,592,57,4,860.56,31332.77,883.2
2025-12-06,EML-002,Nutricao de Leads,Email Marketing,Conversoes,Leads em nutricao,Nordeste,Mobile,17603,1360,124,9,1,588.06,6390.96,627.6
2025-12-07,GGL-001,Pesquisa Marca,Google Ads,Conversoes,Alta intencao,Sudeste,Desktop,4208,263,42,9,8,743.45,8888.75,952.56
2025-12-07,GGL-002,Pesquisa Generica,Google Ads,Conversoes,Intencao ampla,Sul,Mobile,6525,271,22,6,4,1176.83,5493.04,1404.35
2025-12-07,GGL-003,Performance Max,Google Ads,Receita,Multicanal,Nordeste,Mobile,10347,294,26,5,3,953.53,5016.1,1114.07
2025-12-07,MET-001,Remarketing Social,Meta Ads,Conversoes,Visitantes do site,Nordeste,Desktop,16815,544,52,14,5,992.57,10319.61,1041.39
2025-12-07,MET-002,Prospeccao Interesses,Meta Ads,Leads,Interesses,Sul,Desktop,22663,340,21,5,4,686.77,3222.11,965.95
2025-12-07,MET-003,Publico Lookalike,Meta Ads,Leads,Semelhantes,Nordeste,Desktop,18919,368,31,4,4,709.41,2274.51,974.16
2025-12-07,LNK-001,Demo B2B,LinkedIn Ads,Leads,Decisores B2B,Norte,Mobile,6886,50,7,0,0,496.72,0.0,714.42
2025-12-07,LNK-002,Webinar Executivo,LinkedIn Ads,Leads,Liderancas,Sudeste,Mobile,5390,53,9,1,1,429.45,3057.86,658.89
2025-12-07,TTK-001,Video Descoberta,TikTok Ads,Alcance,Publico jovem,Sudeste,Mobile,29216,563,21,3,3,697.88,1279.76,991.12
2025-12-07,TTK-002,Criadores e Reviews,TikTok Ads,Conversoes,Engajados,Centro-Oeste,Desktop,28060,757,31,5,5,1071.46,2684.24,1349.24
2025-12-07,EML-001,Oferta Base Ativa,Email Marketing,Receita,Clientes ativos,Centro-Oeste,Mobile,18186,2181,379,54,11,681.82,36597.3,883.2
2025-12-07,EML-002,Nutricao de Leads,Email Marketing,Conversoes,Leads em nutricao,Nordeste,Mobile,17166,1519,176,13,5,595.22,8783.35,627.6
2025-12-08,GGL-001,Pesquisa Marca,Google Ads,Conversoes,Alta intencao,Sudeste,Mobile,5832,481,77,31,23,1319.43,24945.97,952.56
2025-12-08,GGL-002,Pesquisa Generica,Google Ads,Conversoes,Intencao ampla,Sudeste,Tablet,10142,367,40,16,15,1534.44,15245.02,1404.35
2025-12-08,GGL-003,Performance Max,Google Ads,Receita,Multicanal,Nordeste,Desktop,16233,410,35,7,4,1413.3,6963.02,1114.07
2025-12-08,MET-001,Remarketing Social,Meta Ads,Conversoes,Visitantes do site,Sudeste,Mobile,22939,828,94,25,15,1343.94,19530.33,1041.39
2025-12-08,MET-002,Prospeccao Interesses,Meta Ads,Leads,Interesses,Sul,Mobile,31919,547,46,3,3,1338.49,1627.25,965.95
2025-12-08,MET-003,Publico Lookalike,Meta Ads,Leads,Semelhantes,Sul,Mobile,23725,490,45,14,13,1027.35,10924.79,974.16
2025-12-08,LNK-001,Demo B2B,LinkedIn Ads,Leads,Decisores B2B,Sudeste,Mobile,9022,80,7,2,2,755.13,7029.2,714.42
2025-12-08,LNK-002,Webinar Executivo,LinkedIn Ads,Leads,Liderancas,Sul,Desktop,7913,102,20,1,1,866.86,2620.02,658.89
2025-12-08,TTK-001,Video Descoberta,TikTok Ads,Alcance,Publico jovem,Sudeste,Mobile,50312,1125,36,7,6,1336.38,3062.14,991.12
2025-12-08,TTK-002,Criadores e Reviews,TikTok Ads,Conversoes,Engajados,Centro-Oeste,Desktop,37563,956,39,5,5,1432.05,2945.14,1349.24
2025-12-08,EML-001,Oferta Base Ativa,Email Marketing,Receita,Clientes ativos,Nordeste,Mobile,30910,3644,774,81,10,1082.6,41857.31,883.2
2025-12-08,EML-002,Nutricao de Leads,Email Marketing,Conversoes,Leads em nutricao,Nordeste,Desktop,20844,1283,151,13,4,645.18,7598.81,627.6
2025-12-09,GGL-001,Pesquisa Marca,Google Ads,Conversoes,Alta intencao,Norte,Mobile,4502,305,35,9,7,832.75,5967.0,952.56
2025-12-09,GGL-002,Pesquisa Generica,Google Ads,Conversoes,Intencao ampla,Nordeste,Mobile,8363,328,41,8,7,1466.26,7252.97,1404.35
2025-12-09,GGL-003,Performance Max,Google Ads,Receita,Multicanal,Norte,Desktop,14854,399,36,8,4,1360.12,7148.36,1114.07
2025-12-09,MET-001,Remarketing Social,Meta Ads,Conversoes,Visitantes do site,Nordeste,Mobile,21753,560,65,15,10,955.26,11945.95,1041.39
2025-12-09,MET-002,Prospeccao Interesses,Meta Ads,Leads,Interesses,Sudeste,Mobile,34523,581,46,6,6,1209.73,3767.85,965.95
2025-12-09,MET-003,Publico Lookalike,Meta Ads,Leads,Semelhantes,Norte,Tablet,27761,568,54,12,12,1102.0,10309.84,974.16
2025-12-09,LNK-001,Demo B2B,LinkedIn Ads,Leads,Decisores B2B,Centro-Oeste,Desktop,11613,92,11,2,2,864.58,5599.6,714.42
2025-12-09,LNK-002,Webinar Executivo,LinkedIn Ads,Leads,Liderancas,Sudeste,Tablet,7890,92,15,0,0,728.69,0.0,658.89
2025-12-09,TTK-001,Video Descoberta,TikTok Ads,Alcance,Publico jovem,Sudeste,Mobile,55106,1123,60,7,7,1233.27,3023.32,991.12
2025-12-09,TTK-002,Criadores e Reviews,TikTok Ads,Conversoes,Engajados,Sudeste,Mobile,38122,1052,77,7,7,1626.96,3761.58,1349.24
2025-12-09,EML-001,Oferta Base Ativa,Email Marketing,Receita,Clientes ativos,Nordeste,Desktop,33378,3737,550,68,8,1141.26,47584.66,883.2
2025-12-09,EML-002,Nutricao de Leads,Email Marketing,Conversoes,Leads em nutricao,Sudeste,Mobile,19993,1762,223,23,9,676.06,17957.15,627.6
2025-12-10,GGL-001,Pesquisa Marca,Google Ads,Conversoes,Alta intencao,Sudeste,Mobile,5350,403,61,16,14,1131.47,11156.77,952.56
2025-12-10,GGL-002,Pesquisa Generica,Google Ads,Conversoes,Intencao ampla,Sudeste,Desktop,8964,396,41,9,7,1656.01,8796.88,1404.35
2025-12-10,GGL-003,Performance Max,Google Ads,Receita,Multicanal,Nordeste,Mobile,12722,299,26,5,3,1124.43,3770.89,1114.07
2025-12-10,MET-001,Remarketing Social,Meta Ads,Conversoes,Visitantes do site,Sudeste,Mobile,27281,863,91,29,11,1400.04,19755.77,1041.39
2025-12-10,MET-002,Prospeccao Interesses,Meta Ads,Leads,Interesses,Sudeste,Desktop,33682,517,39,6,4,1210.96,4095.68,965.95
2025-12-10,MET-003,Publico Lookalike,Meta Ads,Leads,Semelhantes,Sudeste,Mobile,28433,609,59,5,3,1248.36,3154.34,974.16
2025-12-10,LNK-001,Demo B2B,LinkedIn Ads,Leads,Decisores B2B,Sul,Mobile,8525,99,12,2,2,998.71,5671.69,714.42
2025-12-10,LNK-002,Webinar Executivo,LinkedIn Ads,Leads,Liderancas,Sudeste,Mobile,7229,95,12,1,1,790.71,2364.83,658.89
2025-12-10,TTK-001,Video Descoberta,TikTok Ads,Alcance,Publico jovem,Sul,Mobile,41002,839,29,2,2,1070.22,945.66,991.12
2025-12-10,TTK-002,Criadores e Reviews,TikTok Ads,Conversoes,Engajados,Sudeste,Mobile,36475,858,43,6,5,1368.21,3279.19,1349.24
2025-12-10,EML-001,Oferta Base Ativa,Email Marketing,Receita,Clientes ativos,Sudeste,Desktop,23578,2800,598,49,5,851.56,29705.08,883.2
2025-12-10,EML-002,Nutricao de Leads,Email Marketing,Conversoes,Leads em nutricao,Nordeste,Tablet,21015,1547,178,18,5,675.0,14075.19,627.6
2025-12-11,GGL-001,Pesquisa Marca,Google Ads,Conversoes,Alta intencao,Sudeste,Mobile,7080,430,88,26,17,1174.43,20014.6,952.56
2025-12-11,GGL-002,Pesquisa Generica,Google Ads,Conversoes,Intencao ampla,Sudeste,Mobile,9088,435,52,8,6,1920.92,8233.24,1404.35
2025-12-11,GGL-003,Performance Max,Google Ads,Receita,Multicanal,Norte,Mobile,14838,357,36,6,6,1272.72,5726.65,1114.07
2025-12-11,MET-001,Remarketing Social,Meta Ads,Conversoes,Visitantes do site,Centro-Oeste,Mobile,22797,740,88,25,12,1171.4,17674.61,1041.39
2025-12-11,MET-002,Prospeccao Interesses,Meta Ads,Leads,Interesses,Nordeste,Desktop,34212,520,30,4,4,1121.23,2680.79,965.95
2025-12-11,MET-003,Publico Lookalike,Meta Ads,Leads,Semelhantes,Sul,Mobile,23823,440,41,8,6,856.24,6138.78,974.16
2025-12-11,LNK-001,Demo B2B,LinkedIn Ads,Leads,Decisores B2B,Sudeste,Desktop,9928,110,14,1,1,1073.51,3905.15,714.42
2025-12-11,LNK-002,Webinar Executivo,LinkedIn Ads,Leads,Liderancas,Sudeste,Mobile,8455,106,13,2,2,799.02,5115.99,658.89
2025-12-11,TTK-001,Video Descoberta,TikTok Ads,Alcance,Publico jovem,Centro-Oeste,Mobile,47963,978,41,6,6,1193.61,2462.79,991.12
2025-12-11,TTK-002,Criadores e Reviews,TikTok Ads,Conversoes,Engajados,Nordeste,Mobile,36369,805,37,7,6,1254.84,3620.09,1349.24
2025-12-11,EML-001,Oferta Base Ativa,Email Marketing,Receita,Clientes ativos,Sudeste,Desktop,30253,3591,736,77,7,1064.16,58937.02,883.2
2025-12-11,EML-002,Nutricao de Leads,Email Marketing,Conversoes,Leads em nutricao,Sudeste,Mobile,20107,1446,165,17,9,646.74,11165.95,627.6
2025-12-12,GGL-001,Pesquisa Marca,Google Ads,Conversoes,Alta intencao,Centro-Oeste,Desktop,4295,297,59,19,11,797.32,14141.4,952.56
2025-12-12,GGL-002,Pesquisa Generica,Google Ads,Conversoes,Intencao ampla,Sudeste,Mobile,8636,475,58,15,11,1942.28,13028.12,1404.35
2025-12-12,GGL-003,Performance Max,Google Ads,Receita,Multicanal,Nordeste,Mobile,13506,351,28,3,3,1151.16,3226.59,1114.07
2025-12-12,MET-001,Remarketing Social,Meta Ads,Conversoes,Visitantes do site,Sudeste,Mobile,24208,601,88,24,15,958.78,18934.73,1041.39
2025-12-12,MET-002,Prospeccao Interesses,Meta Ads,Leads,Interesses,Centro-Oeste,Desktop,31442,460,33,6,5,1012.73,4681.35,965.95
2025-12-12,MET-003,Publico Lookalike,Meta Ads,Leads,Semelhantes,Nordeste,Mobile,26628,536,44,13,10,1052.53,10334.23,974.16
2025-12-12,LNK-001,Demo B2B,LinkedIn Ads,Leads,Decisores B2B,Sudeste,Desktop,9881,90,8,3,2,857.9,11414.64,714.42
2025-12-12,LNK-002,Webinar Executivo,LinkedIn Ads,Leads,Liderancas,Sul,Mobile,7914,117,16,4,4,1075.72,8491.0,658.89
2025-12-12,TTK-001,Video Descoberta,TikTok Ads,Alcance,Publico jovem,Sul,Mobile,50963,1060,39,3,3,1227.58,1093.88,991.12
2025-12-12,TTK-002,Criadores e Reviews,TikTok Ads,Conversoes,Engajados,Norte,Mobile,36968,863,44,7,7,1365.59,4622.02,1349.24
2025-12-12,EML-001,Oferta Base Ativa,Email Marketing,Receita,Clientes ativos,Centro-Oeste,Desktop,26213,2707,477,52,5,894.96,30556.01,883.2
2025-12-12,EML-002,Nutricao de Leads,Email Marketing,Conversoes,Leads em nutricao,Nordeste,Desktop,17287,1552,189,27,9,600.94,18578.45,627.6
2025-12-13,GGL-001,Pesquisa Marca,Google Ads,Conversoes,Alta intencao,Sudeste,Mobile,3482,259,39,11,6,764.23,10129.93,952.56
2025-12-13,GGL-002,Pesquisa Generica,Google Ads,Conversoes,Intencao ampla,Sul,Desktop,6097,251,23,6,4,1026.73,6134.12,1404.35
2025-12-13,GGL-003,Performance Max,Google Ads,Receita,Multicanal,Nordeste,Mobile,8117,186,17,3,2,644.84,2718.36,1114.07
2025-12-13,MET-001,Remarketing Social,Meta Ads,Conversoes,Visitantes do site,Sudeste,Mobile,15151,429,50,13,4,787.13,10746.04,1041.39
2025-12-13,MET-002,Prospeccao Interesses,Meta Ads,Leads,Interesses,Centro-Oeste,Mobile,28408,462,31,6,5,969.02,4974.03,965.95
2025-12-13,MET-003,Publico Lookalike,Meta Ads,Leads,Semelhantes,Nordeste,Mobile,19944,335,16,1,1,680.8,690.17,974.16
2025-12-13,LNK-001,Demo B2B,LinkedIn Ads,Leads,Decisores B2B,Sul,Mobile,7941,69,5,1,1,626.66,3850.35,714.42
2025-12-13,LNK-002,Webinar Executivo,LinkedIn Ads,Leads,Liderancas,Sudeste,Mobile,7184,90,14,4,4,690.97,8317.17,658.89
2025-12-13,TTK-001,Video Descoberta,TikTok Ads,Alcance,Publico jovem,Sudeste,Mobile,40776,824,35,3,2,930.02,1531.67,991.12
2025-12-13,TTK-002,Criadores e Reviews,TikTok Ads,Conversoes,Engajados,Sudeste,Mobile,36117,891,45,2,1,1526.32,1189.88,1349.24
2025-12-13,EML-001,Oferta Base Ativa,Email Marketing,Receita,Clientes ativos,Nordeste,Mobile,22420,2749,452,62,8,823.3,35876.18,883.2
2025-12-13,EML-002,Nutricao de Leads,Email Marketing,Conversoes,Leads em nutricao,Centro-Oeste,Mobile,16164,1372,166,12,8,560.48,6483.46,627.6
2025-12-14,GGL-001,Pesquisa Marca,Google Ads,Conversoes,Alta intencao,Sul,Desktop,4717,347,57,16,11,1012.61,15210.87,952.56
2025-12-14,GGL-002,Pesquisa Generica,Google Ads,Conversoes,Intencao ampla,Nordeste,Mobile,6944,334,30,5,3,1304.34,4740.83,1404.35
2025-12-14,GGL-003,Performance Max,Google Ads,Receita,Multicanal,Sul,Desktop,12018,289,31,7,4,1007.18,7230.34,1114.07
2025-12-14,MET-001,Remarketing Social,Meta Ads,Conversoes,Visitantes do site,Sul,Mobile,17230,475,43,12,6,768.03,9248.57,1041.39
2025-12-14,MET-002,Prospeccao Interesses,Meta Ads,Leads,Interesses,Nordeste,Mobile,22079,337,25,2,1,813.8,1572.98,965.95
2025-12-14,MET-003,Publico Lookalike,Meta Ads,Leads,Semelhantes,Sudeste,Desktop,19184,364,32,10,7,741.45,5690.91,974.16
2025-12-14,LNK-001,Demo B2B,LinkedIn Ads,Leads,Decisores B2B,Nordeste,Mobile,6944,63,2,0,0,588.05,0.0,714.42
2025-12-14,LNK-002,Webinar Executivo,LinkedIn Ads,Leads,Liderancas,Sudeste,Desktop,7197,74,9,0,0,578.84,0.0,658.89
2025-12-14,TTK-001,Video Descoberta,TikTok Ads,Alcance,Publico jovem,Sudeste,Mobile,32271,789,35,7,6,963.42,2992.38,991.12
2025-12-14,TTK-002,Criadores e Reviews,TikTok Ads,Conversoes,Engajados,Sudeste,Mobile,28315,786,33,5,4,1263.2,2496.41,1349.24
2025-12-14,EML-001,Oferta Base Ativa,Email Marketing,Receita,Clientes ativos,Nordeste,Tablet,29219,3397,578,51,8,1024.08,35712.64,883.2
2025-12-14,EML-002,Nutricao de Leads,Email Marketing,Conversoes,Leads em nutricao,Sul,Desktop,19364,1550,141,6,0,642.28,3750.99,627.6
2025-12-15,GGL-001,Pesquisa Marca,Google Ads,Conversoes,Alta intencao,Sul,Tablet,6314,446,55,15,11,1196.4,13177.67,952.56
2025-12-15,GGL-002,Pesquisa Generica,Google Ads,Conversoes,Intencao ampla,Nordeste,Mobile,7806,296,35,8,7,1241.8,7256.82,1404.35
2025-12-15,GGL-003,Performance Max,Google Ads,Receita,Multicanal,Centro-Oeste,Desktop,15118,345,17,3,2,1208.71,2754.28,1114.07
2025-12-15,MET-001,Remarketing Social,Meta Ads,Conversoes,Visitantes do site,Sudeste,Desktop,24268,624,89,24,6,1056.77,22830.26,1041.39
2025-12-15,MET-002,Prospeccao Interesses,Meta Ads,Leads,Interesses,Sul,Desktop,32411,501,45,4,3,1164.53,3261.5,965.95
2025-12-15,MET-003,Publico Lookalike,Meta Ads,Leads,Semelhantes,Sul,Desktop,24022,500,47,8,7,1085.99,4849.51,974.16
2025-12-15,LNK-001,Demo B2B,LinkedIn Ads,Leads,Decisores B2B,Sudeste,Mobile,9038,97,9,0,0,913.39,0.0,714.42
2025-12-15,LNK-002,Webinar Executivo,LinkedIn Ads,Leads,Liderancas,Sudeste,Mobile,8713,144,18,3,3,1244.46,9366.57,658.89
2025-12-15,TTK-001,Video Descoberta,TikTok Ads,Alcance,Publico jovem,Sudeste,Mobile,40491,1007,30,4,4,1129.19,1763.62,991.12
2025-12-15,TTK-002,Criadores e Reviews,TikTok Ads,Conversoes,Engajados,Nordeste,Desktop,36143,768,38,8,6,1287.22,4490.84,1349.24
2025-12-15,EML-001,Oferta Base Ativa,Email Marketing,Receita,Clientes ativos,Sudeste,Tablet,28275,3498,735,87,4,1015.3,54654.87,883.2
2025-12-15,EML-002,Nutricao de Leads,Email Marketing,Conversoes,Leads em nutricao,Sul,Mobile,18963,1312,111,8,4,610.46,4879.56,627.6
2025-12-16,GGL-001,Pesquisa Marca,Google Ads,Conversoes,Alta intencao,Sudeste,Desktop,6540,524,78,28,23,1452.22,24449.13,952.56
2025-12-16,GGL-002,Pesquisa Generica,Google Ads,Conversoes,Intencao ampla,Sudeste,Desktop,7894,378,52,17,15,1594.2,12994.8,1404.35
2025-12-16,GGL-003,Performance Max,Google Ads,Receita,Multicanal,Norte,Desktop,14550,393,23,3,3,1302.89,3156.91,1114.07
2025-12-16,MET-001,Remarketing Social,Meta Ads,Conversoes,Visitantes do site,Sudeste,Mobile,23535,628,82,35,16,1000.19,22261.23,1041.39
2025-12-16,MET-002,Prospeccao Interesses,Meta Ads,Leads,Interesses,Centro-Oeste,Mobile,29344,412,29,5,5,963.8,4021.88,965.95
2025-12-16,MET-003,Publico Lookalike,Meta Ads,Leads,Semelhantes,Nordeste,Mobile,31984,627,45,9,8,1350.97,5685.11,974.16
2025-12-16,LNK-001,Demo B2B,LinkedIn Ads,Leads,Decisores B2B,Nordeste,Mobile,7957,73,6,2,1,729.78,6779.48,714.42
2025-12-16,LNK-002,Webinar Executivo,LinkedIn Ads,Leads,Liderancas,Centro-Oeste,Tablet,9962,107,19,1,0,881.66,2028.0,658.89
2025-12-16,TTK-001,Video Descoberta,TikTok Ads,Alcance,Publico jovem,Sudeste,Desktop,48143,893,29,1,1,943.44,498.12,991.12
2025-12-16,TTK-002,Criadores e Reviews,TikTok Ads,Conversoes,Engajados,Sudeste,Mobile,37853,1153,68,8,7,1763.65,3995.71,1349.24
2025-12-16,EML-001,Oferta Base Ativa,Email Marketing,Receita,Clientes ativos,Sul,Mobile,26037,3082,644,69,6,928.94,53116.18,883.2
2025-12-16,EML-002,Nutricao de Leads,Email Marketing,Conversoes,Leads em nutricao,Centro-Oeste,Desktop,20883,1875,233,28,13,705.16,14797.09,627.6
2025-12-17,GGL-001,Pesquisa Marca,Google Ads,Conversoes,Alta intencao,Norte,Mobile,6595,418,63,17,14,1199.79,16546.18,952.56
2025-12-17,GGL-002,Pesquisa Generica,Google Ads,Conversoes,Intencao ampla,Nordeste,Mobile,7875,304,30,10,8,1269.45,9567.22,1404.35
2025-12-17,GGL-003,Performance Max,Google Ads,Receita,Multicanal,Nordeste,Tablet,13010,344,14,3,3,1178.52,2552.37,1114.07
2025-12-17,MET-001,Remarketing Social,Meta Ads,Conversoes,Visitantes do site,Sudeste,Mobile,18758,564,57,13,7,852.48,8156.93,1041.39
2025-12-17,MET-002,Prospeccao Interesses,Meta Ads,Leads,Interesses,Sul,Mobile,35724,577,44,13,11,1185.59,9980.36,965.95
2025-12-17,MET-003,Publico Lookalike,Meta Ads,Leads,Semelhantes,Sudeste,Desktop,27357,592,47,10,8,1336.24,8504.96,974.16
2025-12-17,LNK-001,Demo B2B,LinkedIn Ads,Leads,Decisores B2B,Nordeste,Mobile,7577,52,2,0,0,520.72,0.0,714.42
2025-12-17,LNK-002,Webinar Executivo,LinkedIn Ads,Leads,Liderancas,Sudeste,Mobile,8098,98,14,2,2,760.74,4352.47,658.89
2025-12-17,TTK-001,Video Descoberta,TikTok Ads,Alcance,Publico jovem,Sul,Desktop,47844,949,44,4,4,1049.81,1717.45,991.12
2025-12-17,TTK-002,Criadores e Reviews,TikTok Ads,Conversoes,Engajados,Sudeste,Mobile,33069,941,62,4,3,1482.26,2135.79,1349.24
2025-12-17,EML-001,Oferta Base Ativa,Email Marketing,Receita,Clientes ativos,Norte,Desktop,28181,3121,620,84,7,975.72,54294.75,883.2
2025-12-17,EML-002,Nutricao de Leads,Email Marketing,Conversoes,Leads em nutricao,Sudeste,Mobile,25164,2121,256,16,5,815.38,8187.65,627.6
2025-12-18,GGL-001,Pesquisa Marca,Google Ads,Conversoes,Alta intencao,Sul,Mobile,6703,432,59,21,14,1260.64,19564.06,952.56
2025-12-18,GGL-002,Pesquisa Generica,Google Ads,Conversoes,Intencao ampla,Centro-Oeste,Desktop,10734,453,47,15,11,2044.5,17239.85,1404.35
2025-12-18,GGL-003,Performance Max,Google Ads,Receita,Multicanal,Norte,Mobile,13364,414,28,10,7,1258.22,9113.86,1114.07
2025-12-18,MET-001,Remarketing Social,Meta Ads,Conversoes,Visitantes do site,Sudeste,Mobile,23284,555,74,18,7,973.53,14727.35,1041.39
2025-12-18,MET-002,Prospeccao Interesses,Meta Ads,Leads,Interesses,Sudeste,Mobile,28025,408,22,1,1,867.87,955.29,965.95
2025-12-18,MET-003,Publico Lookalike,Meta Ads,Leads,Semelhantes,Sudeste,Desktop,23913,547,44,11,7,1123.11,7814.1,974.16
2025-12-18,LNK-001,Demo B2B,LinkedIn Ads,Leads,Decisores B2B,Sudeste,Mobile,8717,88,9,2,2,793.6,6294.92,714.42
2025-12-18,LNK-002,Webinar Executivo,LinkedIn Ads,Leads,Liderancas,Nordeste,Mobile,5909,56,9,2,2,456.43,4441.24,658.89
2025-12-18,TTK-001,Video Descoberta,TikTok Ads,Alcance,Publico jovem,Sudeste,Desktop,47686,1004,42,2,2,1028.1,939.17,991.12
2025-12-18,TTK-002,Criadores e Reviews,TikTok Ads,Conversoes,Engajados,Nordeste,Mobile,37672,1041,63,4,4,1637.11,1967.57,1349.24
2025-12-18,EML-001,Oferta Base Ativa,Email Marketing,Receita,Clientes ativos,Sul,Desktop,26994,2920,493,71,6,931.88,52468.25,883.2
2025-12-18,EML-002,Nutricao de Leads,Email Marketing,Conversoes,Leads em nutricao,Sudeste,Mobile,19561,1277,154,15,4,618.92,10014.21,627.6
2025-12-19,GGL-001,Pesquisa Marca,Google Ads,Conversoes,Alta intencao,Sudeste,Mobile,4728,352,43,14,9,970.06,10691.71,952.56
2025-12-19,GGL-002,Pesquisa Generica,Google Ads,Conversoes,Intencao ampla,Centro-Oeste,Mobile,9106,350,34,9,9,1435.82,7288.3,1404.35
2025-12-19,GGL-003,Performance Max,Google Ads,Receita,Multicanal,Nordeste,Desktop,16201,408,28,6,3,1476.38,5037.57,1114.07
2025-12-19,MET-001,Remarketing Social,Meta Ads,Conversoes,Visitantes do site,Sudeste,Desktop,23073,619,80,14,7,1036.22,11409.41,1041.39
2025-12-19,MET-002,Prospeccao Interesses,Meta Ads,Leads,Interesses,Centro-Oeste,Mobile,31843,512,38,3,3,1213.49,2120.37,965.95
2025-12-19,MET-003,Publico Lookalike,Meta Ads,Leads,Semelhantes,Nordeste,Mobile,26012,620,66,11,7,1254.01,8139.68,974.16
2025-12-19,LNK-001,Demo B2B,LinkedIn Ads,Leads,Decisores B2B,Sul,Tablet,8208,61,6,1,1,616.54,3259.72,714.42
2025-12-19,LNK-002,Webinar Executivo,LinkedIn Ads,Leads,Liderancas,Centro-Oeste,Desktop,7378,98,8,2,2,745.56,4947.45,658.89
2025-12-19,TTK-001,Video Descoberta,TikTok Ads,Alcance,Publico jovem,Sudeste,Mobile,47135,813,24,5,5,822.56,2087.97,991.12
2025-12-19,TTK-002,Criadores e Reviews,TikTok Ads,Conversoes,Engajados,Sudeste,Desktop,38132,1128,61,7,5,1768.09,3884.16,1349.24
2025-12-19,EML-001,Oferta Base Ativa,Email Marketing,Receita,Clientes ativos,Sudeste,Mobile,27619,3126,469,50,6,964.98,23790.0,883.2
2025-12-19,EML-002,Nutricao de Leads,Email Marketing,Conversoes,Leads em nutricao,Sul,Mobile,22907,1823,244,20,6,740.44,11064.34,627.6
2025-12-20,GGL-001,Pesquisa Marca,Google Ads,Conversoes,Alta intencao,Sudeste,Tablet,4432,309,39,13,7,866.76,10666.65,952.56
2025-12-20,GGL-002,Pesquisa Generica,Google Ads,Conversoes,Intencao ampla,Sudeste,Mobile,7109,317,31,13,13,1473.64,13162.54,1404.35
2025-12-20,GGL-003,Performance Max,Google Ads,Receita,Multicanal,Sul,Mobile,13231,414,35,4,3,1497.35,3479.05,1114.07
2025-12-20,MET-001,Remarketing Social,Meta Ads,Conversoes,Visitantes do site,Sul,Mobile,19828,580,84,20,5,1160.85,12008.85,1041.39
2025-12-20,MET-002,Prospeccao Interesses,Meta Ads,Leads,Interesses,Norte,Mobile,20505,325,21,2,1,704.25,1467.2,965.95
2025-12-20,MET-003,Publico Lookalike,Meta Ads,Leads,Semelhantes,Nordeste,Mobile,17641,371,35,4,4,699.4,2404.18,974.16
2025-12-20,LNK-001,Demo B2B,LinkedIn Ads,Leads,Decisores B2B,Centro-Oeste,Mobile,7289,71,12,3,2,681.58,10627.63,714.42
2025-12-20,LNK-002,Webinar Executivo,LinkedIn Ads,Leads,Liderancas,Sul,Mobile,5441,61,6,0,0,420.9,0.0,658.89
2025-12-20,TTK-001,Video Descoberta,TikTok Ads,Alcance,Publico jovem,Nordeste,Desktop,36290,621,26,4,4,722.41,2205.52,991.12
2025-12-20,TTK-002,Criadores e Reviews,TikTok Ads,Conversoes,Engajados,Sudeste,Desktop,35365,831,50,6,4,1269.05,3438.37,1349.24
2025-12-20,EML-001,Oferta Base Ativa,Email Marketing,Receita,Clientes ativos,Centro-Oeste,Mobile,22540,2560,602,69,9,806.8,36984.74,883.2
2025-12-20,EML-002,Nutricao de Leads,Email Marketing,Conversoes,Leads em nutricao,Nordeste,Desktop,19375,1592,220,20,7,646.7,12357.5,627.6
2025-12-21,GGL-001,Pesquisa Marca,Google Ads,Conversoes,Alta intencao,Sul,Mobile,3520,185,37,11,10,489.87,10668.74,952.56
2025-12-21,GGL-002,Pesquisa Generica,Google Ads,Conversoes,Intencao ampla,Sul,Mobile,6439,275,19,3,2,1157.64,3049.68,1404.35
2025-12-21,GGL-003,Performance Max,Google Ads,Receita,Multicanal,Nordeste,Mobile,10372,311,28,7,6,1013.73,5845.76,1114.07
2025-12-21,MET-001,Remarketing Social,Meta Ads,Conversoes,Visitantes do site,Sul,Mobile,15921,419,54,11,2,722.18,7649.64,1041.39
2025-12-21,MET-002,Prospeccao Interesses,Meta Ads,Leads,Interesses,Sudeste,Desktop,23496,367,28,3,3,812.26,1852.12,965.95
2025-12-21,MET-003,Publico Lookalike,Meta Ads,Leads,Semelhantes,Centro-Oeste,Mobile,21853,427,30,6,4,912.81,4664.98,974.16
2025-12-21,LNK-001,Demo B2B,LinkedIn Ads,Leads,Decisores B2B,Nordeste,Mobile,8004,71,7,2,2,800.56,5720.48,714.42
2025-12-21,LNK-002,Webinar Executivo,LinkedIn Ads,Leads,Liderancas,Sudeste,Mobile,5553,71,7,1,1,596.54,2798.69,658.89
2025-12-21,TTK-001,Video Descoberta,TikTok Ads,Alcance,Publico jovem,Sudeste,Mobile,35763,650,21,3,3,665.62,1468.7,991.12
2025-12-21,TTK-002,Criadores e Reviews,TikTok Ads,Conversoes,Engajados,Norte,Desktop,29875,645,35,4,4,1014.08,2188.56,1349.24
2025-12-21,EML-001,Oferta Base Ativa,Email Marketing,Receita,Clientes ativos,Nordeste,Desktop,23866,3230,524,74,13,900.32,41959.09,883.2
2025-12-21,EML-002,Nutricao de Leads,Email Marketing,Conversoes,Leads em nutricao,Sudeste,Desktop,17990,1355,181,21,9,595.3,13266.02,627.6
2025-12-22,GGL-001,Pesquisa Marca,Google Ads,Conversoes,Alta intencao,Sudeste,Desktop,5899,293,42,12,5,860.81,9441.81,952.56
2025-12-22,GGL-002,Pesquisa Generica,Google Ads,Conversoes,Intencao ampla,Sul,Mobile,10088,367,30,5,4,1480.73,5816.61,1404.35
2025-12-22,GGL-003,Performance Max,Google Ads,Receita,Multicanal,Sudeste,Desktop,15639,365,30,5,3,1283.74,4275.39,1114.07
2025-12-22,MET-001,Remarketing Social,Meta Ads,Conversoes,Visitantes do site,Sudeste,Mobile,18919,489,45,8,6,883.61,5737.32,1041.39
2025-12-22,MET-002,Prospeccao Interesses,Meta Ads,Leads,Interesses,Nordeste,Mobile,28752,484,43,4,4,1045.14,2368.23,965.95
2025-12-22,MET-003,Publico Lookalike,Meta Ads,Leads,Semelhantes,Sudeste,Desktop,22805,506,59,12,8,1035.68,7478.35,974.16
2025-12-22,LNK-001,Demo B2B,LinkedIn Ads,Leads,Decisores B2B,Centro-Oeste,Mobile,9292,96,14,2,2,846.89,6037.62,714.42
2025-12-22,LNK-002,Webinar Executivo,LinkedIn Ads,Leads,Liderancas,Norte,Mobile,8759,106,24,4,3,986.24,9201.7,658.89
2025-12-22,TTK-001,Video Descoberta,TikTok Ads,Alcance,Publico jovem,Sudeste,Mobile,41053,803,32,0,0,862.05,0.0,991.12
2025-12-22,TTK-002,Criadores e Reviews,TikTok Ads,Conversoes,Engajados,Sudeste,Desktop,31009,674,39,5,5,1117.99,2509.36,1349.24
2025-12-22,EML-001,Oferta Base Ativa,Email Marketing,Receita,Clientes ativos,Sudeste,Mobile,28210,3070,599,65,4,971.2,34060.54,883.2
2025-12-22,EML-002,Nutricao de Leads,Email Marketing,Conversoes,Leads em nutricao,Norte,Mobile,20090,1664,238,27,10,668.2,13478.4,627.6
2025-12-23,GGL-001,Pesquisa Marca,Google Ads,Conversoes,Alta intencao,Sudeste,Mobile,5334,371,49,14,10,1208.15,14687.92,952.56
2025-12-23,GGL-002,Pesquisa Generica,Google Ads,Conversoes,Intencao ampla,Sudeste,Mobile,8976,453,56,15,12,1927.53,15128.09,1404.35
2025-12-23,GGL-003,Performance Max,Google Ads,Receita,Multicanal,Sul,Mobile,15192,431,37,6,6,1455.73,5755.48,1114.07
2025-12-23,MET-001,Remarketing Social,Meta Ads,Conversoes,Visitantes do site,Nordeste,Mobile,22396,659,96,26,12,1165.44,14601.6,1041.39
2025-12-23,MET-002,Prospeccao Interesses,Meta Ads,Leads,Interesses,Sul,Tablet,37288,557,32,2,1,1192.4,1761.14,965.95
2025-12-23,MET-003,Publico Lookalike,Meta Ads,Leads,Semelhantes,Nordeste,Mobile,28256,591,54,4,3,1200.37,3279.62,974.16
2025-12-23,LNK-001,Demo B2B,LinkedIn Ads,Leads,Decisores B2B,Sul,Desktop,9844,89,8,0,0,857.95,0.0,714.42
2025-12-23,LNK-002,Webinar Executivo,LinkedIn Ads,Leads,Liderancas,Nordeste,Mobile,8544,128,9,0,0,1061.26,0.0,658.89
2025-12-23,TTK-001,Video Descoberta,TikTok Ads,Alcance,Publico jovem,Nordeste,Desktop,49436,1064,33,4,4,1147.41,1766.45,991.12
2025-12-23,TTK-002,Criadores e Reviews,TikTok Ads,Conversoes,Engajados,Sul,Mobile,37123,1005,53,3,3,1407.82,1527.62,1349.24
2025-12-23,EML-001,Oferta Base Ativa,Email Marketing,Receita,Clientes ativos,Sudeste,Mobile,23631,2621,414,48,2,834.72,31258.25,883.2
2025-12-23,EML-002,Nutricao de Leads,Email Marketing,Conversoes,Leads em nutricao,Nordeste,Mobile,25265,1788,203,14,7,784.1,7312.19,627.6
2025-12-24,GGL-001,Pesquisa Marca,Google Ads,Conversoes,Alta intencao,Nordeste,Mobile,4992,369,53,12,8,1074.61,13112.54,952.56
2025-12-24,GGL-002,Pesquisa Generica,Google Ads,Conversoes,Intencao ampla,Sudeste,Mobile,9034,355,31,6,5,1518.92,6989.31,1404.35
2025-12-24,GGL-003,Performance Max,Google Ads,Receita,Multicanal,Sul,Mobile,15268,390,32,2,2,1314.35,1746.68,1114.07
2025-12-24,MET-001,Remarketing Social,Meta Ads,Conversoes,Visitantes do site,Sudeste,Tablet,24447,738,93,27,9,1258.74,16531.08,1041.39
2025-12-24,MET-002,Prospeccao Interesses,Meta Ads,Leads,Interesses,Sudeste,Mobile,35219,540,34,3,3,1281.83,1987.63,965.95
2025-12-24,MET-003,Publico Lookalike,Meta Ads,Leads,Semelhantes,Nordeste,Mobile,26289,530,43,5,5,1155.79,3615.06,974.16
2025-12-24,LNK-001,Demo B2B,LinkedIn Ads,Leads,Decisores B2B,Nordeste,Mobile,9264,97,7,0,0,953.35,0.0,714.42
2025-12-24,LNK-002,Webinar Executivo,LinkedIn Ads,Leads,Liderancas,Sul,Desktop,8099,103,7,2,2,833.43,4768.89,658.89
2025-12-24,TTK-001,Video Descoberta,TikTok Ads,Alcance,Publico jovem,Sudeste,Desktop,60081,1020,42,4,4,1145.96,1922.69,991.12
2025-12-24,TTK-002,Criadores e Reviews,TikTok Ads,Conversoes,Engajados,Sul,Mobile,38623,966,64,7,7,1454.77,4154.91,1349.24
2025-12-24,EML-001,Oferta Base Ativa,Email Marketing,Receita,Clientes ativos,Sudeste,Mobile,26159,3063,578,83,8,929.48,41693.77,883.2
2025-12-24,EML-002,Nutricao de Leads,Email Marketing,Conversoes,Leads em nutricao,Nordeste,Mobile,24155,2039,237,24,12,787.0,18945.89,627.6
2025-12-25,GGL-001,Pesquisa Marca,Google Ads,Conversoes,Alta intencao,Nordeste,Desktop,5528,414,58,17,9,1008.59,17170.7,952.56
2025-12-25,GGL-002,Pesquisa Generica,Google Ads,Conversoes,Intencao ampla,Nordeste,Desktop,9456,344,32,3,1,1474.67,3032.55,1404.35
2025-12-25,GGL-003,Performance Max,Google Ads,Receita,Multicanal,Nordeste,Mobile,14629,386,30,8,5,1321.01,6916.25,1114.07
2025-12-25,MET-001,Remarketing Social,Meta Ads,Conversoes,Visitantes do site,Sudeste,Desktop,28436,985,139,37,13,1657.4,28160.71,1041.39
2025-12-25,MET-002,Prospeccao Interesses,Meta Ads,Leads,Interesses,Sudeste,Mobile,22784,329,21,4,4,753.86,3139.05,965.95
2025-12-25,MET-003,Publico Lookalike,Meta Ads,Leads,Semelhantes,Sudeste,Mobile,25951,519,46,11,10,1145.09,7424.05,974.16
2025-12-25,LNK-001,Demo B2B,LinkedIn Ads,Leads,Decisores B2B,Sudeste,Mobile,9340,96,12,2,2,863.42,8541.99,714.42
2025-12-25,LNK-002,Webinar Executivo,LinkedIn Ads,Leads,Liderancas,Nordeste,Mobile,6355,96,10,2,2,828.19,4895.41,658.89
2025-12-25,TTK-001,Video Descoberta,TikTok Ads,Alcance,Publico jovem,Nordeste,Mobile,42750,904,34,3,2,1043.84,1422.91,991.12
2025-12-25,TTK-002,Criadores e Reviews,TikTok Ads,Conversoes,Engajados,Sudeste,Mobile,39112,1072,69,9,6,1816.78,5702.91,1349.24
2025-12-25,EML-001,Oferta Base Ativa,Email Marketing,Receita,Clientes ativos,Centro-Oeste,Mobile,31959,4129,706,70,7,1152.08,44636.42,883.2
2025-12-25,EML-002,Nutricao de Leads,Email Marketing,Conversoes,Leads em nutricao,Sudeste,Mobile,21354,1946,242,25,11,721.68,18285.45,627.6
2025-12-26,GGL-001,Pesquisa Marca,Google Ads,Conversoes,Alta intencao,Norte,Desktop,5312,306,43,13,11,864.61,12890.0,952.56
2025-12-26,GGL-002,Pesquisa Generica,Google Ads,Conversoes,Intencao ampla,Nordeste,Mobile,9590,430,38,1,1,1850.44,764.4,1404.35
2025-12-26,GGL-003,Performance Max,Google Ads,Receita,Multicanal,Sudeste,Mobile,12671,317,24,5,3,1002.35,5263.84,1114.07
2025-12-26,MET-001,Remarketing Social,Meta Ads,Conversoes,Visitantes do site,Centro-Oeste,Mobile,25923,637,90,24,11,1016.96,16977.59,1041.39
2025-12-26,MET-002,Prospeccao Interesses,Meta Ads,Leads,Interesses,Sudeste,Desktop,30518,512,38,3,1,1117.21,1986.26,965.95
2025-12-26,MET-003,Publico Lookalike,Meta Ads,Leads,Semelhantes,Sudeste,Desktop,30852,542,43,8,8,963.11,5354.82,974.16
2025-12-26,LNK-001,Demo B2B,LinkedIn Ads,Leads,Decisores B2B,Sul,Desktop,11594,109,10,0,0,991.9,0.0,714.42
2025-12-26,LNK-002,Webinar Executivo,LinkedIn Ads,Leads,Liderancas,Nordeste,Mobile,7262,100,11,0,0,827.31,0.0,658.89
2025-12-26,TTK-001,Video Descoberta,TikTok Ads,Alcance,Publico jovem,Sudeste,Mobile,43284,858,48,8,6,1059.31,3708.71,991.12
2025-12-26,TTK-002,Criadores e Reviews,TikTok Ads,Conversoes,Engajados,Sudeste,Tablet,33296,901,43,5,4,1372.24,2401.98,1349.24
2025-12-26,EML-001,Oferta Base Ativa,Email Marketing,Receita,Clientes ativos,Nordeste,Mobile,26798,2876,626,84,11,923.56,54037.34,883.2
2025-12-26,EML-002,Nutricao de Leads,Email Marketing,Conversoes,Leads em nutricao,Nordeste,Mobile,24293,1929,236,18,7,778.76,11529.36,627.6
2025-12-27,GGL-001,Pesquisa Marca,Google Ads,Conversoes,Alta intencao,Sudeste,Tablet,4183,312,43,15,12,934.85,12094.39,952.56
2025-12-27,GGL-002,Pesquisa Generica,Google Ads,Conversoes,Intencao ampla,Sul,Desktop,6320,298,28,11,9,1316.87,9328.95,1404.35
2025-12-27,GGL-003,Performance Max,Google Ads,Receita,Multicanal,Sudeste,Desktop,9865,195,14,1,1,649.86,900.37,1114.07
2025-12-27,MET-001,Remarketing Social,Meta Ads,Conversoes,Visitantes do site,Sudeste,Mobile,16337,513,62,11,4,929.67,7707.1,1041.39
2025-12-27,MET-002,Prospeccao Interesses,Meta Ads,Leads,Interesses,Sudeste,Mobile,26803,434,37,4,4,836.41,2809.21,965.95
2025-12-27,MET-003,Publico Lookalike,Meta Ads,Leads,Semelhantes,Sudeste,Mobile,19724,386,41,8,7,804.61,6144.17,974.16
2025-12-27,LNK-001,Demo B2B,LinkedIn Ads,Leads,Decisores B2B,Sudeste,Mobile,7491,61,6,1,1,588.63,3726.53,714.42
2025-12-27,LNK-002,Webinar Executivo,LinkedIn Ads,Leads,Liderancas,Sudeste,Desktop,5796,66,4,0,0,527.86,0.0,658.89
2025-12-27,TTK-001,Video Descoberta,TikTok Ads,Alcance,Publico jovem,Sudeste,Desktop,41779,894,30,4,4,1017.82,1731.21,991.12
2025-12-27,TTK-002,Criadores e Reviews,TikTok Ads,Conversoes,Engajados,Sudeste,Mobile,31876,852,33,5,3,1221.99,3246.96,1349.24
2025-12-27,EML-001,Oferta Base Ativa,Email Marketing,Receita,Clientes ativos,Sudeste,Mobile,21755,2340,441,59,5,769.1,37975.28,883.2
2025-12-27,EML-002,Nutricao de Leads,Email Marketing,Conversoes,Leads em nutricao,Sudeste,Mobile,18076,1579,229,12,4,619.42,6321.03,627.6
2025-12-28,GGL-001,Pesquisa Marca,Google Ads,Conversoes,Alta intencao,Sudeste,Mobile,3176,185,32,13,11,591.53,12154.95,952.56
2025-12-28,GGL-002,Pesquisa Generica,Google Ads,Conversoes,Intencao ampla,Sudeste,Tablet,7159,286,27,10,10,1186.25,10690.39,1404.35
2025-12-28,GGL-003,Performance Max,Google Ads,Receita,Multicanal,Centro-Oeste,Mobile,10831,313,35,11,9,1052.21,10142.79,1114.07
2025-12-28,MET-001,Remarketing Social,Meta Ads,Conversoes,Visitantes do site,Sul,Desktop,16583,605,71,10,6,1100.95,7202.57,1041.39
2025-12-28,MET-002,Prospeccao Interesses,Meta Ads,Leads,Interesses,Sudeste,Desktop,27420,488,25,4,3,1007.21,2152.8,965.95
2025-12-28,MET-003,Publico Lookalike,Meta Ads,Leads,Semelhantes,Sul,Mobile,16830,403,40,7,6,844.7,5399.52,974.16
2025-12-28,LNK-001,Demo B2B,LinkedIn Ads,Leads,Decisores B2B,Centro-Oeste,Mobile,6282,58,7,0,0,568.16,0.0,714.42
2025-12-28,LNK-002,Webinar Executivo,LinkedIn Ads,Leads,Liderancas,Sul,Tablet,5892,75,8,1,1,578.71,2202.7,658.89
2025-12-28,TTK-001,Video Descoberta,TikTok Ads,Alcance,Publico jovem,Nordeste,Mobile,38142,758,25,2,2,809.52,935.5,991.12
2025-12-28,TTK-002,Criadores e Reviews,TikTok Ads,Conversoes,Engajados,Norte,Mobile,26802,687,30,3,3,985.87,1657.55,1349.24
2025-12-28,EML-001,Oferta Base Ativa,Email Marketing,Receita,Clientes ativos,Centro-Oeste,Mobile,20881,2309,406,48,6,748.52,33842.93,883.2
2025-12-28,EML-002,Nutricao de Leads,Email Marketing,Conversoes,Leads em nutricao,Sudeste,Mobile,16826,1366,204,9,2,573.12,4492.8,627.6
2025-12-29,GGL-001,Pesquisa Marca,Google Ads,Conversoes,Alta intencao,Sul,Desktop,5785,392,53,16,9,1200.58,12704.52,952.56
2025-12-29,GGL-002,Pesquisa Generica,Google Ads,Conversoes,Intencao ampla,Sudeste,Desktop,10688,385,48,10,9,1722.16,9832.94,1404.35
2025-12-29,GGL-003,Performance Max,Google Ads,Receita,Multicanal,Norte,Desktop,14419,344,26,0,0,1259.25,0.0,1114.07
2025-12-29,MET-001,Remarketing Social,Meta Ads,Conversoes,Visitantes do site,Sul,Desktop,22706,526,54,18,6,893.23,11929.98,1041.39
2025-12-29,MET-002,Prospeccao Interesses,Meta Ads,Leads,Interesses,Nordeste,Desktop,32054,571,29,8,7,1312.66,5114.88,965.95
2025-12-29,MET-003,Publico Lookalike,Meta Ads,Leads,Semelhantes,Nordeste,Mobile,27519,639,50,11,11,1390.84,7558.85,974.16
2025-12-29,LNK-001,Demo B2B,LinkedIn Ads,Leads,Decisores B2B,Sudeste,Mobile,8731,89,9,1,1,887.5,3191.2,714.42
2025-12-29,LNK-002,Webinar Executivo,LinkedIn Ads,Leads,Liderancas,Nordeste,Desktop,7610,84,8,1,1,696.34,2418.05,658.89
2025-12-29,TTK-001,Video Descoberta,TikTok Ads,Alcance,Publico jovem,Norte,Mobile,46513,944,31,3,2,1055.9,1371.93,991.12
2025-12-29,TTK-002,Criadores e Reviews,TikTok Ads,Conversoes,Engajados,Sudeste,Desktop,37061,972,58,7,7,1490.23,3793.69,1349.24
2025-12-29,EML-001,Oferta Base Ativa,Email Marketing,Receita,Clientes ativos,Sudeste,Desktop,25640,3012,550,54,9,914.0,44961.19,883.2
2025-12-29,EML-002,Nutricao de Leads,Email Marketing,Conversoes,Leads em nutricao,Nordeste,Mobile,23257,2040,220,23,6,769.14,13820.05,627.6
2025-12-30,GGL-001,Pesquisa Marca,Google Ads,Conversoes,Alta intencao,Sudeste,Mobile,5799,296,50,24,21,893.77,16298.55,952.56
2025-12-30,GGL-002,Pesquisa Generica,Google Ads,Conversoes,Intencao ampla,Sul,Mobile,8466,371,32,11,11,1565.99,10597.27,1404.35
2025-12-30,GGL-003,Performance Max,Google Ads,Receita,Multicanal,Nordeste,Mobile,15791,371,28,4,3,1375.12,3996.59,1114.07
2025-12-30,MET-001,Remarketing Social,Meta Ads,Conversoes,Visitantes do site,Sudeste,Mobile,25804,741,89,21,15,1309.55,13076.25,1041.39
2025-12-30,MET-002,Prospeccao Interesses,Meta Ads,Leads,Interesses,Sul,Tablet,38187,682,45,10,8,1451.08,7736.46,965.95
2025-12-30,MET-003,Publico Lookalike,Meta Ads,Leads,Semelhantes,Norte,Mobile,27445,486,38,9,7,908.77,6165.95,974.16
2025-12-30,LNK-001,Demo B2B,LinkedIn Ads,Leads,Decisores B2B,Sudeste,Mobile,9456,76,6,1,1,713.53,3269.13,714.42
2025-12-30,LNK-002,Webinar Executivo,LinkedIn Ads,Leads,Liderancas,Sudeste,Mobile,7045,96,7,1,1,840.53,2430.18,658.89
2025-12-30,TTK-001,Video Descoberta,TikTok Ads,Alcance,Publico jovem,Sul,Mobile,52219,1000,33,4,3,1125.51,2042.92,991.12
2025-12-30,TTK-002,Criadores e Reviews,TikTok Ads,Conversoes,Engajados,Norte,Desktop,34355,825,53,2,2,1308.35,893.5,1349.24
2025-12-30,EML-001,Oferta Base Ativa,Email Marketing,Receita,Clientes ativos,Sudeste,Desktop,26016,2978,507,55,3,918.12,31219.36,883.2
2025-12-30,EML-002,Nutricao de Leads,Email Marketing,Conversoes,Leads em nutricao,Nordeste,Mobile,18287,1302,142,16,7,595.94,8884.6,627.6
2025-12-31,GGL-001,Pesquisa Marca,Google Ads,Conversoes,Alta intencao,Sudeste,Mobile,5494,375,59,24,15,1075.61,20270.65,952.56
2025-12-31,GGL-002,Pesquisa Generica,Google Ads,Conversoes,Intencao ampla,Sul,Mobile,8199,379,44,16,13,1815.36,16486.69,1404.35
2025-12-31,GGL-003,Performance Max,Google Ads,Receita,Multicanal,Nordeste,Mobile,14726,348,20,4,4,1318.64,3677.01,1114.07
2025-12-31,MET-001,Remarketing Social,Meta Ads,Conversoes,Visitantes do site,Sudeste,Mobile,23610,766,74,18,7,1260.65,11249.2,1041.39
2025-12-31,MET-002,Prospeccao Interesses,Meta Ads,Leads,Interesses,Sudeste,Mobile,32937,533,43,1,1,1158.15,727.54,965.95
2025-12-31,MET-003,Publico Lookalike,Meta Ads,Leads,Semelhantes,Sudeste,Desktop,31598,688,50,17,12,1495.99,11737.4,974.16
2025-12-31,LNK-001,Demo B2B,LinkedIn Ads,Leads,Decisores B2B,Nordeste,Mobile,7407,61,8,1,1,584.75,3515.2,714.42
2025-12-31,LNK-002,Webinar Executivo,LinkedIn Ads,Leads,Liderancas,Sudeste,Mobile,7099,105,19,1,1,835.4,2746.48,658.89
2025-12-31,TTK-001,Video Descoberta,TikTok Ads,Alcance,Publico jovem,Sul,Mobile,46700,1014,34,3,3,1259.96,1426.88,991.12
2025-12-31,TTK-002,Criadores e Reviews,TikTok Ads,Conversoes,Engajados,Centro-Oeste,Mobile,40045,1028,45,9,7,1619.17,3795.72,1349.24
2025-12-31,EML-001,Oferta Base Ativa,Email Marketing,Receita,Clientes ativos,Sudeste,Mobile,22829,2840,632,53,3,840.58,36006.69,883.2
2025-12-31,EML-002,Nutricao de Leads,Email Marketing,Conversoes,Leads em nutricao,Sudeste,Mobile,23056,1859,218,20,9,747.02,11905.68,627.6
